source_path,api_kind,product,platform,version,generator_hint,target_strategy,target_path,status,risk,blocker,notes
docs-api-reference/agora-product/classroom-api.mdx,api-reference-mdx,agora-product,,,hand-authored-api-mdx,migrate as authored API reference Markdown after IA confirmation,,blocked,high,API Reference ownership/source strategy must be confirmed before assigning final target path.,generated=2026-07-02T10:27:25.467Z
docs-api-reference/agora-product/sample-api.mdx,api-reference-mdx,agora-product,,,hand-authored-api-mdx,migrate as authored API reference Markdown after IA confirmation,,blocked,high,API Reference ownership/source strategy must be confirmed before assigning final target path.,generated=2026-07-02T10:27:25.467Z
docs-api-reference/agora-product/scenario-api.mdx,api-reference-mdx,agora-product,,,hand-authored-api-mdx,migrate as authored API reference Markdown after IA confirmation,,blocked,high,API Reference ownership/source strategy must be confirmed before assigning final target path.,generated=2026-07-02T10:27:25.467Z
docs-api-reference/aigc/aigcservice.android.mdx,api-reference-mdx,aigc,android,,hand-authored-api-mdx,migrate as authored API reference Markdown after IA confirmation,,blocked,high,API Reference ownership/source strategy must be confirmed before assigning final target path.,generated=2026-07-02T10:27:25.467Z
docs-api-reference/aigc/aigcservice.ios.mdx,api-reference-mdx,aigc,ios,,hand-authored-api-mdx,migrate as authored API reference Markdown after IA confirmation,,blocked,high,API Reference ownership/source strategy must be confirmed before assigning final target path.,generated=2026-07-02T10:27:25.467Z
docs-api-reference/cloud-recording/go-api/baseresponse.go.mdx,api-reference-mdx,cloud-recording,go,,hand-authored-api-mdx,migrate as authored API reference Markdown after IA confirmation,content/docs/zh-CN/api-reference/cloud-recording/go-api/baseresponse.go.mdx,needs_review,medium,,generated=2026-07-02T10:27:25.467Z
docs-api-reference/cloud-recording/go-api/basicauthcredential.go.mdx,api-reference-mdx,cloud-recording,go,,hand-authored-api-mdx,migrate as authored API reference Markdown after IA confirmation,content/docs/zh-CN/api-reference/cloud-recording/go-api/basicauthcredential.go.mdx,needs_review,medium,,generated=2026-07-02T10:27:25.467Z
docs-api-reference/cloud-recording/go-api/client.go.mdx,api-reference-mdx,cloud-recording,go,,hand-authored-api-mdx,migrate as authored API reference Markdown after IA confirmation,content/docs/zh-CN/api-reference/cloud-recording/go-api/client.go.mdx,needs_review,medium,,generated=2026-07-02T10:27:25.467Z
docs-api-reference/cloud-recording/go-api/enum.go.mdx,api-reference-mdx,cloud-recording,go,,hand-authored-api-mdx,migrate as authored API reference Markdown after IA confirmation,content/docs/zh-CN/api-reference/cloud-recording/go-api/enum.go.mdx,needs_review,medium,,generated=2026-07-02T10:27:25.467Z
docs-api-reference/cloud-recording/go-api/individualrecording.go.mdx,api-reference-mdx,cloud-recording,go,,hand-authored-api-mdx,migrate as authored API reference Markdown after IA confirmation,content/docs/zh-CN/api-reference/cloud-recording/go-api/individualrecording.go.mdx,needs_review,medium,,generated=2026-07-02T10:27:25.467Z
docs-api-reference/cloud-recording/go-api/mixrecording.go.mdx,api-reference-mdx,cloud-recording,go,,hand-authored-api-mdx,migrate as authored API reference Markdown after IA confirmation,content/docs/zh-CN/api-reference/cloud-recording/go-api/mixrecording.go.mdx,needs_review,medium,,generated=2026-07-02T10:27:25.467Z
docs-api-reference/cloud-recording/go-api/overview.go.mdx,api-reference-mdx,cloud-recording,go,,hand-authored-api-mdx,migrate as authored API reference Markdown after IA confirmation,content/docs/zh-CN/api-reference/cloud-recording/go-api/overview.go.mdx,needs_review,medium,,generated=2026-07-02T10:27:25.467Z
docs-api-reference/cloud-recording/go-api/response.go.mdx,api-reference-mdx,cloud-recording,go,,hand-authored-api-mdx,migrate as authored API reference Markdown after IA confirmation,content/docs/zh-CN/api-reference/cloud-recording/go-api/response.go.mdx,needs_review,medium,,generated=2026-07-02T10:27:25.467Z
docs-api-reference/cloud-recording/go-api/samplelogger.go.mdx,api-reference-mdx,cloud-recording,go,,hand-authored-api-mdx,migrate as authored API reference Markdown after IA confirmation,content/docs/zh-CN/api-reference/cloud-recording/go-api/samplelogger.go.mdx,needs_review,medium,,generated=2026-07-02T10:27:25.467Z
docs-api-reference/cloud-recording/go-api/struct.go.mdx,api-reference-mdx,cloud-recording,go,,hand-authored-api-mdx,migrate as authored API reference Markdown after IA confirmation,content/docs/zh-CN/api-reference/cloud-recording/go-api/struct.go.mdx,needs_review,medium,,generated=2026-07-02T10:27:25.467Z
docs-api-reference/cloud-recording/go-api/webrecording.go.mdx,api-reference-mdx,cloud-recording,go,,hand-authored-api-mdx,migrate as authored API reference Markdown after IA confirmation,content/docs/zh-CN/api-reference/cloud-recording/go-api/webrecording.go.mdx,needs_review,medium,,generated=2026-07-02T10:27:25.467Z
docs-api-reference/cloud-recording/java-api/basicauthcredential.java.mdx,api-reference-mdx,cloud-recording,java,,hand-authored-api-mdx,migrate as authored API reference Markdown after IA confirmation,content/docs/zh-CN/api-reference/cloud-recording/java-api/basicauthcredential.java.mdx,needs_review,medium,,generated=2026-07-02T10:27:25.467Z
docs-api-reference/cloud-recording/java-api/cloudrecordingclient.java.mdx,api-reference-mdx,cloud-recording,java,,hand-authored-api-mdx,migrate as authored API reference Markdown after IA confirmation,content/docs/zh-CN/api-reference/cloud-recording/java-api/cloudrecordingclient.java.mdx,needs_review,medium,,generated=2026-07-02T10:27:25.467Z
docs-api-reference/cloud-recording/java-api/enum.java.mdx,api-reference-mdx,cloud-recording,java,,hand-authored-api-mdx,migrate as authored API reference Markdown after IA confirmation,content/docs/zh-CN/api-reference/cloud-recording/java-api/enum.java.mdx,needs_review,medium,,generated=2026-07-02T10:27:25.467Z
docs-api-reference/cloud-recording/java-api/individualscenario.java.mdx,api-reference-mdx,cloud-recording,java,,hand-authored-api-mdx,migrate as authored API reference Markdown after IA confirmation,content/docs/zh-CN/api-reference/cloud-recording/java-api/individualscenario.java.mdx,needs_review,medium,,generated=2026-07-02T10:27:25.467Z
docs-api-reference/cloud-recording/java-api/mixscenario.java.mdx,api-reference-mdx,cloud-recording,java,,hand-authored-api-mdx,migrate as authored API reference Markdown after IA confirmation,content/docs/zh-CN/api-reference/cloud-recording/java-api/mixscenario.java.mdx,needs_review,medium,,generated=2026-07-02T10:27:25.467Z
docs-api-reference/cloud-recording/java-api/overview.java.mdx,api-reference-mdx,cloud-recording,java,,hand-authored-api-mdx,migrate as authored API reference Markdown after IA confirmation,content/docs/zh-CN/api-reference/cloud-recording/java-api/overview.java.mdx,needs_review,medium,,generated=2026-07-02T10:27:25.467Z
docs-api-reference/cloud-recording/java-api/struct.java.mdx,api-reference-mdx,cloud-recording,java,,hand-authored-api-mdx,migrate as authored API reference Markdown after IA confirmation,content/docs/zh-CN/api-reference/cloud-recording/java-api/struct.java.mdx,needs_review,medium,,generated=2026-07-02T10:27:25.467Z
docs-api-reference/cloud-recording/java-api/webscenario.java.mdx,api-reference-mdx,cloud-recording,java,,hand-authored-api-mdx,migrate as authored API reference Markdown after IA confirmation,content/docs/zh-CN/api-reference/cloud-recording/java-api/webscenario.java.mdx,needs_review,medium,,generated=2026-07-02T10:27:25.467Z
docs-api-reference/convoai/agent-sdk-api/overview.agent-go.mdx,api-reference-mdx,convoai,agent-go,,hand-authored-api-mdx,migrate as authored API reference Markdown after IA confirmation,content/docs/zh-CN/api-reference/conversational-ai/agent-sdk-api/overview.agent-go.mdx,needs_review,medium,,generated=2026-07-02T10:27:25.467Z
docs-api-reference/convoai/agent-sdk-api/overview.agent-python.mdx,api-reference-mdx,convoai,agent-python,,hand-authored-api-mdx,migrate as authored API reference Markdown after IA confirmation,content/docs/zh-CN/api-reference/conversational-ai/agent-sdk-api/overview.agent-python.mdx,needs_review,medium,,generated=2026-07-02T10:27:25.467Z
docs-api-reference/convoai/agent-sdk-api/overview.agent-typescript.mdx,api-reference-mdx,convoai,agent-typescript,,hand-authored-api-mdx,migrate as authored API reference Markdown after IA confirmation,content/docs/zh-CN/api-reference/conversational-ai/agent-sdk-api/overview.agent-typescript.mdx,needs_review,medium,,generated=2026-07-02T10:27:25.467Z
docs-api-reference/convoai/android-component/enum.android.mdx,api-reference-mdx,convoai,android,,hand-authored-api-mdx,migrate as authored API reference Markdown after IA confirmation,content/docs/zh-CN/api-reference/conversational-ai/android-component/enum.android.mdx,needs_review,medium,,generated=2026-07-02T10:27:25.467Z
docs-api-reference/convoai/android-component/iconversationalaiapi.android.mdx,api-reference-mdx,convoai,android,,hand-authored-api-mdx,migrate as authored API reference Markdown after IA confirmation,content/docs/zh-CN/api-reference/conversational-ai/android-component/iconversationalaiapi.android.mdx,needs_review,medium,,generated=2026-07-02T10:27:25.467Z
docs-api-reference/convoai/android-component/iconversationalaiapieventhandler.android.mdx,api-reference-mdx,convoai,android,,hand-authored-api-mdx,migrate as authored API reference Markdown after IA confirmation,content/docs/zh-CN/api-reference/conversational-ai/android-component/iconversationalaiapieventhandler.android.mdx,needs_review,medium,,generated=2026-07-02T10:27:25.467Z
docs-api-reference/convoai/android-component/overview.android.mdx,api-reference-mdx,convoai,android,,hand-authored-api-mdx,migrate as authored API reference Markdown after IA confirmation,content/docs/zh-CN/api-reference/conversational-ai/android-component/overview.android.mdx,needs_review,medium,,generated=2026-07-02T10:27:25.467Z
docs-api-reference/convoai/android-component/struct.android.mdx,api-reference-mdx,convoai,android,,hand-authored-api-mdx,migrate as authored API reference Markdown after IA confirmation,content/docs/zh-CN/api-reference/conversational-ai/android-component/struct.android.mdx,needs_review,medium,,generated=2026-07-02T10:27:25.467Z
docs-api-reference/convoai/go-api/baseresponse.go.mdx,api-reference-mdx,convoai,go,,hand-authored-api-mdx,migrate as authored API reference Markdown after IA confirmation,content/docs/zh-CN/api-reference/conversational-ai/go-api/baseresponse.go.mdx,needs_review,medium,,generated=2026-07-02T10:27:25.467Z
docs-api-reference/convoai/go-api/basicauthcredential.go.mdx,api-reference-mdx,convoai,go,,hand-authored-api-mdx,migrate as authored API reference Markdown after IA confirmation,content/docs/zh-CN/api-reference/conversational-ai/go-api/basicauthcredential.go.mdx,needs_review,medium,,generated=2026-07-02T10:27:25.467Z
docs-api-reference/convoai/go-api/client.go.mdx,api-reference-mdx,convoai,go,,hand-authored-api-mdx,migrate as authored API reference Markdown after IA confirmation,content/docs/zh-CN/api-reference/conversational-ai/go-api/client.go.mdx,needs_review,medium,,generated=2026-07-02T10:27:25.467Z
docs-api-reference/convoai/go-api/enum.go.mdx,api-reference-mdx,convoai,go,,hand-authored-api-mdx,migrate as authored API reference Markdown after IA confirmation,content/docs/zh-CN/api-reference/conversational-ai/go-api/enum.go.mdx,needs_review,medium,,generated=2026-07-02T10:27:25.467Z
docs-api-reference/convoai/go-api/listoptions.go.mdx,api-reference-mdx,convoai,go,,hand-authored-api-mdx,migrate as authored API reference Markdown after IA confirmation,content/docs/zh-CN/api-reference/conversational-ai/go-api/listoptions.go.mdx,needs_review,medium,,generated=2026-07-02T10:27:25.467Z
docs-api-reference/convoai/go-api/overview.go.mdx,api-reference-mdx,convoai,go,,hand-authored-api-mdx,migrate as authored API reference Markdown after IA confirmation,content/docs/zh-CN/api-reference/conversational-ai/go-api/overview.go.mdx,needs_review,medium,,generated=2026-07-02T10:27:25.467Z
docs-api-reference/convoai/go-api/response.go.mdx,api-reference-mdx,convoai,go,,hand-authored-api-mdx,migrate as authored API reference Markdown after IA confirmation,content/docs/zh-CN/api-reference/conversational-ai/go-api/response.go.mdx,needs_review,medium,,generated=2026-07-02T10:27:25.467Z
docs-api-reference/convoai/go-api/samplelogger.go.mdx,api-reference-mdx,convoai,go,,hand-authored-api-mdx,migrate as authored API reference Markdown after IA confirmation,content/docs/zh-CN/api-reference/conversational-ai/go-api/samplelogger.go.mdx,needs_review,medium,,generated=2026-07-02T10:27:25.467Z
docs-api-reference/convoai/go-api/struct.go.mdx,api-reference-mdx,convoai,go,,hand-authored-api-mdx,migrate as authored API reference Markdown after IA confirmation,content/docs/zh-CN/api-reference/conversational-ai/go-api/struct.go.mdx,needs_review,medium,,generated=2026-07-02T10:27:25.467Z
docs-api-reference/convoai/ios-component/conversationalaiapi.ios.mdx,api-reference-mdx,convoai,ios,,hand-authored-api-mdx,migrate as authored API reference Markdown after IA confirmation,content/docs/zh-CN/api-reference/conversational-ai/ios-component/conversationalaiapi.ios.mdx,needs_review,medium,,generated=2026-07-02T10:27:25.467Z
docs-api-reference/convoai/ios-component/conversationalaiapieventhandler.ios.mdx,api-reference-mdx,convoai,ios,,hand-authored-api-mdx,migrate as authored API reference Markdown after IA confirmation,content/docs/zh-CN/api-reference/conversational-ai/ios-component/conversationalaiapieventhandler.ios.mdx,needs_review,medium,,generated=2026-07-02T10:27:25.467Z
docs-api-reference/convoai/ios-component/enum.ios.mdx,api-reference-mdx,convoai,ios,,hand-authored-api-mdx,migrate as authored API reference Markdown after IA confirmation,content/docs/zh-CN/api-reference/conversational-ai/ios-component/enum.ios.mdx,needs_review,medium,,generated=2026-07-02T10:27:25.467Z
docs-api-reference/convoai/ios-component/overview.ios.mdx,api-reference-mdx,convoai,ios,,hand-authored-api-mdx,migrate as authored API reference Markdown after IA confirmation,content/docs/zh-CN/api-reference/conversational-ai/ios-component/overview.ios.mdx,needs_review,medium,,generated=2026-07-02T10:27:25.467Z
docs-api-reference/convoai/ios-component/struct.ios.mdx,api-reference-mdx,convoai,ios,,hand-authored-api-mdx,migrate as authored API reference Markdown after IA confirmation,content/docs/zh-CN/api-reference/conversational-ai/ios-component/struct.ios.mdx,needs_review,medium,,generated=2026-07-02T10:27:25.467Z
docs-api-reference/convoai/java-api/basicauthcredential.java.mdx,api-reference-mdx,convoai,java,,hand-authored-api-mdx,migrate as authored API reference Markdown after IA confirmation,content/docs/zh-CN/api-reference/conversational-ai/java-api/basicauthcredential.java.mdx,needs_review,medium,,generated=2026-07-02T10:27:25.467Z
docs-api-reference/convoai/java-api/convoaiclient.java.mdx,api-reference-mdx,convoai,java,,hand-authored-api-mdx,migrate as authored API reference Markdown after IA confirmation,content/docs/zh-CN/api-reference/conversational-ai/java-api/convoaiclient.java.mdx,needs_review,medium,,generated=2026-07-02T10:27:25.467Z
docs-api-reference/convoai/java-api/enum.java.mdx,api-reference-mdx,convoai,java,,hand-authored-api-mdx,migrate as authored API reference Markdown after IA confirmation,content/docs/zh-CN/api-reference/conversational-ai/java-api/enum.java.mdx,needs_review,medium,,generated=2026-07-02T10:27:25.467Z
docs-api-reference/convoai/java-api/overview.java.mdx,api-reference-mdx,convoai,java,,hand-authored-api-mdx,migrate as authored API reference Markdown after IA confirmation,content/docs/zh-CN/api-reference/conversational-ai/java-api/overview.java.mdx,needs_review,medium,,generated=2026-07-02T10:27:25.467Z
docs-api-reference/convoai/java-api/struct.java.mdx,api-reference-mdx,convoai,java,,hand-authored-api-mdx,migrate as authored API reference Markdown after IA confirmation,content/docs/zh-CN/api-reference/conversational-ai/java-api/struct.java.mdx,needs_review,medium,,generated=2026-07-02T10:27:25.467Z
docs-api-reference/convoai/web-component/conversationalaiapi.typescript.mdx,api-reference-mdx,convoai,typescript,,hand-authored-api-mdx,migrate as authored API reference Markdown after IA confirmation,content/docs/zh-CN/api-reference/conversational-ai/web-component/conversationalaiapi.typescript.mdx,needs_review,medium,,generated=2026-07-02T10:27:25.467Z
docs-api-reference/convoai/web-component/enum.typescript.mdx,api-reference-mdx,convoai,typescript,,hand-authored-api-mdx,migrate as authored API reference Markdown after IA confirmation,content/docs/zh-CN/api-reference/conversational-ai/web-component/enum.typescript.mdx,needs_review,medium,,generated=2026-07-02T10:27:25.467Z
docs-api-reference/convoai/web-component/overview.typescript.mdx,api-reference-mdx,convoai,typescript,,hand-authored-api-mdx,migrate as authored API reference Markdown after IA confirmation,content/docs/zh-CN/api-reference/conversational-ai/web-component/overview.typescript.mdx,needs_review,medium,,generated=2026-07-02T10:27:25.467Z
docs-api-reference/convoai/web-component/struct.typescript.mdx,api-reference-mdx,convoai,typescript,,hand-authored-api-mdx,migrate as authored API reference Markdown after IA confirmation,content/docs/zh-CN/api-reference/conversational-ai/web-component/struct.typescript.mdx,needs_review,medium,,generated=2026-07-02T10:27:25.467Z
docs-api-reference/dummy-product/test.ios.web.mdx,api-reference-mdx,dummy-product,ios|web,,hand-authored-api-mdx,migrate as authored API reference Markdown after IA confirmation,,blocked,high,API Reference ownership/source strategy must be confirmed before assigning final target path.,generated=2026-07-02T10:27:25.467Z
docs-api-reference/dummy-product/test.mdx,api-reference-mdx,dummy-product,,,hand-authored-api-mdx,migrate as authored API reference Markdown after IA confirmation,,blocked,high,API Reference ownership/source strategy must be confirmed before assigning final target path.,generated=2026-07-02T10:27:25.467Z
docs-api-reference/dummy-product/test/overload-method-card.mdx,api-reference-mdx,dummy-product,,,hand-authored-api-mdx,migrate as authored API reference Markdown after IA confirmation,,blocked,high,API Reference ownership/source strategy must be confirmed before assigning final target path.,generated=2026-07-02T10:27:25.467Z
docs-api-reference/dummy-product/toc-configuration/configuration.unity.mdx,api-reference-mdx-with-legacy-jsx,dummy-product,unity,,legacy-mdx-api-components,prefer structured API source or conservative Markdown rewrite after ownership review,,blocked,high,API Reference ownership/source strategy must be confirmed before assigning final target path.,generated=2026-07-02T10:27:25.467Z
docs-api-reference/fastboard/fastboard-api.ios.mdx,api-reference-mdx-with-legacy-jsx,fastboard,ios,,legacy-mdx-api-components,prefer structured API source or conservative Markdown rewrite after ownership review,content/docs/zh-CN/api-reference/whiteboard/fastboard-api.ios.mdx,blocked,high,API Reference ownership/source strategy must be confirmed before assigning final target path.,generated=2026-07-02T10:27:25.467Z
docs-api-reference/fastboard/fastboard-api.javascript.mdx,api-reference-mdx-with-legacy-jsx,fastboard,javascript,,legacy-mdx-api-components,prefer structured API source or conservative Markdown rewrite after ownership review,content/docs/zh-CN/api-reference/whiteboard/fastboard-api.javascript.mdx,blocked,high,API Reference ownership/source strategy must be confirmed before assigning final target path.,generated=2026-07-02T10:27:25.467Z
docs-api-reference/fastboard/fastboard-api.mdx,api-reference-mdx-with-legacy-jsx,fastboard,,,legacy-mdx-api-components,prefer structured API source or conservative Markdown rewrite after ownership review,content/docs/zh-CN/api-reference/whiteboard/fastboard-api.mdx,blocked,high,API Reference ownership/source strategy must be confirmed before assigning final target path.,generated=2026-07-02T10:27:25.467Z
docs-api-reference/flexible-classroom/classroom-sdk.android.mdx,api-reference-mdx-with-legacy-jsx,flexible-classroom,android,,legacy-mdx-api-components,prefer structured API source or conservative Markdown rewrite after ownership review,,blocked,high,API Reference ownership/source strategy must be confirmed before assigning final target path.,generated=2026-07-02T10:27:25.467Z
docs-api-reference/flexible-classroom/classroom-sdk.ios.mdx,api-reference-mdx-with-legacy-jsx,flexible-classroom,ios,,legacy-mdx-api-components,prefer structured API source or conservative Markdown rewrite after ownership review,,blocked,high,API Reference ownership/source strategy must be confirmed before assigning final target path.,generated=2026-07-02T10:27:25.467Z
docs-api-reference/flexible-classroom/classroom-sdk.javascript.electron.mdx,api-reference-mdx-with-legacy-jsx,flexible-classroom,javascript|electron,,legacy-mdx-api-components,prefer structured API source or conservative Markdown rewrite after ownership review,,blocked,high,API Reference ownership/source strategy must be confirmed before assigning final target path.,generated=2026-07-02T10:27:25.467Z
docs-api-reference/flexible-classroom/edu-context/dummy.mdx,api-reference-mdx,flexible-classroom,,,hand-authored-api-mdx,migrate as authored API reference Markdown after IA confirmation,,blocked,high,API Reference ownership/source strategy must be confirmed before assigning final target path.,generated=2026-07-02T10:27:25.467Z
docs-api-reference/flexible-classroom/fcr-ui-scene.javascript.electron.mdx,api-reference-mdx-with-legacy-jsx,flexible-classroom,javascript|electron,,legacy-mdx-api-components,prefer structured API source or conservative Markdown rewrite after ownership review,,blocked,high,API Reference ownership/source strategy must be confirmed before assigning final target path.,generated=2026-07-02T10:27:25.467Z
docs-api-reference/flexible-classroom/proctor-sdk.ios.mdx,api-reference-mdx-with-legacy-jsx,flexible-classroom,ios,,legacy-mdx-api-components,prefer structured API source or conservative Markdown rewrite after ownership review,,blocked,high,API Reference ownership/source strategy must be confirmed before assigning final target path.,generated=2026-07-02T10:27:25.467Z
docs-api-reference/flexible-classroom/proctor-sdk.javascript.electron.mdx,api-reference-mdx-with-legacy-jsx,flexible-classroom,javascript|electron,,legacy-mdx-api-components,prefer structured API source or conservative Markdown rewrite after ownership review,,blocked,high,API Reference ownership/source strategy must be confirmed before assigning final target path.,generated=2026-07-02T10:27:25.467Z
docs-api-reference/iot-apaas/client-api/call.android.mdx,api-reference-mdx-with-legacy-jsx,iot-apaas,android,,legacy-mdx-api-components,prefer structured API source or conservative Markdown rewrite after ownership review,,blocked,high,API Reference ownership/source strategy must be confirmed before assigning final target path.,generated=2026-07-02T10:27:25.467Z
docs-api-reference/iot-apaas/client-api/call.ios.mdx,api-reference-mdx-with-legacy-jsx,iot-apaas,ios,,legacy-mdx-api-components,prefer structured API source or conservative Markdown rewrite after ownership review,,blocked,high,API Reference ownership/source strategy must be confirmed before assigning final target path.,generated=2026-07-02T10:27:25.467Z
docs-api-reference/iot-apaas/client-api/call.wechat.mdx,api-reference-mdx-with-legacy-jsx,iot-apaas,wechat,,legacy-mdx-api-components,prefer structured API source or conservative Markdown rewrite after ownership review,,blocked,high,API Reference ownership/source strategy must be confirmed before assigning final target path.,generated=2026-07-02T10:27:25.467Z
docs-api-reference/iot-apaas/client-api/full.ios.mdx,api-reference-mdx-with-legacy-jsx,iot-apaas,ios,,legacy-mdx-api-components,prefer structured API source or conservative Markdown rewrite after ownership review,,blocked,high,API Reference ownership/source strategy must be confirmed before assigning final target path.,generated=2026-07-02T10:27:25.467Z
docs-api-reference/iot-apaas/device-sdk/call/base.mdx,api-reference-mdx,iot-apaas,,,hand-authored-api-mdx,migrate as authored API reference Markdown after IA confirmation,,blocked,high,API Reference ownership/source strategy must be confirmed before assigning final target path.,generated=2026-07-02T10:27:25.467Z
docs-api-reference/iot-apaas/device-sdk/call/config.mdx,api-reference-mdx,iot-apaas,,,hand-authored-api-mdx,migrate as authored API reference Markdown after IA confirmation,,blocked,high,API Reference ownership/source strategy must be confirmed before assigning final target path.,generated=2026-07-02T10:27:25.467Z
docs-api-reference/iot-apaas/device-sdk/call/device-manager.mdx,api-reference-mdx,iot-apaas,,,hand-authored-api-mdx,migrate as authored API reference Markdown after IA confirmation,,blocked,high,API Reference ownership/source strategy must be confirmed before assigning final target path.,generated=2026-07-02T10:27:25.467Z
docs-api-reference/iot-apaas/device-sdk/call/make-call.mdx,api-reference-mdx,iot-apaas,,,hand-authored-api-mdx,migrate as authored API reference Markdown after IA confirmation,,blocked,high,API Reference ownership/source strategy must be confirmed before assigning final target path.,generated=2026-07-02T10:27:25.467Z
docs-api-reference/iot-apaas/device-sdk/full/base.mdx,api-reference-mdx,iot-apaas,,,hand-authored-api-mdx,migrate as authored API reference Markdown after IA confirmation,,blocked,high,API Reference ownership/source strategy must be confirmed before assigning final target path.,generated=2026-07-02T10:27:25.467Z
docs-api-reference/iot-apaas/device-sdk/full/config.mdx,api-reference-mdx,iot-apaas,,,hand-authored-api-mdx,migrate as authored API reference Markdown after IA confirmation,,blocked,high,API Reference ownership/source strategy must be confirmed before assigning final target path.,generated=2026-07-02T10:27:25.467Z
docs-api-reference/iot-apaas/device-sdk/full/device-manager.mdx,api-reference-mdx,iot-apaas,,,hand-authored-api-mdx,migrate as authored API reference Markdown after IA confirmation,,blocked,high,API Reference ownership/source strategy must be confirmed before assigning final target path.,generated=2026-07-02T10:27:25.467Z
docs-api-reference/iot-apaas/device-sdk/full/dp.mdx,api-reference-mdx-with-legacy-jsx,iot-apaas,,,legacy-mdx-api-components,prefer structured API source or conservative Markdown rewrite after ownership review,,blocked,high,API Reference ownership/source strategy must be confirmed before assigning final target path.,generated=2026-07-02T10:27:25.467Z
docs-api-reference/iot-apaas/device-sdk/full/file-player.mdx,api-reference-mdx-with-legacy-jsx,iot-apaas,,,legacy-mdx-api-components,prefer structured API source or conservative Markdown rewrite after ownership review,,blocked,high,API Reference ownership/source strategy must be confirmed before assigning final target path.,generated=2026-07-02T10:27:25.467Z
docs-api-reference/iot-apaas/device-sdk/full/make-call.mdx,api-reference-mdx,iot-apaas,,,hand-authored-api-mdx,migrate as authored API reference Markdown after IA confirmation,,blocked,high,API Reference ownership/source strategy must be confirmed before assigning final target path.,generated=2026-07-02T10:27:25.467Z
docs-api-reference/meeting/client-api.android.mdx,api-reference-mdx-with-legacy-jsx,meeting,android,,legacy-mdx-api-components,prefer structured API source or conservative Markdown rewrite after ownership review,content/docs/zh-CN/api-reference/meeting/client-api.android.mdx,blocked,high,API Reference ownership/source strategy must be confirmed before assigning final target path.,generated=2026-07-02T10:27:25.467Z
docs-api-reference/meeting/client-api.electron.mdx,api-reference-mdx-with-legacy-jsx,meeting,electron,,legacy-mdx-api-components,prefer structured API source or conservative Markdown rewrite after ownership review,content/docs/zh-CN/api-reference/meeting/client-api.electron.mdx,blocked,high,API Reference ownership/source strategy must be confirmed before assigning final target path.,generated=2026-07-02T10:27:25.467Z
docs-api-reference/meeting/client-api.ios.mdx,api-reference-mdx-with-legacy-jsx,meeting,ios,,legacy-mdx-api-components,prefer structured API source or conservative Markdown rewrite after ownership review,content/docs/zh-CN/api-reference/meeting/client-api.ios.mdx,blocked,high,API Reference ownership/source strategy must be confirmed before assigning final target path.,generated=2026-07-02T10:27:25.467Z
docs-api-reference/one-to-one-live/call-api.android.mdx,api-reference-mdx,one-to-one-live,android,,hand-authored-api-mdx,migrate as authored API reference Markdown after IA confirmation,,blocked,high,API Reference ownership/source strategy must be confirmed before assigning final target path.,generated=2026-07-02T10:27:25.467Z
docs-api-reference/one-to-one-live/call-api.ios.mdx,api-reference-mdx,one-to-one-live,ios,,hand-authored-api-mdx,migrate as authored API reference Markdown after IA confirmation,,blocked,high,API Reference ownership/source strategy must be confirmed before assigning final target path.,generated=2026-07-02T10:27:25.467Z
docs-api-reference/recording/_en/_cpp/enum.mdx,api-reference-mdx,recording,,,hand-authored-api-mdx,migrate as authored API reference Markdown after IA confirmation,,blocked,high,API Reference ownership/source strategy must be confirmed before assigning final target path.,generated=2026-07-02T10:27:25.467Z
docs-api-reference/recording/_en/_cpp/iagoramediacomponentfactory.mdx,api-reference-mdx,recording,,,hand-authored-api-mdx,migrate as authored API reference Markdown after IA confirmation,,blocked,high,API Reference ownership/source strategy must be confirmed before assigning final target path.,generated=2026-07-02T10:27:25.467Z
docs-api-reference/recording/_en/_cpp/iagoramediarecorder.mdx,api-reference-mdx,recording,,,hand-authored-api-mdx,migrate as authored API reference Markdown after IA confirmation,,blocked,high,API Reference ownership/source strategy must be confirmed before assigning final target path.,generated=2026-07-02T10:27:25.467Z
docs-api-reference/recording/_en/_cpp/iagoramediartcrecordereventhandler.mdx,api-reference-mdx,recording,,,hand-authored-api-mdx,migrate as authored API reference Markdown after IA confirmation,,blocked,high,API Reference ownership/source strategy must be confirmed before assigning final target path.,generated=2026-07-02T10:27:25.467Z
docs-api-reference/recording/_en/_cpp/iagoraservice.mdx,api-reference-mdx,recording,,,hand-authored-api-mdx,migrate as authored API reference Markdown after IA confirmation,,blocked,high,API Reference ownership/source strategy must be confirmed before assigning final target path.,generated=2026-07-02T10:27:25.467Z
docs-api-reference/recording/_en/_cpp/irecordervideoframeobserver.mdx,api-reference-mdx,recording,,,hand-authored-api-mdx,migrate as authored API reference Markdown after IA confirmation,,blocked,high,API Reference ownership/source strategy must be confirmed before assigning final target path.,generated=2026-07-02T10:27:25.467Z
docs-api-reference/recording/_en/_cpp/overview.mdx,api-reference-mdx,recording,,,hand-authored-api-mdx,migrate as authored API reference Markdown after IA confirmation,,blocked,high,API Reference ownership/source strategy must be confirmed before assigning final target path.,generated=2026-07-02T10:27:25.467Z
docs-api-reference/recording/_en/_cpp/struct.mdx,api-reference-mdx,recording,,,hand-authored-api-mdx,migrate as authored API reference Markdown after IA confirmation,,blocked,high,API Reference ownership/source strategy must be confirmed before assigning final target path.,generated=2026-07-02T10:27:25.467Z
docs-api-reference/recording/_en/_java/agoramediarecorder.mdx,api-reference-mdx,recording,,,hand-authored-api-mdx,migrate as authored API reference Markdown after IA confirmation,,blocked,high,API Reference ownership/source strategy must be confirmed before assigning final target path.,generated=2026-07-02T10:27:25.467Z
docs-api-reference/recording/_en/_java/agoraservice.mdx,api-reference-mdx,recording,,,hand-authored-api-mdx,migrate as authored API reference Markdown after IA confirmation,,blocked,high,API Reference ownership/source strategy must be confirmed before assigning final target path.,generated=2026-07-02T10:27:25.467Z
docs-api-reference/recording/_en/_java/enum.mdx,api-reference-mdx,recording,,,hand-authored-api-mdx,migrate as authored API reference Markdown after IA confirmation,,blocked,high,API Reference ownership/source strategy must be confirmed before assigning final target path.,generated=2026-07-02T10:27:25.467Z
docs-api-reference/recording/_en/_java/iagoramediartcrecordereventhandler.mdx,api-reference-mdx,recording,,,hand-authored-api-mdx,migrate as authored API reference Markdown after IA confirmation,,blocked,high,API Reference ownership/source strategy must be confirmed before assigning final target path.,generated=2026-07-02T10:27:25.467Z
docs-api-reference/recording/_en/_java/irecordervideoframeobserver.mdx,api-reference-mdx,recording,,,hand-authored-api-mdx,migrate as authored API reference Markdown after IA confirmation,,blocked,high,API Reference ownership/source strategy must be confirmed before assigning final target path.,generated=2026-07-02T10:27:25.467Z
docs-api-reference/recording/_en/_java/overview.mdx,api-reference-mdx,recording,,,hand-authored-api-mdx,migrate as authored API reference Markdown after IA confirmation,,blocked,high,API Reference ownership/source strategy must be confirmed before assigning final target path.,generated=2026-07-02T10:27:25.467Z
docs-api-reference/recording/_en/_java/struct.mdx,api-reference-mdx,recording,,,hand-authored-api-mdx,migrate as authored API reference Markdown after IA confirmation,,blocked,high,API Reference ownership/source strategy must be confirmed before assigning final target path.,generated=2026-07-02T10:27:25.467Z
docs-api-reference/recording/agoramediartcrecorder.java.mdx,api-reference-mdx,recording,java,,hand-authored-api-mdx,migrate as authored API reference Markdown after IA confirmation,,blocked,high,API Reference ownership/source strategy must be confirmed before assigning final target path.,generated=2026-07-02T10:27:25.467Z
docs-api-reference/recording/agoraservice.java.mdx,api-reference-mdx,recording,java,,hand-authored-api-mdx,migrate as authored API reference Markdown after IA confirmation,,blocked,high,API Reference ownership/source strategy must be confirmed before assigning final target path.,generated=2026-07-02T10:27:25.467Z
docs-api-reference/recording/api-overview.cpp.mdx,api-reference-mdx,recording,cpp,,hand-authored-api-mdx,migrate as authored API reference Markdown after IA confirmation,,blocked,high,API Reference ownership/source strategy must be confirmed before assigning final target path.,generated=2026-07-02T10:27:25.467Z
docs-api-reference/recording/api-overview.java.mdx,api-reference-mdx,recording,java,,hand-authored-api-mdx,migrate as authored API reference Markdown after IA confirmation,,blocked,high,API Reference ownership/source strategy must be confirmed before assigning final target path.,generated=2026-07-02T10:27:25.467Z
docs-api-reference/recording/enum.cpp.mdx,api-reference-mdx,recording,cpp,,hand-authored-api-mdx,migrate as authored API reference Markdown after IA confirmation,,blocked,high,API Reference ownership/source strategy must be confirmed before assigning final target path.,generated=2026-07-02T10:27:25.467Z
docs-api-reference/recording/enum.java.mdx,api-reference-mdx,recording,java,,hand-authored-api-mdx,migrate as authored API reference Markdown after IA confirmation,,blocked,high,API Reference ownership/source strategy must be confirmed before assigning final target path.,generated=2026-07-02T10:27:25.467Z
docs-api-reference/recording/iagoramediacomponentfactory.cpp.mdx,api-reference-mdx,recording,cpp,,hand-authored-api-mdx,migrate as authored API reference Markdown after IA confirmation,,blocked,high,API Reference ownership/source strategy must be confirmed before assigning final target path.,generated=2026-07-02T10:27:25.467Z
docs-api-reference/recording/iagoramediartcrecorder.cpp.mdx,api-reference-mdx,recording,cpp,,hand-authored-api-mdx,migrate as authored API reference Markdown after IA confirmation,,blocked,high,API Reference ownership/source strategy must be confirmed before assigning final target path.,generated=2026-07-02T10:27:25.467Z
docs-api-reference/recording/iagoramediartcrecordereventhandler.cpp.mdx,api-reference-mdx,recording,cpp,,hand-authored-api-mdx,migrate as authored API reference Markdown after IA confirmation,,blocked,high,API Reference ownership/source strategy must be confirmed before assigning final target path.,generated=2026-07-02T10:27:25.467Z
docs-api-reference/recording/iagoramediartcrecordereventhandler.java.mdx,api-reference-mdx,recording,java,,hand-authored-api-mdx,migrate as authored API reference Markdown after IA confirmation,,blocked,high,API Reference ownership/source strategy must be confirmed before assigning final target path.,generated=2026-07-02T10:27:25.467Z
docs-api-reference/recording/iagoraservice.cpp.mdx,api-reference-mdx,recording,cpp,,hand-authored-api-mdx,migrate as authored API reference Markdown after IA confirmation,,blocked,high,API Reference ownership/source strategy must be confirmed before assigning final target path.,generated=2026-07-02T10:27:25.467Z
docs-api-reference/recording/irecordervideoframeobserver.cpp.mdx,api-reference-mdx,recording,cpp,,hand-authored-api-mdx,migrate as authored API reference Markdown after IA confirmation,,blocked,high,API Reference ownership/source strategy must be confirmed before assigning final target path.,generated=2026-07-02T10:27:25.467Z
docs-api-reference/recording/irecordervideoframeobserver.java.mdx,api-reference-mdx,recording,java,,hand-authored-api-mdx,migrate as authored API reference Markdown after IA confirmation,,blocked,high,API Reference ownership/source strategy must be confirmed before assigning final target path.,generated=2026-07-02T10:27:25.467Z
docs-api-reference/recording/struct.cpp.mdx,api-reference-mdx,recording,cpp,,hand-authored-api-mdx,migrate as authored API reference Markdown after IA confirmation,,blocked,high,API Reference ownership/source strategy must be confirmed before assigning final target path.,generated=2026-07-02T10:27:25.467Z
docs-api-reference/recording/struct.java.mdx,api-reference-mdx,recording,java,,hand-authored-api-mdx,migrate as authored API reference Markdown after IA confirmation,,blocked,high,API Reference ownership/source strategy must be confirmed before assigning final target path.,generated=2026-07-02T10:27:25.467Z
docs-api-reference/rtc-server-sdk/_en/go-api/agoraservice-en.mdx,api-reference-mdx,rtc-server-sdk,,,hand-authored-api-mdx,migrate as authored API reference Markdown after IA confirmation,content/docs/zh-CN/api-reference/rtc-server-sdk/_en/go-api/agoraservice-en.mdx,needs_review,medium,,generated=2026-07-02T10:27:25.467Z
docs-api-reference/rtc-server-sdk/_en/go-api/apidatatype-en.mdx,api-reference-mdx,rtc-server-sdk,,,hand-authored-api-mdx,migrate as authored API reference Markdown after IA confirmation,content/docs/zh-CN/api-reference/rtc-server-sdk/_en/go-api/apidatatype-en.mdx,needs_review,medium,,generated=2026-07-02T10:27:25.467Z
docs-api-reference/rtc-server-sdk/_en/go-api/audioencodedframesender-en.mdx,api-reference-mdx,rtc-server-sdk,,,hand-authored-api-mdx,migrate as authored API reference Markdown after IA confirmation,content/docs/zh-CN/api-reference/rtc-server-sdk/_en/go-api/audioencodedframesender-en.mdx,needs_review,medium,,generated=2026-07-02T10:27:25.467Z
docs-api-reference/rtc-server-sdk/_en/go-api/audioframeobserver-en.mdx,api-reference-mdx,rtc-server-sdk,,,hand-authored-api-mdx,migrate as authored API reference Markdown after IA confirmation,content/docs/zh-CN/api-reference/rtc-server-sdk/_en/go-api/audioframeobserver-en.mdx,needs_review,medium,,generated=2026-07-02T10:27:25.467Z
docs-api-reference/rtc-server-sdk/_en/go-api/audiopcmdatasender-en.mdx,api-reference-mdx,rtc-server-sdk,,,hand-authored-api-mdx,migrate as authored API reference Markdown after IA confirmation,content/docs/zh-CN/api-reference/rtc-server-sdk/_en/go-api/audiopcmdatasender-en.mdx,needs_review,medium,,generated=2026-07-02T10:27:25.467Z
docs-api-reference/rtc-server-sdk/_en/go-api/localaudiotrack-en.mdx,api-reference-mdx,rtc-server-sdk,,,hand-authored-api-mdx,migrate as authored API reference Markdown after IA confirmation,content/docs/zh-CN/api-reference/rtc-server-sdk/_en/go-api/localaudiotrack-en.mdx,needs_review,medium,,generated=2026-07-02T10:27:25.467Z
docs-api-reference/rtc-server-sdk/_en/go-api/localuser-en.mdx,api-reference-mdx,rtc-server-sdk,,,hand-authored-api-mdx,migrate as authored API reference Markdown after IA confirmation,content/docs/zh-CN/api-reference/rtc-server-sdk/_en/go-api/localuser-en.mdx,needs_review,medium,,generated=2026-07-02T10:27:25.467Z
docs-api-reference/rtc-server-sdk/_en/go-api/localuserobserver-en.mdx,api-reference-mdx,rtc-server-sdk,,,hand-authored-api-mdx,migrate as authored API reference Markdown after IA confirmation,content/docs/zh-CN/api-reference/rtc-server-sdk/_en/go-api/localuserobserver-en.mdx,needs_review,medium,,generated=2026-07-02T10:27:25.467Z
docs-api-reference/rtc-server-sdk/_en/go-api/localvideotrack-en.mdx,api-reference-mdx,rtc-server-sdk,,,hand-authored-api-mdx,migrate as authored API reference Markdown after IA confirmation,content/docs/zh-CN/api-reference/rtc-server-sdk/_en/go-api/localvideotrack-en.mdx,needs_review,medium,,generated=2026-07-02T10:27:25.467Z
docs-api-reference/rtc-server-sdk/_en/go-api/medianodefactory-en.mdx,api-reference-mdx,rtc-server-sdk,,,hand-authored-api-mdx,migrate as authored API reference Markdown after IA confirmation,content/docs/zh-CN/api-reference/rtc-server-sdk/_en/go-api/medianodefactory-en.mdx,needs_review,medium,,generated=2026-07-02T10:27:25.467Z
docs-api-reference/rtc-server-sdk/_en/go-api/overview-en.mdx,api-reference-mdx,rtc-server-sdk,,,hand-authored-api-mdx,migrate as authored API reference Markdown after IA confirmation,content/docs/zh-CN/api-reference/rtc-server-sdk/_en/go-api/overview-en.mdx,needs_review,medium,,generated=2026-07-02T10:27:25.467Z
docs-api-reference/rtc-server-sdk/_en/go-api/rtcconnection-en.mdx,api-reference-mdx,rtc-server-sdk,,,hand-authored-api-mdx,migrate as authored API reference Markdown after IA confirmation,content/docs/zh-CN/api-reference/rtc-server-sdk/_en/go-api/rtcconnection-en.mdx,needs_review,medium,,generated=2026-07-02T10:27:25.467Z
docs-api-reference/rtc-server-sdk/_en/go-api/rtcconnectionobserver-en.mdx,api-reference-mdx,rtc-server-sdk,,,hand-authored-api-mdx,migrate as authored API reference Markdown after IA confirmation,content/docs/zh-CN/api-reference/rtc-server-sdk/_en/go-api/rtcconnectionobserver-en.mdx,needs_review,medium,,generated=2026-07-02T10:27:25.467Z
docs-api-reference/rtc-server-sdk/_en/go-api/videoencodedframeobserver-en.mdx,api-reference-mdx,rtc-server-sdk,,,hand-authored-api-mdx,migrate as authored API reference Markdown after IA confirmation,content/docs/zh-CN/api-reference/rtc-server-sdk/_en/go-api/videoencodedframeobserver-en.mdx,needs_review,medium,,generated=2026-07-02T10:27:25.467Z
docs-api-reference/rtc-server-sdk/_en/go-api/videoencodedimagesender-en.mdx,api-reference-mdx,rtc-server-sdk,,,hand-authored-api-mdx,migrate as authored API reference Markdown after IA confirmation,content/docs/zh-CN/api-reference/rtc-server-sdk/_en/go-api/videoencodedimagesender-en.mdx,needs_review,medium,,generated=2026-07-02T10:27:25.467Z
docs-api-reference/rtc-server-sdk/_en/go-api/videoframeobserver-en.mdx,api-reference-mdx,rtc-server-sdk,,,hand-authored-api-mdx,migrate as authored API reference Markdown after IA confirmation,content/docs/zh-CN/api-reference/rtc-server-sdk/_en/go-api/videoframeobserver-en.mdx,needs_review,medium,,generated=2026-07-02T10:27:25.467Z
docs-api-reference/rtc-server-sdk/_en/go-api/videoframesender-en.mdx,api-reference-mdx,rtc-server-sdk,,,hand-authored-api-mdx,migrate as authored API reference Markdown after IA confirmation,content/docs/zh-CN/api-reference/rtc-server-sdk/_en/go-api/videoframesender-en.mdx,needs_review,medium,,generated=2026-07-02T10:27:25.467Z
docs-api-reference/rtc-server-sdk/_en/python-api/agoraservice-en.mdx,api-reference-mdx,rtc-server-sdk,,,hand-authored-api-mdx,migrate as authored API reference Markdown after IA confirmation,content/docs/zh-CN/api-reference/rtc-server-sdk/_en/python-api/agoraservice-en.mdx,needs_review,medium,,generated=2026-07-02T10:27:25.467Z
docs-api-reference/rtc-server-sdk/_en/python-api/apidatatype-en.mdx,api-reference-mdx,rtc-server-sdk,,,hand-authored-api-mdx,migrate as authored API reference Markdown after IA confirmation,content/docs/zh-CN/api-reference/rtc-server-sdk/_en/python-api/apidatatype-en.mdx,needs_review,medium,,generated=2026-07-02T10:27:25.467Z
docs-api-reference/rtc-server-sdk/_en/python-api/audioencodedframesender-en.mdx,api-reference-mdx,rtc-server-sdk,,,hand-authored-api-mdx,migrate as authored API reference Markdown after IA confirmation,content/docs/zh-CN/api-reference/rtc-server-sdk/_en/python-api/audioencodedframesender-en.mdx,needs_review,medium,,generated=2026-07-02T10:27:25.467Z
docs-api-reference/rtc-server-sdk/_en/python-api/audiopcmdatasender-en.mdx,api-reference-mdx,rtc-server-sdk,,,hand-authored-api-mdx,migrate as authored API reference Markdown after IA confirmation,content/docs/zh-CN/api-reference/rtc-server-sdk/_en/python-api/audiopcmdatasender-en.mdx,needs_review,medium,,generated=2026-07-02T10:27:25.467Z
docs-api-reference/rtc-server-sdk/_en/python-api/iaudioframeobserver-en.mdx,api-reference-mdx,rtc-server-sdk,,,hand-authored-api-mdx,migrate as authored API reference Markdown after IA confirmation,content/docs/zh-CN/api-reference/rtc-server-sdk/_en/python-api/iaudioframeobserver-en.mdx,needs_review,medium,,generated=2026-07-02T10:27:25.467Z
docs-api-reference/rtc-server-sdk/_en/python-api/irtcconnectionobserver-en.mdx,api-reference-mdx,rtc-server-sdk,,,hand-authored-api-mdx,migrate as authored API reference Markdown after IA confirmation,content/docs/zh-CN/api-reference/rtc-server-sdk/_en/python-api/irtcconnectionobserver-en.mdx,needs_review,medium,,generated=2026-07-02T10:27:25.467Z
docs-api-reference/rtc-server-sdk/_en/python-api/ivideoencodedframeobserver-en.mdx,api-reference-mdx,rtc-server-sdk,,,hand-authored-api-mdx,migrate as authored API reference Markdown after IA confirmation,content/docs/zh-CN/api-reference/rtc-server-sdk/_en/python-api/ivideoencodedframeobserver-en.mdx,needs_review,medium,,generated=2026-07-02T10:27:25.467Z
docs-api-reference/rtc-server-sdk/_en/python-api/ivideoframeobserver-en.mdx,api-reference-mdx,rtc-server-sdk,,,hand-authored-api-mdx,migrate as authored API reference Markdown after IA confirmation,content/docs/zh-CN/api-reference/rtc-server-sdk/_en/python-api/ivideoframeobserver-en.mdx,needs_review,medium,,generated=2026-07-02T10:27:25.467Z
docs-api-reference/rtc-server-sdk/_en/python-api/localaudiotrack-en.mdx,api-reference-mdx,rtc-server-sdk,,,hand-authored-api-mdx,migrate as authored API reference Markdown after IA confirmation,content/docs/zh-CN/api-reference/rtc-server-sdk/_en/python-api/localaudiotrack-en.mdx,needs_review,medium,,generated=2026-07-02T10:27:25.467Z
docs-api-reference/rtc-server-sdk/_en/python-api/localuser-en.mdx,api-reference-mdx,rtc-server-sdk,,,hand-authored-api-mdx,migrate as authored API reference Markdown after IA confirmation,content/docs/zh-CN/api-reference/rtc-server-sdk/_en/python-api/localuser-en.mdx,needs_review,medium,,generated=2026-07-02T10:27:25.467Z
docs-api-reference/rtc-server-sdk/_en/python-api/localuserobserver-en.mdx,api-reference-mdx,rtc-server-sdk,,,hand-authored-api-mdx,migrate as authored API reference Markdown after IA confirmation,content/docs/zh-CN/api-reference/rtc-server-sdk/_en/python-api/localuserobserver-en.mdx,needs_review,medium,,generated=2026-07-02T10:27:25.467Z
docs-api-reference/rtc-server-sdk/_en/python-api/localvideotrack-en.mdx,api-reference-mdx,rtc-server-sdk,,,hand-authored-api-mdx,migrate as authored API reference Markdown after IA confirmation,content/docs/zh-CN/api-reference/rtc-server-sdk/_en/python-api/localvideotrack-en.mdx,needs_review,medium,,generated=2026-07-02T10:27:25.467Z
docs-api-reference/rtc-server-sdk/_en/python-api/medianodefactory-en.mdx,api-reference-mdx,rtc-server-sdk,,,hand-authored-api-mdx,migrate as authored API reference Markdown after IA confirmation,content/docs/zh-CN/api-reference/rtc-server-sdk/_en/python-api/medianodefactory-en.mdx,needs_review,medium,,generated=2026-07-02T10:27:25.467Z
docs-api-reference/rtc-server-sdk/_en/python-api/overview-en.mdx,api-reference-mdx,rtc-server-sdk,,,hand-authored-api-mdx,migrate as authored API reference Markdown after IA confirmation,content/docs/zh-CN/api-reference/rtc-server-sdk/_en/python-api/overview-en.mdx,needs_review,medium,,generated=2026-07-02T10:27:25.467Z
docs-api-reference/rtc-server-sdk/_en/python-api/rtcconnection-en.mdx,api-reference-mdx,rtc-server-sdk,,,hand-authored-api-mdx,migrate as authored API reference Markdown after IA confirmation,content/docs/zh-CN/api-reference/rtc-server-sdk/_en/python-api/rtcconnection-en.mdx,needs_review,medium,,generated=2026-07-02T10:27:25.467Z
docs-api-reference/rtc-server-sdk/_en/python-api/videoencodedimagesender-en.mdx,api-reference-mdx,rtc-server-sdk,,,hand-authored-api-mdx,migrate as authored API reference Markdown after IA confirmation,content/docs/zh-CN/api-reference/rtc-server-sdk/_en/python-api/videoencodedimagesender-en.mdx,needs_review,medium,,generated=2026-07-02T10:27:25.467Z
docs-api-reference/rtc-server-sdk/_en/python-api/videoframesender-en.mdx,api-reference-mdx,rtc-server-sdk,,,hand-authored-api-mdx,migrate as authored API reference Markdown after IA confirmation,content/docs/zh-CN/api-reference/rtc-server-sdk/_en/python-api/videoframesender-en.mdx,needs_review,medium,,generated=2026-07-02T10:27:25.467Z
docs-api-reference/rtc-server-sdk/error-code.mdx,api-reference-mdx,rtc-server-sdk,,,hand-authored-api-mdx,migrate as authored API reference Markdown after IA confirmation,content/docs/zh-CN/api-reference/rtc-server-sdk/error-code.mdx,needs_review,medium,,generated=2026-07-02T10:27:25.467Z
docs-api-reference/rtc-server-sdk/go-api/_remotevideotrack.go.mdx,api-reference-mdx,rtc-server-sdk,go,,hand-authored-api-mdx,migrate as authored API reference Markdown after IA confirmation,content/docs/zh-CN/api-reference/rtc-server-sdk/go-api/_remotevideotrack.go.mdx,needs_review,medium,,generated=2026-07-02T10:27:25.467Z
docs-api-reference/rtc-server-sdk/go-api/_videoencodedimagereceiver.go.mdx,api-reference-mdx,rtc-server-sdk,go,,hand-authored-api-mdx,migrate as authored API reference Markdown after IA confirmation,content/docs/zh-CN/api-reference/rtc-server-sdk/go-api/_videoencodedimagereceiver.go.mdx,needs_review,medium,,generated=2026-07-02T10:27:25.467Z
docs-api-reference/rtc-server-sdk/go-api/agoraservice.go.mdx,api-reference-mdx,rtc-server-sdk,go,,hand-authored-api-mdx,migrate as authored API reference Markdown after IA confirmation,content/docs/zh-CN/api-reference/rtc-server-sdk/go-api/agoraservice.go.mdx,needs_review,medium,,generated=2026-07-02T10:27:25.467Z
docs-api-reference/rtc-server-sdk/go-api/apidatatype.go.mdx,api-reference-mdx,rtc-server-sdk,go,,hand-authored-api-mdx,migrate as authored API reference Markdown after IA confirmation,content/docs/zh-CN/api-reference/rtc-server-sdk/go-api/apidatatype.go.mdx,needs_review,medium,,generated=2026-07-02T10:27:25.467Z
docs-api-reference/rtc-server-sdk/go-api/audioencodedframesender.go.mdx,api-reference-mdx,rtc-server-sdk,go,,hand-authored-api-mdx,migrate as authored API reference Markdown after IA confirmation,content/docs/zh-CN/api-reference/rtc-server-sdk/go-api/audioencodedframesender.go.mdx,needs_review,medium,,generated=2026-07-02T10:27:25.467Z
docs-api-reference/rtc-server-sdk/go-api/audioframeobserver.go.mdx,api-reference-mdx,rtc-server-sdk,go,,hand-authored-api-mdx,migrate as authored API reference Markdown after IA confirmation,content/docs/zh-CN/api-reference/rtc-server-sdk/go-api/audioframeobserver.go.mdx,needs_review,medium,,generated=2026-07-02T10:27:25.467Z
docs-api-reference/rtc-server-sdk/go-api/audiopcmdatasender.go.mdx,api-reference-mdx,rtc-server-sdk,go,,hand-authored-api-mdx,migrate as authored API reference Markdown after IA confirmation,content/docs/zh-CN/api-reference/rtc-server-sdk/go-api/audiopcmdatasender.go.mdx,needs_review,medium,,generated=2026-07-02T10:27:25.467Z
docs-api-reference/rtc-server-sdk/go-api/localaudiotrack.go.mdx,api-reference-mdx,rtc-server-sdk,go,,hand-authored-api-mdx,migrate as authored API reference Markdown after IA confirmation,content/docs/zh-CN/api-reference/rtc-server-sdk/go-api/localaudiotrack.go.mdx,needs_review,medium,,generated=2026-07-02T10:27:25.467Z
docs-api-reference/rtc-server-sdk/go-api/localuser.go.mdx,api-reference-mdx,rtc-server-sdk,go,,hand-authored-api-mdx,migrate as authored API reference Markdown after IA confirmation,content/docs/zh-CN/api-reference/rtc-server-sdk/go-api/localuser.go.mdx,needs_review,medium,,generated=2026-07-02T10:27:25.467Z
docs-api-reference/rtc-server-sdk/go-api/localuserobserver.go.mdx,api-reference-mdx,rtc-server-sdk,go,,hand-authored-api-mdx,migrate as authored API reference Markdown after IA confirmation,content/docs/zh-CN/api-reference/rtc-server-sdk/go-api/localuserobserver.go.mdx,needs_review,medium,,generated=2026-07-02T10:27:25.467Z
docs-api-reference/rtc-server-sdk/go-api/localvideotrack.go.mdx,api-reference-mdx,rtc-server-sdk,go,,hand-authored-api-mdx,migrate as authored API reference Markdown after IA confirmation,content/docs/zh-CN/api-reference/rtc-server-sdk/go-api/localvideotrack.go.mdx,needs_review,medium,,generated=2026-07-02T10:27:25.467Z
docs-api-reference/rtc-server-sdk/go-api/medianodefactory.go.mdx,api-reference-mdx,rtc-server-sdk,go,,hand-authored-api-mdx,migrate as authored API reference Markdown after IA confirmation,content/docs/zh-CN/api-reference/rtc-server-sdk/go-api/medianodefactory.go.mdx,needs_review,medium,,generated=2026-07-02T10:27:25.467Z
docs-api-reference/rtc-server-sdk/go-api/overview.go.mdx,api-reference-mdx,rtc-server-sdk,go,,hand-authored-api-mdx,migrate as authored API reference Markdown after IA confirmation,content/docs/zh-CN/api-reference/rtc-server-sdk/go-api/overview.go.mdx,needs_review,medium,,generated=2026-07-02T10:27:25.467Z
docs-api-reference/rtc-server-sdk/go-api/rtcconnection.go.mdx,api-reference-mdx,rtc-server-sdk,go,,hand-authored-api-mdx,migrate as authored API reference Markdown after IA confirmation,content/docs/zh-CN/api-reference/rtc-server-sdk/go-api/rtcconnection.go.mdx,needs_review,medium,,generated=2026-07-02T10:27:25.467Z
docs-api-reference/rtc-server-sdk/go-api/rtcconnectionobserver.go.mdx,api-reference-mdx,rtc-server-sdk,go,,hand-authored-api-mdx,migrate as authored API reference Markdown after IA confirmation,content/docs/zh-CN/api-reference/rtc-server-sdk/go-api/rtcconnectionobserver.go.mdx,needs_review,medium,,generated=2026-07-02T10:27:25.467Z
docs-api-reference/rtc-server-sdk/go-api/videoencodedframeobserver.go.mdx,api-reference-mdx,rtc-server-sdk,go,,hand-authored-api-mdx,migrate as authored API reference Markdown after IA confirmation,content/docs/zh-CN/api-reference/rtc-server-sdk/go-api/videoencodedframeobserver.go.mdx,needs_review,medium,,generated=2026-07-02T10:27:25.467Z
docs-api-reference/rtc-server-sdk/go-api/videoencodedimagesender.go.mdx,api-reference-mdx,rtc-server-sdk,go,,hand-authored-api-mdx,migrate as authored API reference Markdown after IA confirmation,content/docs/zh-CN/api-reference/rtc-server-sdk/go-api/videoencodedimagesender.go.mdx,needs_review,medium,,generated=2026-07-02T10:27:25.467Z
docs-api-reference/rtc-server-sdk/go-api/videoframeobserver.go.mdx,api-reference-mdx,rtc-server-sdk,go,,hand-authored-api-mdx,migrate as authored API reference Markdown after IA confirmation,content/docs/zh-CN/api-reference/rtc-server-sdk/go-api/videoframeobserver.go.mdx,needs_review,medium,,generated=2026-07-02T10:27:25.467Z
docs-api-reference/rtc-server-sdk/go-api/videoframesender.go.mdx,api-reference-mdx,rtc-server-sdk,go,,hand-authored-api-mdx,migrate as authored API reference Markdown after IA confirmation,content/docs/zh-CN/api-reference/rtc-server-sdk/go-api/videoframesender.go.mdx,needs_review,medium,,generated=2026-07-02T10:27:25.467Z
docs-api-reference/rtc-server-sdk/python-api/_ivideoencodedimagereceiver.python.mdx,api-reference-mdx,rtc-server-sdk,python,,hand-authored-api-mdx,migrate as authored API reference Markdown after IA confirmation,content/docs/zh-CN/api-reference/rtc-server-sdk/python-api/_ivideoencodedimagereceiver.python.mdx,needs_review,medium,,generated=2026-07-02T10:27:25.467Z
docs-api-reference/rtc-server-sdk/python-api/_localusercopy.python.mdx,api-reference-mdx,rtc-server-sdk,python,,hand-authored-api-mdx,migrate as authored API reference Markdown after IA confirmation,content/docs/zh-CN/api-reference/rtc-server-sdk/python-api/_localusercopy.python.mdx,needs_review,medium,,generated=2026-07-02T10:27:25.467Z
docs-api-reference/rtc-server-sdk/python-api/_remotevideotrack.python.mdx,api-reference-mdx,rtc-server-sdk,python,,hand-authored-api-mdx,migrate as authored API reference Markdown after IA confirmation,content/docs/zh-CN/api-reference/rtc-server-sdk/python-api/_remotevideotrack.python.mdx,needs_review,medium,,generated=2026-07-02T10:27:25.467Z
docs-api-reference/rtc-server-sdk/python-api/_rtcconnectionobserver_backup.python.mdx,api-reference-mdx,rtc-server-sdk,python,,hand-authored-api-mdx,migrate as authored API reference Markdown after IA confirmation,content/docs/zh-CN/api-reference/rtc-server-sdk/python-api/_rtcconnectionobserver_backup.python.mdx,needs_review,medium,,generated=2026-07-02T10:27:25.467Z
docs-api-reference/rtc-server-sdk/python-api/agoraservice.python.mdx,api-reference-mdx,rtc-server-sdk,python,,hand-authored-api-mdx,migrate as authored API reference Markdown after IA confirmation,content/docs/zh-CN/api-reference/rtc-server-sdk/python-api/agoraservice.python.mdx,needs_review,medium,,generated=2026-07-02T10:27:25.467Z
docs-api-reference/rtc-server-sdk/python-api/apidatatype.python.mdx,api-reference-mdx,rtc-server-sdk,python,,hand-authored-api-mdx,migrate as authored API reference Markdown after IA confirmation,content/docs/zh-CN/api-reference/rtc-server-sdk/python-api/apidatatype.python.mdx,needs_review,medium,,generated=2026-07-02T10:27:25.467Z
docs-api-reference/rtc-server-sdk/python-api/audioencodedframesender.python.mdx,api-reference-mdx,rtc-server-sdk,python,,hand-authored-api-mdx,migrate as authored API reference Markdown after IA confirmation,content/docs/zh-CN/api-reference/rtc-server-sdk/python-api/audioencodedframesender.python.mdx,needs_review,medium,,generated=2026-07-02T10:27:25.467Z
docs-api-reference/rtc-server-sdk/python-api/audiopcmdatasender.python.mdx,api-reference-mdx,rtc-server-sdk,python,,hand-authored-api-mdx,migrate as authored API reference Markdown after IA confirmation,content/docs/zh-CN/api-reference/rtc-server-sdk/python-api/audiopcmdatasender.python.mdx,needs_review,medium,,generated=2026-07-02T10:27:25.467Z
docs-api-reference/rtc-server-sdk/python-api/iaudioframeobserver.python.mdx,api-reference-mdx,rtc-server-sdk,python,,hand-authored-api-mdx,migrate as authored API reference Markdown after IA confirmation,content/docs/zh-CN/api-reference/rtc-server-sdk/python-api/iaudioframeobserver.python.mdx,needs_review,medium,,generated=2026-07-02T10:27:25.467Z
docs-api-reference/rtc-server-sdk/python-api/irtcconnectionobserver.python.mdx,api-reference-mdx,rtc-server-sdk,python,,hand-authored-api-mdx,migrate as authored API reference Markdown after IA confirmation,content/docs/zh-CN/api-reference/rtc-server-sdk/python-api/irtcconnectionobserver.python.mdx,needs_review,medium,,generated=2026-07-02T10:27:25.467Z
docs-api-reference/rtc-server-sdk/python-api/ivideoencodedframeobserver.python.mdx,api-reference-mdx,rtc-server-sdk,python,,hand-authored-api-mdx,migrate as authored API reference Markdown after IA confirmation,content/docs/zh-CN/api-reference/rtc-server-sdk/python-api/ivideoencodedframeobserver.python.mdx,needs_review,medium,,generated=2026-07-02T10:27:25.467Z
docs-api-reference/rtc-server-sdk/python-api/ivideoframeobserver.python.mdx,api-reference-mdx,rtc-server-sdk,python,,hand-authored-api-mdx,migrate as authored API reference Markdown after IA confirmation,content/docs/zh-CN/api-reference/rtc-server-sdk/python-api/ivideoframeobserver.python.mdx,needs_review,medium,,generated=2026-07-02T10:27:25.467Z
docs-api-reference/rtc-server-sdk/python-api/localaudiotrack.python.mdx,api-reference-mdx,rtc-server-sdk,python,,hand-authored-api-mdx,migrate as authored API reference Markdown after IA confirmation,content/docs/zh-CN/api-reference/rtc-server-sdk/python-api/localaudiotrack.python.mdx,needs_review,medium,,generated=2026-07-02T10:27:25.467Z
docs-api-reference/rtc-server-sdk/python-api/localuser.python.mdx,api-reference-mdx,rtc-server-sdk,python,,hand-authored-api-mdx,migrate as authored API reference Markdown after IA confirmation,content/docs/zh-CN/api-reference/rtc-server-sdk/python-api/localuser.python.mdx,needs_review,medium,,generated=2026-07-02T10:27:25.467Z
docs-api-reference/rtc-server-sdk/python-api/localuserobserver.python.mdx,api-reference-mdx,rtc-server-sdk,python,,hand-authored-api-mdx,migrate as authored API reference Markdown after IA confirmation,content/docs/zh-CN/api-reference/rtc-server-sdk/python-api/localuserobserver.python.mdx,needs_review,medium,,generated=2026-07-02T10:27:25.467Z
docs-api-reference/rtc-server-sdk/python-api/localvideotrack.python.mdx,api-reference-mdx,rtc-server-sdk,python,,hand-authored-api-mdx,migrate as authored API reference Markdown after IA confirmation,content/docs/zh-CN/api-reference/rtc-server-sdk/python-api/localvideotrack.python.mdx,needs_review,medium,,generated=2026-07-02T10:27:25.467Z
docs-api-reference/rtc-server-sdk/python-api/medianodefactory.python.mdx,api-reference-mdx,rtc-server-sdk,python,,hand-authored-api-mdx,migrate as authored API reference Markdown after IA confirmation,content/docs/zh-CN/api-reference/rtc-server-sdk/python-api/medianodefactory.python.mdx,needs_review,medium,,generated=2026-07-02T10:27:25.467Z
docs-api-reference/rtc-server-sdk/python-api/overview.python.mdx,api-reference-mdx,rtc-server-sdk,python,,hand-authored-api-mdx,migrate as authored API reference Markdown after IA confirmation,content/docs/zh-CN/api-reference/rtc-server-sdk/python-api/overview.python.mdx,needs_review,medium,,generated=2026-07-02T10:27:25.467Z
docs-api-reference/rtc-server-sdk/python-api/rtcconnection.python.mdx,api-reference-mdx,rtc-server-sdk,python,,hand-authored-api-mdx,migrate as authored API reference Markdown after IA confirmation,content/docs/zh-CN/api-reference/rtc-server-sdk/python-api/rtcconnection.python.mdx,needs_review,medium,,generated=2026-07-02T10:27:25.467Z
docs-api-reference/rtc-server-sdk/python-api/videoencodedimagesender.python.mdx,api-reference-mdx,rtc-server-sdk,python,,hand-authored-api-mdx,migrate as authored API reference Markdown after IA confirmation,content/docs/zh-CN/api-reference/rtc-server-sdk/python-api/videoencodedimagesender.python.mdx,needs_review,medium,,generated=2026-07-02T10:27:25.467Z
docs-api-reference/rtc-server-sdk/python-api/videoframesender.python.mdx,api-reference-mdx,rtc-server-sdk,python,,hand-authored-api-mdx,migrate as authored API reference Markdown after IA confirmation,content/docs/zh-CN/api-reference/rtc-server-sdk/python-api/videoframesender.python.mdx,needs_review,medium,,generated=2026-07-02T10:27:25.467Z
docs-api-reference/rtc/error-code.mdx,api-reference-mdx,rtc,,,hand-authored-api-mdx,migrate as authored API reference Markdown after IA confirmation,content/docs/zh-CN/api-reference/rtc/error-code.mdx,needs_review,medium,,generated=2026-07-02T10:27:25.467Z
docs-api-reference/rtc/react-sdk/_components-en.react.mdx,api-reference-mdx-with-legacy-jsx,rtc,react,,legacy-mdx-api-components,prefer structured API source or conservative Markdown rewrite after ownership review,content/docs/zh-CN/api-reference/rtc/react-sdk/_components-en.react.mdx,blocked,high,API Reference ownership/source strategy must be confirmed before assigning final target path.,generated=2026-07-02T10:27:25.467Z
docs-api-reference/rtc/react-sdk/_data-types-en.react.mdx,api-reference-mdx-with-legacy-jsx,rtc,react,,legacy-mdx-api-components,prefer structured API source or conservative Markdown rewrite after ownership review,content/docs/zh-CN/api-reference/rtc/react-sdk/_data-types-en.react.mdx,blocked,high,API Reference ownership/source strategy must be confirmed before assigning final target path.,generated=2026-07-02T10:27:25.467Z
docs-api-reference/rtc/react-sdk/_hooks-en.react.mdx,api-reference-mdx-with-legacy-jsx,rtc,react,,legacy-mdx-api-components,prefer structured API source or conservative Markdown rewrite after ownership review,content/docs/zh-CN/api-reference/rtc/react-sdk/_hooks-en.react.mdx,blocked,high,API Reference ownership/source strategy must be confirmed before assigning final target path.,generated=2026-07-02T10:27:25.467Z
docs-api-reference/rtc/react-sdk/components.react.mdx,api-reference-mdx-with-legacy-jsx,rtc,react,,legacy-mdx-api-components,prefer structured API source or conservative Markdown rewrite after ownership review,content/docs/zh-CN/api-reference/rtc/react-sdk/components.react.mdx,blocked,high,API Reference ownership/source strategy must be confirmed before assigning final target path.,generated=2026-07-02T10:27:25.467Z
docs-api-reference/rtc/react-sdk/data-types.react.mdx,api-reference-mdx-with-legacy-jsx,rtc,react,,legacy-mdx-api-components,prefer structured API source or conservative Markdown rewrite after ownership review,content/docs/zh-CN/api-reference/rtc/react-sdk/data-types.react.mdx,blocked,high,API Reference ownership/source strategy must be confirmed before assigning final target path.,generated=2026-07-02T10:27:25.467Z
docs-api-reference/rtc/react-sdk/hooks.react.mdx,api-reference-mdx-with-legacy-jsx,rtc,react,,legacy-mdx-api-components,prefer structured API source or conservative Markdown rewrite after ownership review,content/docs/zh-CN/api-reference/rtc/react-sdk/hooks.react.mdx,blocked,high,API Reference ownership/source strategy must be confirmed before assigning final target path.,generated=2026-07-02T10:27:25.467Z
docs-api-reference/rtc/react-sdk/overview.react.mdx,api-reference-mdx,rtc,react,,hand-authored-api-mdx,migrate as authored API reference Markdown after IA confirmation,content/docs/zh-CN/api-reference/rtc/react-sdk/overview.react.mdx,needs_review,medium,,generated=2026-07-02T10:27:25.467Z
docs-api-reference/rtm2/_en/_android/_channel-en.android.mdx,api-reference-mdx-with-legacy-jsx,rtm2,android,,legacy-mdx-api-components,prefer structured API source or conservative Markdown rewrite after ownership review,content/docs/zh-CN/api-reference/rtm/_en/_android/_channel-en.android.mdx,blocked,high,API Reference ownership/source strategy must be confirmed before assigning final target path.,generated=2026-07-02T10:27:25.467Z
docs-api-reference/rtm2/_en/_android/_configuration-en.android.mdx,api-reference-mdx-with-legacy-jsx,rtm2,android,,legacy-mdx-api-components,prefer structured API source or conservative Markdown rewrite after ownership review,content/docs/zh-CN/api-reference/rtm/_en/_android/_configuration-en.android.mdx,blocked,high,API Reference ownership/source strategy must be confirmed before assigning final target path.,generated=2026-07-02T10:27:25.467Z
docs-api-reference/rtm2/_en/_android/_enumv-en.mdx,api-reference-mdx-with-legacy-jsx,rtm2,,,legacy-mdx-api-components,prefer structured API source or conservative Markdown rewrite after ownership review,content/docs/zh-CN/api-reference/rtm/_en/_android/_enumv-en.mdx,blocked,high,API Reference ownership/source strategy must be confirmed before assigning final target path.,generated=2026-07-02T10:27:25.467Z
docs-api-reference/rtm2/_en/_android/_lock-en.android.mdx,api-reference-mdx-with-legacy-jsx,rtm2,android,,legacy-mdx-api-components,prefer structured API source or conservative Markdown rewrite after ownership review,content/docs/zh-CN/api-reference/rtm/_en/_android/_lock-en.android.mdx,blocked,high,API Reference ownership/source strategy must be confirmed before assigning final target path.,generated=2026-07-02T10:27:25.467Z
docs-api-reference/rtm2/_en/_android/_message-en.android.mdx,api-reference-mdx-with-legacy-jsx,rtm2,android,,legacy-mdx-api-components,prefer structured API source or conservative Markdown rewrite after ownership review,content/docs/zh-CN/api-reference/rtm/_en/_android/_message-en.android.mdx,blocked,high,API Reference ownership/source strategy must be confirmed before assigning final target path.,generated=2026-07-02T10:27:25.467Z
docs-api-reference/rtm2/_en/_android/_presence-en.android.mdx,api-reference-mdx-with-legacy-jsx,rtm2,android,,legacy-mdx-api-components,prefer structured API source or conservative Markdown rewrite after ownership review,content/docs/zh-CN/api-reference/rtm/_en/_android/_presence-en.android.mdx,blocked,high,API Reference ownership/source strategy must be confirmed before assigning final target path.,generated=2026-07-02T10:27:25.467Z
docs-api-reference/rtm2/_en/_android/_storage-en.android.mdx,api-reference-mdx-with-legacy-jsx,rtm2,android,,legacy-mdx-api-components,prefer structured API source or conservative Markdown rewrite after ownership review,content/docs/zh-CN/api-reference/rtm/_en/_android/_storage-en.android.mdx,blocked,high,API Reference ownership/source strategy must be confirmed before assigning final target path.,generated=2026-07-02T10:27:25.467Z
docs-api-reference/rtm2/_en/_android/_token-en.android.mdx,api-reference-mdx-with-legacy-jsx,rtm2,android,,legacy-mdx-api-components,prefer structured API source or conservative Markdown rewrite after ownership review,content/docs/zh-CN/api-reference/rtm/_en/_android/_token-en.android.mdx,blocked,high,API Reference ownership/source strategy must be confirmed before assigning final target path.,generated=2026-07-02T10:27:25.467Z
docs-api-reference/rtm2/_en/_android/_topic-en.android.mdx,api-reference-mdx-with-legacy-jsx,rtm2,android,,legacy-mdx-api-components,prefer structured API source or conservative Markdown rewrite after ownership review,content/docs/zh-CN/api-reference/rtm/_en/_android/_topic-en.android.mdx,blocked,high,API Reference ownership/source strategy must be confirmed before assigning final target path.,generated=2026-07-02T10:27:25.467Z
docs-api-reference/rtm2/_en/_cpp/_channel-en.cpp.mdx,api-reference-mdx-with-legacy-jsx,rtm2,cpp,,legacy-mdx-api-components,prefer structured API source or conservative Markdown rewrite after ownership review,content/docs/zh-CN/api-reference/rtm/_en/_cpp/_channel-en.cpp.mdx,blocked,high,API Reference ownership/source strategy must be confirmed before assigning final target path.,generated=2026-07-02T10:27:25.467Z
docs-api-reference/rtm2/_en/_cpp/_configuration-en.cpp.mdx,api-reference-mdx-with-legacy-jsx,rtm2,cpp,,legacy-mdx-api-components,prefer structured API source or conservative Markdown rewrite after ownership review,content/docs/zh-CN/api-reference/rtm/_en/_cpp/_configuration-en.cpp.mdx,blocked,high,API Reference ownership/source strategy must be confirmed before assigning final target path.,generated=2026-07-02T10:27:25.467Z
docs-api-reference/rtm2/_en/_cpp/_enumv-en.mdx,api-reference-mdx-with-legacy-jsx,rtm2,,,legacy-mdx-api-components,prefer structured API source or conservative Markdown rewrite after ownership review,content/docs/zh-CN/api-reference/rtm/_en/_cpp/_enumv-en.mdx,blocked,high,API Reference ownership/source strategy must be confirmed before assigning final target path.,generated=2026-07-02T10:27:25.467Z
docs-api-reference/rtm2/_en/_cpp/_lock-en.cpp.mdx,api-reference-mdx-with-legacy-jsx,rtm2,cpp,,legacy-mdx-api-components,prefer structured API source or conservative Markdown rewrite after ownership review,content/docs/zh-CN/api-reference/rtm/_en/_cpp/_lock-en.cpp.mdx,blocked,high,API Reference ownership/source strategy must be confirmed before assigning final target path.,generated=2026-07-02T10:27:25.467Z
docs-api-reference/rtm2/_en/_cpp/_message-en.cpp.mdx,api-reference-mdx-with-legacy-jsx,rtm2,cpp,,legacy-mdx-api-components,prefer structured API source or conservative Markdown rewrite after ownership review,content/docs/zh-CN/api-reference/rtm/_en/_cpp/_message-en.cpp.mdx,blocked,high,API Reference ownership/source strategy must be confirmed before assigning final target path.,generated=2026-07-02T10:27:25.467Z
docs-api-reference/rtm2/_en/_cpp/_presence-en.cpp.mdx,api-reference-mdx-with-legacy-jsx,rtm2,cpp,,legacy-mdx-api-components,prefer structured API source or conservative Markdown rewrite after ownership review,content/docs/zh-CN/api-reference/rtm/_en/_cpp/_presence-en.cpp.mdx,blocked,high,API Reference ownership/source strategy must be confirmed before assigning final target path.,generated=2026-07-02T10:27:25.467Z
docs-api-reference/rtm2/_en/_cpp/_storage-en.cpp.mdx,api-reference-mdx-with-legacy-jsx,rtm2,cpp,,legacy-mdx-api-components,prefer structured API source or conservative Markdown rewrite after ownership review,content/docs/zh-CN/api-reference/rtm/_en/_cpp/_storage-en.cpp.mdx,blocked,high,API Reference ownership/source strategy must be confirmed before assigning final target path.,generated=2026-07-02T10:27:25.467Z
docs-api-reference/rtm2/_en/_cpp/_token-en.cpp.mdx,api-reference-mdx-with-legacy-jsx,rtm2,cpp,,legacy-mdx-api-components,prefer structured API source or conservative Markdown rewrite after ownership review,content/docs/zh-CN/api-reference/rtm/_en/_cpp/_token-en.cpp.mdx,blocked,high,API Reference ownership/source strategy must be confirmed before assigning final target path.,generated=2026-07-02T10:27:25.467Z
docs-api-reference/rtm2/_en/_cpp/_topic-en.cpp.mdx,api-reference-mdx-with-legacy-jsx,rtm2,cpp,,legacy-mdx-api-components,prefer structured API source or conservative Markdown rewrite after ownership review,content/docs/zh-CN/api-reference/rtm/_en/_cpp/_topic-en.cpp.mdx,blocked,high,API Reference ownership/source strategy must be confirmed before assigning final target path.,generated=2026-07-02T10:27:25.467Z
docs-api-reference/rtm2/_en/_flutter/_channel-en.flutter.mdx,api-reference-mdx-with-legacy-jsx,rtm2,flutter,,legacy-mdx-api-components,prefer structured API source or conservative Markdown rewrite after ownership review,content/docs/zh-CN/api-reference/rtm/_en/_flutter/_channel-en.flutter.mdx,blocked,high,API Reference ownership/source strategy must be confirmed before assigning final target path.,generated=2026-07-02T10:27:25.467Z
docs-api-reference/rtm2/_en/_flutter/_configuration-en.flutter.mdx,api-reference-mdx-with-legacy-jsx,rtm2,flutter,,legacy-mdx-api-components,prefer structured API source or conservative Markdown rewrite after ownership review,content/docs/zh-CN/api-reference/rtm/_en/_flutter/_configuration-en.flutter.mdx,blocked,high,API Reference ownership/source strategy must be confirmed before assigning final target path.,generated=2026-07-02T10:27:25.467Z
docs-api-reference/rtm2/_en/_flutter/_enumv-en.mdx,api-reference-mdx-with-legacy-jsx,rtm2,,,legacy-mdx-api-components,prefer structured API source or conservative Markdown rewrite after ownership review,content/docs/zh-CN/api-reference/rtm/_en/_flutter/_enumv-en.mdx,blocked,high,API Reference ownership/source strategy must be confirmed before assigning final target path.,generated=2026-07-02T10:27:25.467Z
docs-api-reference/rtm2/_en/_flutter/_lock-en.flutter.mdx,api-reference-mdx-with-legacy-jsx,rtm2,flutter,,legacy-mdx-api-components,prefer structured API source or conservative Markdown rewrite after ownership review,content/docs/zh-CN/api-reference/rtm/_en/_flutter/_lock-en.flutter.mdx,blocked,high,API Reference ownership/source strategy must be confirmed before assigning final target path.,generated=2026-07-02T10:27:25.467Z
docs-api-reference/rtm2/_en/_flutter/_message-en.flutter.mdx,api-reference-mdx-with-legacy-jsx,rtm2,flutter,,legacy-mdx-api-components,prefer structured API source or conservative Markdown rewrite after ownership review,content/docs/zh-CN/api-reference/rtm/_en/_flutter/_message-en.flutter.mdx,blocked,high,API Reference ownership/source strategy must be confirmed before assigning final target path.,generated=2026-07-02T10:27:25.467Z
docs-api-reference/rtm2/_en/_flutter/_presence-en.flutter.mdx,api-reference-mdx-with-legacy-jsx,rtm2,flutter,,legacy-mdx-api-components,prefer structured API source or conservative Markdown rewrite after ownership review,content/docs/zh-CN/api-reference/rtm/_en/_flutter/_presence-en.flutter.mdx,blocked,high,API Reference ownership/source strategy must be confirmed before assigning final target path.,generated=2026-07-02T10:27:25.467Z
docs-api-reference/rtm2/_en/_flutter/_storage-en.flutter.mdx,api-reference-mdx-with-legacy-jsx,rtm2,flutter,,legacy-mdx-api-components,prefer structured API source or conservative Markdown rewrite after ownership review,content/docs/zh-CN/api-reference/rtm/_en/_flutter/_storage-en.flutter.mdx,blocked,high,API Reference ownership/source strategy must be confirmed before assigning final target path.,generated=2026-07-02T10:27:25.467Z
docs-api-reference/rtm2/_en/_flutter/_token-en.flutter.mdx,api-reference-mdx-with-legacy-jsx,rtm2,flutter,,legacy-mdx-api-components,prefer structured API source or conservative Markdown rewrite after ownership review,content/docs/zh-CN/api-reference/rtm/_en/_flutter/_token-en.flutter.mdx,blocked,high,API Reference ownership/source strategy must be confirmed before assigning final target path.,generated=2026-07-02T10:27:25.467Z
docs-api-reference/rtm2/_en/_flutter/_topic-en.flutter.mdx,api-reference-mdx-with-legacy-jsx,rtm2,flutter,,legacy-mdx-api-components,prefer structured API source or conservative Markdown rewrite after ownership review,content/docs/zh-CN/api-reference/rtm/_en/_flutter/_topic-en.flutter.mdx,blocked,high,API Reference ownership/source strategy must be confirmed before assigning final target path.,generated=2026-07-02T10:27:25.467Z
docs-api-reference/rtm2/_en/_harmonyos/_channel-en.harmonyos.mdx,api-reference-mdx-with-legacy-jsx,rtm2,harmonyos,,legacy-mdx-api-components,prefer structured API source or conservative Markdown rewrite after ownership review,content/docs/zh-CN/api-reference/rtm/_en/_harmonyos/_channel-en.harmonyos.mdx,blocked,high,API Reference ownership/source strategy must be confirmed before assigning final target path.,generated=2026-07-02T10:27:25.467Z
docs-api-reference/rtm2/_en/_harmonyos/_configuration-en.harmonyos.mdx,api-reference-mdx-with-legacy-jsx,rtm2,harmonyos,,legacy-mdx-api-components,prefer structured API source or conservative Markdown rewrite after ownership review,content/docs/zh-CN/api-reference/rtm/_en/_harmonyos/_configuration-en.harmonyos.mdx,blocked,high,API Reference ownership/source strategy must be confirmed before assigning final target path.,generated=2026-07-02T10:27:25.467Z
docs-api-reference/rtm2/_en/_harmonyos/_enumv-en.mdx,api-reference-mdx-with-legacy-jsx,rtm2,,,legacy-mdx-api-components,prefer structured API source or conservative Markdown rewrite after ownership review,content/docs/zh-CN/api-reference/rtm/_en/_harmonyos/_enumv-en.mdx,blocked,high,API Reference ownership/source strategy must be confirmed before assigning final target path.,generated=2026-07-02T10:27:25.467Z
docs-api-reference/rtm2/_en/_harmonyos/_lock-en.harmonyos.mdx,api-reference-mdx-with-legacy-jsx,rtm2,harmonyos,,legacy-mdx-api-components,prefer structured API source or conservative Markdown rewrite after ownership review,content/docs/zh-CN/api-reference/rtm/_en/_harmonyos/_lock-en.harmonyos.mdx,blocked,high,API Reference ownership/source strategy must be confirmed before assigning final target path.,generated=2026-07-02T10:27:25.467Z
docs-api-reference/rtm2/_en/_harmonyos/_message-en.harmonyos.mdx,api-reference-mdx-with-legacy-jsx,rtm2,harmonyos,,legacy-mdx-api-components,prefer structured API source or conservative Markdown rewrite after ownership review,content/docs/zh-CN/api-reference/rtm/_en/_harmonyos/_message-en.harmonyos.mdx,blocked,high,API Reference ownership/source strategy must be confirmed before assigning final target path.,generated=2026-07-02T10:27:25.467Z
docs-api-reference/rtm2/_en/_harmonyos/_presence-en.harmonyos.mdx,api-reference-mdx-with-legacy-jsx,rtm2,harmonyos,,legacy-mdx-api-components,prefer structured API source or conservative Markdown rewrite after ownership review,content/docs/zh-CN/api-reference/rtm/_en/_harmonyos/_presence-en.harmonyos.mdx,blocked,high,API Reference ownership/source strategy must be confirmed before assigning final target path.,generated=2026-07-02T10:27:25.467Z
docs-api-reference/rtm2/_en/_harmonyos/_storage-en.harmonyos.mdx,api-reference-mdx-with-legacy-jsx,rtm2,harmonyos,,legacy-mdx-api-components,prefer structured API source or conservative Markdown rewrite after ownership review,content/docs/zh-CN/api-reference/rtm/_en/_harmonyos/_storage-en.harmonyos.mdx,blocked,high,API Reference ownership/source strategy must be confirmed before assigning final target path.,generated=2026-07-02T10:27:25.467Z
docs-api-reference/rtm2/_en/_harmonyos/_token-en.harmonyos.mdx,api-reference-mdx-with-legacy-jsx,rtm2,harmonyos,,legacy-mdx-api-components,prefer structured API source or conservative Markdown rewrite after ownership review,content/docs/zh-CN/api-reference/rtm/_en/_harmonyos/_token-en.harmonyos.mdx,blocked,high,API Reference ownership/source strategy must be confirmed before assigning final target path.,generated=2026-07-02T10:27:25.467Z
docs-api-reference/rtm2/_en/_harmonyos/_topic-en.harmonyos.mdx,api-reference-mdx-with-legacy-jsx,rtm2,harmonyos,,legacy-mdx-api-components,prefer structured API source or conservative Markdown rewrite after ownership review,content/docs/zh-CN/api-reference/rtm/_en/_harmonyos/_topic-en.harmonyos.mdx,blocked,high,API Reference ownership/source strategy must be confirmed before assigning final target path.,generated=2026-07-02T10:27:25.467Z
docs-api-reference/rtm2/_en/_ios/_channel-en.ios.mdx,api-reference-mdx-with-legacy-jsx,rtm2,ios,,legacy-mdx-api-components,prefer structured API source or conservative Markdown rewrite after ownership review,content/docs/zh-CN/api-reference/rtm/_en/_ios/_channel-en.ios.mdx,blocked,high,API Reference ownership/source strategy must be confirmed before assigning final target path.,generated=2026-07-02T10:27:25.467Z
docs-api-reference/rtm2/_en/_ios/_configuration-en.ios.mdx,api-reference-mdx-with-legacy-jsx,rtm2,ios,,legacy-mdx-api-components,prefer structured API source or conservative Markdown rewrite after ownership review,content/docs/zh-CN/api-reference/rtm/_en/_ios/_configuration-en.ios.mdx,blocked,high,API Reference ownership/source strategy must be confirmed before assigning final target path.,generated=2026-07-02T10:27:25.467Z
docs-api-reference/rtm2/_en/_ios/_enumv-en.mdx,api-reference-mdx-with-legacy-jsx,rtm2,,,legacy-mdx-api-components,prefer structured API source or conservative Markdown rewrite after ownership review,content/docs/zh-CN/api-reference/rtm/_en/_ios/_enumv-en.mdx,blocked,high,API Reference ownership/source strategy must be confirmed before assigning final target path.,generated=2026-07-02T10:27:25.467Z
docs-api-reference/rtm2/_en/_ios/_lock-en.ios.mdx,api-reference-mdx-with-legacy-jsx,rtm2,ios,,legacy-mdx-api-components,prefer structured API source or conservative Markdown rewrite after ownership review,content/docs/zh-CN/api-reference/rtm/_en/_ios/_lock-en.ios.mdx,blocked,high,API Reference ownership/source strategy must be confirmed before assigning final target path.,generated=2026-07-02T10:27:25.467Z
docs-api-reference/rtm2/_en/_ios/_message-en.ios.mdx,api-reference-mdx-with-legacy-jsx,rtm2,ios,,legacy-mdx-api-components,prefer structured API source or conservative Markdown rewrite after ownership review,content/docs/zh-CN/api-reference/rtm/_en/_ios/_message-en.ios.mdx,blocked,high,API Reference ownership/source strategy must be confirmed before assigning final target path.,generated=2026-07-02T10:27:25.467Z
docs-api-reference/rtm2/_en/_ios/_presence-en.ios.mdx,api-reference-mdx-with-legacy-jsx,rtm2,ios,,legacy-mdx-api-components,prefer structured API source or conservative Markdown rewrite after ownership review,content/docs/zh-CN/api-reference/rtm/_en/_ios/_presence-en.ios.mdx,blocked,high,API Reference ownership/source strategy must be confirmed before assigning final target path.,generated=2026-07-02T10:27:25.467Z
docs-api-reference/rtm2/_en/_ios/_storage-en.ios.mdx,api-reference-mdx-with-legacy-jsx,rtm2,ios,,legacy-mdx-api-components,prefer structured API source or conservative Markdown rewrite after ownership review,content/docs/zh-CN/api-reference/rtm/_en/_ios/_storage-en.ios.mdx,blocked,high,API Reference ownership/source strategy must be confirmed before assigning final target path.,generated=2026-07-02T10:27:25.467Z
docs-api-reference/rtm2/_en/_ios/_token-en.ios.mdx,api-reference-mdx-with-legacy-jsx,rtm2,ios,,legacy-mdx-api-components,prefer structured API source or conservative Markdown rewrite after ownership review,content/docs/zh-CN/api-reference/rtm/_en/_ios/_token-en.ios.mdx,blocked,high,API Reference ownership/source strategy must be confirmed before assigning final target path.,generated=2026-07-02T10:27:25.467Z
docs-api-reference/rtm2/_en/_ios/_topic-en.ios.mdx,api-reference-mdx-with-legacy-jsx,rtm2,ios,,legacy-mdx-api-components,prefer structured API source or conservative Markdown rewrite after ownership review,content/docs/zh-CN/api-reference/rtm/_en/_ios/_topic-en.ios.mdx,blocked,high,API Reference ownership/source strategy must be confirmed before assigning final target path.,generated=2026-07-02T10:27:25.467Z
docs-api-reference/rtm2/_en/_javascript/_channel-en.javascript.mdx,api-reference-mdx-with-legacy-jsx,rtm2,javascript,,legacy-mdx-api-components,prefer structured API source or conservative Markdown rewrite after ownership review,content/docs/zh-CN/api-reference/rtm/_en/_javascript/_channel-en.javascript.mdx,blocked,high,API Reference ownership/source strategy must be confirmed before assigning final target path.,generated=2026-07-02T10:27:25.467Z
docs-api-reference/rtm2/_en/_javascript/_configuration-en.javascript.mdx,api-reference-mdx-with-legacy-jsx,rtm2,javascript,,legacy-mdx-api-components,prefer structured API source or conservative Markdown rewrite after ownership review,content/docs/zh-CN/api-reference/rtm/_en/_javascript/_configuration-en.javascript.mdx,blocked,high,API Reference ownership/source strategy must be confirmed before assigning final target path.,generated=2026-07-02T10:27:25.467Z
docs-api-reference/rtm2/_en/_javascript/_enumv-en.mdx,api-reference-mdx,rtm2,,,hand-authored-api-mdx,migrate as authored API reference Markdown after IA confirmation,content/docs/zh-CN/api-reference/rtm/_en/_javascript/_enumv-en.mdx,needs_review,medium,,generated=2026-07-02T10:27:25.467Z
docs-api-reference/rtm2/_en/_javascript/_lock-en.javascript.mdx,api-reference-mdx-with-legacy-jsx,rtm2,javascript,,legacy-mdx-api-components,prefer structured API source or conservative Markdown rewrite after ownership review,content/docs/zh-CN/api-reference/rtm/_en/_javascript/_lock-en.javascript.mdx,blocked,high,API Reference ownership/source strategy must be confirmed before assigning final target path.,generated=2026-07-02T10:27:25.467Z
docs-api-reference/rtm2/_en/_javascript/_message-en.javascript.mdx,api-reference-mdx-with-legacy-jsx,rtm2,javascript,,legacy-mdx-api-components,prefer structured API source or conservative Markdown rewrite after ownership review,content/docs/zh-CN/api-reference/rtm/_en/_javascript/_message-en.javascript.mdx,blocked,high,API Reference ownership/source strategy must be confirmed before assigning final target path.,generated=2026-07-02T10:27:25.467Z
docs-api-reference/rtm2/_en/_javascript/_presence-en.javascript.mdx,api-reference-mdx-with-legacy-jsx,rtm2,javascript,,legacy-mdx-api-components,prefer structured API source or conservative Markdown rewrite after ownership review,content/docs/zh-CN/api-reference/rtm/_en/_javascript/_presence-en.javascript.mdx,blocked,high,API Reference ownership/source strategy must be confirmed before assigning final target path.,generated=2026-07-02T10:27:25.467Z
docs-api-reference/rtm2/_en/_javascript/_storage-en.javascript.mdx,api-reference-mdx-with-legacy-jsx,rtm2,javascript,,legacy-mdx-api-components,prefer structured API source or conservative Markdown rewrite after ownership review,content/docs/zh-CN/api-reference/rtm/_en/_javascript/_storage-en.javascript.mdx,blocked,high,API Reference ownership/source strategy must be confirmed before assigning final target path.,generated=2026-07-02T10:27:25.467Z
docs-api-reference/rtm2/_en/_javascript/_token-en.javascript.mdx,api-reference-mdx-with-legacy-jsx,rtm2,javascript,,legacy-mdx-api-components,prefer structured API source or conservative Markdown rewrite after ownership review,content/docs/zh-CN/api-reference/rtm/_en/_javascript/_token-en.javascript.mdx,blocked,high,API Reference ownership/source strategy must be confirmed before assigning final target path.,generated=2026-07-02T10:27:25.467Z
docs-api-reference/rtm2/_en/_javascript/_topic-en.javascript.mdx,api-reference-mdx-with-legacy-jsx,rtm2,javascript,,legacy-mdx-api-components,prefer structured API source or conservative Markdown rewrite after ownership review,content/docs/zh-CN/api-reference/rtm/_en/_javascript/_topic-en.javascript.mdx,blocked,high,API Reference ownership/source strategy must be confirmed before assigning final target path.,generated=2026-07-02T10:27:25.467Z
docs-api-reference/rtm2/_en/_rn/channel.mdx,api-reference-mdx-with-legacy-jsx,rtm2,,,legacy-mdx-api-components,prefer structured API source or conservative Markdown rewrite after ownership review,content/docs/zh-CN/api-reference/rtm/_en/_rn/channel.mdx,blocked,high,API Reference ownership/source strategy must be confirmed before assigning final target path.,generated=2026-07-02T10:27:25.467Z
docs-api-reference/rtm2/_en/_rn/components-hooks.mdx,api-reference-mdx,rtm2,,,hand-authored-api-mdx,migrate as authored API reference Markdown after IA confirmation,content/docs/zh-CN/api-reference/rtm/_en/_rn/components-hooks.mdx,needs_review,medium,,generated=2026-07-02T10:27:25.467Z
docs-api-reference/rtm2/_en/_rn/configuration.mdx,api-reference-mdx-with-legacy-jsx,rtm2,,,legacy-mdx-api-components,prefer structured API source or conservative Markdown rewrite after ownership review,content/docs/zh-CN/api-reference/rtm/_en/_rn/configuration.mdx,blocked,high,API Reference ownership/source strategy must be confirmed before assigning final target path.,generated=2026-07-02T10:27:25.467Z
docs-api-reference/rtm2/_en/_rn/enumv.mdx,api-reference-mdx-with-legacy-jsx,rtm2,,,legacy-mdx-api-components,prefer structured API source or conservative Markdown rewrite after ownership review,content/docs/zh-CN/api-reference/rtm/_en/_rn/enumv.mdx,blocked,high,API Reference ownership/source strategy must be confirmed before assigning final target path.,generated=2026-07-02T10:27:25.467Z
docs-api-reference/rtm2/_en/_rn/error-codes.mdx,api-reference-mdx,rtm2,,,hand-authored-api-mdx,migrate as authored API reference Markdown after IA confirmation,content/docs/zh-CN/api-reference/rtm/_en/_rn/error-codes.mdx,needs_review,medium,,generated=2026-07-02T10:27:25.467Z
docs-api-reference/rtm2/_en/_rn/lock.mdx,api-reference-mdx-with-legacy-jsx,rtm2,,,legacy-mdx-api-components,prefer structured API source or conservative Markdown rewrite after ownership review,content/docs/zh-CN/api-reference/rtm/_en/_rn/lock.mdx,blocked,high,API Reference ownership/source strategy must be confirmed before assigning final target path.,generated=2026-07-02T10:27:25.467Z
docs-api-reference/rtm2/_en/_rn/message.mdx,api-reference-mdx-with-legacy-jsx,rtm2,,,legacy-mdx-api-components,prefer structured API source or conservative Markdown rewrite after ownership review,content/docs/zh-CN/api-reference/rtm/_en/_rn/message.mdx,blocked,high,API Reference ownership/source strategy must be confirmed before assigning final target path.,generated=2026-07-02T10:27:25.467Z
docs-api-reference/rtm2/_en/_rn/presence.mdx,api-reference-mdx-with-legacy-jsx,rtm2,,,legacy-mdx-api-components,prefer structured API source or conservative Markdown rewrite after ownership review,content/docs/zh-CN/api-reference/rtm/_en/_rn/presence.mdx,blocked,high,API Reference ownership/source strategy must be confirmed before assigning final target path.,generated=2026-07-02T10:27:25.467Z
docs-api-reference/rtm2/_en/_rn/storage.mdx,api-reference-mdx-with-legacy-jsx,rtm2,,,legacy-mdx-api-components,prefer structured API source or conservative Markdown rewrite after ownership review,content/docs/zh-CN/api-reference/rtm/_en/_rn/storage.mdx,blocked,high,API Reference ownership/source strategy must be confirmed before assigning final target path.,generated=2026-07-02T10:27:25.467Z
docs-api-reference/rtm2/_en/_rn/token.mdx,api-reference-mdx-with-legacy-jsx,rtm2,,,legacy-mdx-api-components,prefer structured API source or conservative Markdown rewrite after ownership review,content/docs/zh-CN/api-reference/rtm/_en/_rn/token.mdx,blocked,high,API Reference ownership/source strategy must be confirmed before assigning final target path.,generated=2026-07-02T10:27:25.467Z
docs-api-reference/rtm2/_en/_rn/topic.mdx,api-reference-mdx-with-legacy-jsx,rtm2,,,legacy-mdx-api-components,prefer structured API source or conservative Markdown rewrite after ownership review,content/docs/zh-CN/api-reference/rtm/_en/_rn/topic.mdx,blocked,high,API Reference ownership/source strategy must be confirmed before assigning final target path.,generated=2026-07-02T10:27:25.467Z
docs-api-reference/rtm2/_en/_swift/_channel-en.swift.mdx,api-reference-mdx-with-legacy-jsx,rtm2,swift,,legacy-mdx-api-components,prefer structured API source or conservative Markdown rewrite after ownership review,content/docs/zh-CN/api-reference/rtm/_en/_swift/_channel-en.swift.mdx,blocked,high,API Reference ownership/source strategy must be confirmed before assigning final target path.,generated=2026-07-02T10:27:25.467Z
docs-api-reference/rtm2/_en/_swift/_configuration-en.swift.mdx,api-reference-mdx-with-legacy-jsx,rtm2,swift,,legacy-mdx-api-components,prefer structured API source or conservative Markdown rewrite after ownership review,content/docs/zh-CN/api-reference/rtm/_en/_swift/_configuration-en.swift.mdx,blocked,high,API Reference ownership/source strategy must be confirmed before assigning final target path.,generated=2026-07-02T10:27:25.467Z
docs-api-reference/rtm2/_en/_swift/_enumv-en.swift.mdx,api-reference-mdx-with-legacy-jsx,rtm2,swift,,legacy-mdx-api-components,prefer structured API source or conservative Markdown rewrite after ownership review,content/docs/zh-CN/api-reference/rtm/_en/_swift/_enumv-en.swift.mdx,blocked,high,API Reference ownership/source strategy must be confirmed before assigning final target path.,generated=2026-07-02T10:27:25.467Z
docs-api-reference/rtm2/_en/_swift/_lock-en.swift.mdx,api-reference-mdx-with-legacy-jsx,rtm2,swift,,legacy-mdx-api-components,prefer structured API source or conservative Markdown rewrite after ownership review,content/docs/zh-CN/api-reference/rtm/_en/_swift/_lock-en.swift.mdx,blocked,high,API Reference ownership/source strategy must be confirmed before assigning final target path.,generated=2026-07-02T10:27:25.467Z
docs-api-reference/rtm2/_en/_swift/_message-en.swift.mdx,api-reference-mdx-with-legacy-jsx,rtm2,swift,,legacy-mdx-api-components,prefer structured API source or conservative Markdown rewrite after ownership review,content/docs/zh-CN/api-reference/rtm/_en/_swift/_message-en.swift.mdx,blocked,high,API Reference ownership/source strategy must be confirmed before assigning final target path.,generated=2026-07-02T10:27:25.467Z
docs-api-reference/rtm2/_en/_swift/_presence-en.swift.mdx,api-reference-mdx-with-legacy-jsx,rtm2,swift,,legacy-mdx-api-components,prefer structured API source or conservative Markdown rewrite after ownership review,content/docs/zh-CN/api-reference/rtm/_en/_swift/_presence-en.swift.mdx,blocked,high,API Reference ownership/source strategy must be confirmed before assigning final target path.,generated=2026-07-02T10:27:25.467Z
docs-api-reference/rtm2/_en/_swift/_storage-en.swift.mdx,api-reference-mdx-with-legacy-jsx,rtm2,swift,,legacy-mdx-api-components,prefer structured API source or conservative Markdown rewrite after ownership review,content/docs/zh-CN/api-reference/rtm/_en/_swift/_storage-en.swift.mdx,blocked,high,API Reference ownership/source strategy must be confirmed before assigning final target path.,generated=2026-07-02T10:27:25.467Z
docs-api-reference/rtm2/_en/_swift/_token-en.swift.mdx,api-reference-mdx-with-legacy-jsx,rtm2,swift,,legacy-mdx-api-components,prefer structured API source or conservative Markdown rewrite after ownership review,content/docs/zh-CN/api-reference/rtm/_en/_swift/_token-en.swift.mdx,blocked,high,API Reference ownership/source strategy must be confirmed before assigning final target path.,generated=2026-07-02T10:27:25.467Z
docs-api-reference/rtm2/_en/_swift/_topic-en.swift.mdx,api-reference-mdx-with-legacy-jsx,rtm2,swift,,legacy-mdx-api-components,prefer structured API source or conservative Markdown rewrite after ownership review,content/docs/zh-CN/api-reference/rtm/_en/_swift/_topic-en.swift.mdx,blocked,high,API Reference ownership/source strategy must be confirmed before assigning final target path.,generated=2026-07-02T10:27:25.467Z
docs-api-reference/rtm2/_en/_unity/_channel-en.unity.mdx,api-reference-mdx-with-legacy-jsx,rtm2,unity,,legacy-mdx-api-components,prefer structured API source or conservative Markdown rewrite after ownership review,content/docs/zh-CN/api-reference/rtm/_en/_unity/_channel-en.unity.mdx,blocked,high,API Reference ownership/source strategy must be confirmed before assigning final target path.,generated=2026-07-02T10:27:25.467Z
docs-api-reference/rtm2/_en/_unity/_configuration-en.unity.mdx,api-reference-mdx-with-legacy-jsx,rtm2,unity,,legacy-mdx-api-components,prefer structured API source or conservative Markdown rewrite after ownership review,content/docs/zh-CN/api-reference/rtm/_en/_unity/_configuration-en.unity.mdx,blocked,high,API Reference ownership/source strategy must be confirmed before assigning final target path.,generated=2026-07-02T10:27:25.467Z
docs-api-reference/rtm2/_en/_unity/_enumv-en.mdx,api-reference-mdx-with-legacy-jsx,rtm2,,,legacy-mdx-api-components,prefer structured API source or conservative Markdown rewrite after ownership review,content/docs/zh-CN/api-reference/rtm/_en/_unity/_enumv-en.mdx,blocked,high,API Reference ownership/source strategy must be confirmed before assigning final target path.,generated=2026-07-02T10:27:25.467Z
docs-api-reference/rtm2/_en/_unity/_lock-en.unity.mdx,api-reference-mdx-with-legacy-jsx,rtm2,unity,,legacy-mdx-api-components,prefer structured API source or conservative Markdown rewrite after ownership review,content/docs/zh-CN/api-reference/rtm/_en/_unity/_lock-en.unity.mdx,blocked,high,API Reference ownership/source strategy must be confirmed before assigning final target path.,generated=2026-07-02T10:27:25.467Z
docs-api-reference/rtm2/_en/_unity/_message-en.unity.mdx,api-reference-mdx-with-legacy-jsx,rtm2,unity,,legacy-mdx-api-components,prefer structured API source or conservative Markdown rewrite after ownership review,content/docs/zh-CN/api-reference/rtm/_en/_unity/_message-en.unity.mdx,blocked,high,API Reference ownership/source strategy must be confirmed before assigning final target path.,generated=2026-07-02T10:27:25.467Z
docs-api-reference/rtm2/_en/_unity/_presence-en.unity.mdx,api-reference-mdx-with-legacy-jsx,rtm2,unity,,legacy-mdx-api-components,prefer structured API source or conservative Markdown rewrite after ownership review,content/docs/zh-CN/api-reference/rtm/_en/_unity/_presence-en.unity.mdx,blocked,high,API Reference ownership/source strategy must be confirmed before assigning final target path.,generated=2026-07-02T10:27:25.467Z
docs-api-reference/rtm2/_en/_unity/_storage-en.unity.mdx,api-reference-mdx-with-legacy-jsx,rtm2,unity,,legacy-mdx-api-components,prefer structured API source or conservative Markdown rewrite after ownership review,content/docs/zh-CN/api-reference/rtm/_en/_unity/_storage-en.unity.mdx,blocked,high,API Reference ownership/source strategy must be confirmed before assigning final target path.,generated=2026-07-02T10:27:25.467Z
docs-api-reference/rtm2/_en/_unity/_topic-en.unity.mdx,api-reference-mdx-with-legacy-jsx,rtm2,unity,,legacy-mdx-api-components,prefer structured API source or conservative Markdown rewrite after ownership review,content/docs/zh-CN/api-reference/rtm/_en/_unity/_topic-en.unity.mdx,blocked,high,API Reference ownership/source strategy must be confirmed before assigning final target path.,generated=2026-07-02T10:27:25.467Z
docs-api-reference/rtm2/components-hooks.rn.mdx,api-reference-mdx,rtm2,rn,,hand-authored-api-mdx,migrate as authored API reference Markdown after IA confirmation,content/docs/zh-CN/api-reference/rtm/components-hooks.rn.mdx,needs_review,medium,,generated=2026-07-02T10:27:25.467Z
docs-api-reference/rtm2/enumv.android.ios.cpp.flutter.swift.harmonyos.mdx,api-reference-mdx-with-legacy-jsx,rtm2,android|ios|flutter|harmonyos|swift|cpp,,legacy-mdx-api-components,prefer structured API source or conservative Markdown rewrite after ownership review,content/docs/zh-CN/api-reference/rtm/enumv.android.ios.cpp.flutter.swift.harmonyos.mdx,blocked,high,API Reference ownership/source strategy must be confirmed before assigning final target path.,generated=2026-07-02T10:27:25.467Z
docs-api-reference/rtm2/enumv.javascript.mdx,api-reference-mdx,rtm2,javascript,,hand-authored-api-mdx,migrate as authored API reference Markdown after IA confirmation,content/docs/zh-CN/api-reference/rtm/enumv.javascript.mdx,needs_review,medium,,generated=2026-07-02T10:27:25.467Z
docs-api-reference/rtm2/enumv.rn.mdx,api-reference-mdx-with-legacy-jsx,rtm2,rn,,legacy-mdx-api-components,prefer structured API source or conservative Markdown rewrite after ownership review,content/docs/zh-CN/api-reference/rtm/enumv.rn.mdx,blocked,high,API Reference ownership/source strategy must be confirmed before assigning final target path.,generated=2026-07-02T10:27:25.467Z
docs-api-reference/rtm2/enumv.unity.mdx,api-reference-mdx-with-legacy-jsx,rtm2,unity,,legacy-mdx-api-components,prefer structured API source or conservative Markdown rewrite after ownership review,content/docs/zh-CN/api-reference/rtm/enumv.unity.mdx,blocked,high,API Reference ownership/source strategy must be confirmed before assigning final target path.,generated=2026-07-02T10:27:25.467Z
docs-api-reference/rtm2/error-codes.rn.mdx,api-reference-mdx,rtm2,rn,,hand-authored-api-mdx,migrate as authored API reference Markdown after IA confirmation,content/docs/zh-CN/api-reference/rtm/error-codes.rn.mdx,needs_review,medium,,generated=2026-07-02T10:27:25.467Z
docs-api-reference/rtm2/toc-channel/channel.android.mdx,api-reference-mdx-with-legacy-jsx,rtm2,android,,legacy-mdx-api-components,prefer structured API source or conservative Markdown rewrite after ownership review,content/docs/zh-CN/api-reference/rtm/toc-channel/channel.android.mdx,blocked,high,API Reference ownership/source strategy must be confirmed before assigning final target path.,generated=2026-07-02T10:27:25.467Z
docs-api-reference/rtm2/toc-channel/channel.cpp.mdx,api-reference-mdx-with-legacy-jsx,rtm2,cpp,,legacy-mdx-api-components,prefer structured API source or conservative Markdown rewrite after ownership review,content/docs/zh-CN/api-reference/rtm/toc-channel/channel.cpp.mdx,blocked,high,API Reference ownership/source strategy must be confirmed before assigning final target path.,generated=2026-07-02T10:27:25.467Z
docs-api-reference/rtm2/toc-channel/channel.flutter.mdx,api-reference-mdx-with-legacy-jsx,rtm2,flutter,,legacy-mdx-api-components,prefer structured API source or conservative Markdown rewrite after ownership review,content/docs/zh-CN/api-reference/rtm/toc-channel/channel.flutter.mdx,blocked,high,API Reference ownership/source strategy must be confirmed before assigning final target path.,generated=2026-07-02T10:27:25.467Z
docs-api-reference/rtm2/toc-channel/channel.harmonyos.mdx,api-reference-mdx-with-legacy-jsx,rtm2,harmonyos,,legacy-mdx-api-components,prefer structured API source or conservative Markdown rewrite after ownership review,content/docs/zh-CN/api-reference/rtm/toc-channel/channel.harmonyos.mdx,blocked,high,API Reference ownership/source strategy must be confirmed before assigning final target path.,generated=2026-07-02T10:27:25.467Z
docs-api-reference/rtm2/toc-channel/channel.ios.mdx,api-reference-mdx-with-legacy-jsx,rtm2,ios,,legacy-mdx-api-components,prefer structured API source or conservative Markdown rewrite after ownership review,content/docs/zh-CN/api-reference/rtm/toc-channel/channel.ios.mdx,blocked,high,API Reference ownership/source strategy must be confirmed before assigning final target path.,generated=2026-07-02T10:27:25.467Z
docs-api-reference/rtm2/toc-channel/channel.javascript.mdx,api-reference-mdx-with-legacy-jsx,rtm2,javascript,,legacy-mdx-api-components,prefer structured API source or conservative Markdown rewrite after ownership review,content/docs/zh-CN/api-reference/rtm/toc-channel/channel.javascript.mdx,blocked,high,API Reference ownership/source strategy must be confirmed before assigning final target path.,generated=2026-07-02T10:27:25.467Z
docs-api-reference/rtm2/toc-channel/channel.rn.mdx,api-reference-mdx-with-legacy-jsx,rtm2,rn,,legacy-mdx-api-components,prefer structured API source or conservative Markdown rewrite after ownership review,content/docs/zh-CN/api-reference/rtm/toc-channel/channel.rn.mdx,blocked,high,API Reference ownership/source strategy must be confirmed before assigning final target path.,generated=2026-07-02T10:27:25.467Z
docs-api-reference/rtm2/toc-channel/channel.swift.mdx,api-reference-mdx-with-legacy-jsx,rtm2,swift,,legacy-mdx-api-components,prefer structured API source or conservative Markdown rewrite after ownership review,content/docs/zh-CN/api-reference/rtm/toc-channel/channel.swift.mdx,blocked,high,API Reference ownership/source strategy must be confirmed before assigning final target path.,generated=2026-07-02T10:27:25.467Z
docs-api-reference/rtm2/toc-channel/channel.unity.mdx,api-reference-mdx-with-legacy-jsx,rtm2,unity,,legacy-mdx-api-components,prefer structured API source or conservative Markdown rewrite after ownership review,content/docs/zh-CN/api-reference/rtm/toc-channel/channel.unity.mdx,blocked,high,API Reference ownership/source strategy must be confirmed before assigning final target path.,generated=2026-07-02T10:27:25.467Z
docs-api-reference/rtm2/toc-configuration/configuration.android.mdx,api-reference-mdx-with-legacy-jsx,rtm2,android,,legacy-mdx-api-components,prefer structured API source or conservative Markdown rewrite after ownership review,content/docs/zh-CN/api-reference/rtm/toc-configuration/configuration.android.mdx,blocked,high,API Reference ownership/source strategy must be confirmed before assigning final target path.,generated=2026-07-02T10:27:25.467Z
docs-api-reference/rtm2/toc-configuration/configuration.cpp.mdx,api-reference-mdx-with-legacy-jsx,rtm2,cpp,,legacy-mdx-api-components,prefer structured API source or conservative Markdown rewrite after ownership review,content/docs/zh-CN/api-reference/rtm/toc-configuration/configuration.cpp.mdx,blocked,high,API Reference ownership/source strategy must be confirmed before assigning final target path.,generated=2026-07-02T10:27:25.467Z
docs-api-reference/rtm2/toc-configuration/configuration.flutter.mdx,api-reference-mdx-with-legacy-jsx,rtm2,flutter,,legacy-mdx-api-components,prefer structured API source or conservative Markdown rewrite after ownership review,content/docs/zh-CN/api-reference/rtm/toc-configuration/configuration.flutter.mdx,blocked,high,API Reference ownership/source strategy must be confirmed before assigning final target path.,generated=2026-07-02T10:27:25.467Z
docs-api-reference/rtm2/toc-configuration/configuration.harmonyos.mdx,api-reference-mdx-with-legacy-jsx,rtm2,harmonyos,,legacy-mdx-api-components,prefer structured API source or conservative Markdown rewrite after ownership review,content/docs/zh-CN/api-reference/rtm/toc-configuration/configuration.harmonyos.mdx,blocked,high,API Reference ownership/source strategy must be confirmed before assigning final target path.,generated=2026-07-02T10:27:25.467Z
docs-api-reference/rtm2/toc-configuration/configuration.ios.mdx,api-reference-mdx-with-legacy-jsx,rtm2,ios,,legacy-mdx-api-components,prefer structured API source or conservative Markdown rewrite after ownership review,content/docs/zh-CN/api-reference/rtm/toc-configuration/configuration.ios.mdx,blocked,high,API Reference ownership/source strategy must be confirmed before assigning final target path.,generated=2026-07-02T10:27:25.467Z
docs-api-reference/rtm2/toc-configuration/configuration.javascript.mdx,api-reference-mdx-with-legacy-jsx,rtm2,javascript,,legacy-mdx-api-components,prefer structured API source or conservative Markdown rewrite after ownership review,content/docs/zh-CN/api-reference/rtm/toc-configuration/configuration.javascript.mdx,blocked,high,API Reference ownership/source strategy must be confirmed before assigning final target path.,generated=2026-07-02T10:27:25.467Z
docs-api-reference/rtm2/toc-configuration/configuration.rn.mdx,api-reference-mdx-with-legacy-jsx,rtm2,rn,,legacy-mdx-api-components,prefer structured API source or conservative Markdown rewrite after ownership review,content/docs/zh-CN/api-reference/rtm/toc-configuration/configuration.rn.mdx,blocked,high,API Reference ownership/source strategy must be confirmed before assigning final target path.,generated=2026-07-02T10:27:25.467Z
docs-api-reference/rtm2/toc-configuration/configuration.swift.mdx,api-reference-mdx-with-legacy-jsx,rtm2,swift,,legacy-mdx-api-components,prefer structured API source or conservative Markdown rewrite after ownership review,content/docs/zh-CN/api-reference/rtm/toc-configuration/configuration.swift.mdx,blocked,high,API Reference ownership/source strategy must be confirmed before assigning final target path.,generated=2026-07-02T10:27:25.467Z
docs-api-reference/rtm2/toc-configuration/configuration.unity.mdx,api-reference-mdx-with-legacy-jsx,rtm2,unity,,legacy-mdx-api-components,prefer structured API source or conservative Markdown rewrite after ownership review,content/docs/zh-CN/api-reference/rtm/toc-configuration/configuration.unity.mdx,blocked,high,API Reference ownership/source strategy must be confirmed before assigning final target path.,generated=2026-07-02T10:27:25.467Z
docs-api-reference/rtm2/toc-lock/lock.android.mdx,api-reference-mdx-with-legacy-jsx,rtm2,android,,legacy-mdx-api-components,prefer structured API source or conservative Markdown rewrite after ownership review,content/docs/zh-CN/api-reference/rtm/toc-lock/lock.android.mdx,blocked,high,API Reference ownership/source strategy must be confirmed before assigning final target path.,generated=2026-07-02T10:27:25.467Z
docs-api-reference/rtm2/toc-lock/lock.cpp.mdx,api-reference-mdx-with-legacy-jsx,rtm2,cpp,,legacy-mdx-api-components,prefer structured API source or conservative Markdown rewrite after ownership review,content/docs/zh-CN/api-reference/rtm/toc-lock/lock.cpp.mdx,blocked,high,API Reference ownership/source strategy must be confirmed before assigning final target path.,generated=2026-07-02T10:27:25.467Z
docs-api-reference/rtm2/toc-lock/lock.flutter.mdx,api-reference-mdx-with-legacy-jsx,rtm2,flutter,,legacy-mdx-api-components,prefer structured API source or conservative Markdown rewrite after ownership review,content/docs/zh-CN/api-reference/rtm/toc-lock/lock.flutter.mdx,blocked,high,API Reference ownership/source strategy must be confirmed before assigning final target path.,generated=2026-07-02T10:27:25.467Z
docs-api-reference/rtm2/toc-lock/lock.harmonyos.mdx,api-reference-mdx-with-legacy-jsx,rtm2,harmonyos,,legacy-mdx-api-components,prefer structured API source or conservative Markdown rewrite after ownership review,content/docs/zh-CN/api-reference/rtm/toc-lock/lock.harmonyos.mdx,blocked,high,API Reference ownership/source strategy must be confirmed before assigning final target path.,generated=2026-07-02T10:27:25.467Z
docs-api-reference/rtm2/toc-lock/lock.ios.mdx,api-reference-mdx-with-legacy-jsx,rtm2,ios,,legacy-mdx-api-components,prefer structured API source or conservative Markdown rewrite after ownership review,content/docs/zh-CN/api-reference/rtm/toc-lock/lock.ios.mdx,blocked,high,API Reference ownership/source strategy must be confirmed before assigning final target path.,generated=2026-07-02T10:27:25.467Z
docs-api-reference/rtm2/toc-lock/lock.javascript.mdx,api-reference-mdx-with-legacy-jsx,rtm2,javascript,,legacy-mdx-api-components,prefer structured API source or conservative Markdown rewrite after ownership review,content/docs/zh-CN/api-reference/rtm/toc-lock/lock.javascript.mdx,blocked,high,API Reference ownership/source strategy must be confirmed before assigning final target path.,generated=2026-07-02T10:27:25.467Z
docs-api-reference/rtm2/toc-lock/lock.rn.mdx,api-reference-mdx-with-legacy-jsx,rtm2,rn,,legacy-mdx-api-components,prefer structured API source or conservative Markdown rewrite after ownership review,content/docs/zh-CN/api-reference/rtm/toc-lock/lock.rn.mdx,blocked,high,API Reference ownership/source strategy must be confirmed before assigning final target path.,generated=2026-07-02T10:27:25.467Z
docs-api-reference/rtm2/toc-lock/lock.swift.mdx,api-reference-mdx-with-legacy-jsx,rtm2,swift,,legacy-mdx-api-components,prefer structured API source or conservative Markdown rewrite after ownership review,content/docs/zh-CN/api-reference/rtm/toc-lock/lock.swift.mdx,blocked,high,API Reference ownership/source strategy must be confirmed before assigning final target path.,generated=2026-07-02T10:27:25.467Z
docs-api-reference/rtm2/toc-lock/lock.unity.mdx,api-reference-mdx-with-legacy-jsx,rtm2,unity,,legacy-mdx-api-components,prefer structured API source or conservative Markdown rewrite after ownership review,content/docs/zh-CN/api-reference/rtm/toc-lock/lock.unity.mdx,blocked,high,API Reference ownership/source strategy must be confirmed before assigning final target path.,generated=2026-07-02T10:27:25.467Z
docs-api-reference/rtm2/toc-message/message.android.mdx,api-reference-mdx-with-legacy-jsx,rtm2,android,,legacy-mdx-api-components,prefer structured API source or conservative Markdown rewrite after ownership review,content/docs/zh-CN/api-reference/rtm/toc-message/message.android.mdx,blocked,high,API Reference ownership/source strategy must be confirmed before assigning final target path.,generated=2026-07-02T10:27:25.467Z
docs-api-reference/rtm2/toc-message/message.cpp.mdx,api-reference-mdx-with-legacy-jsx,rtm2,cpp,,legacy-mdx-api-components,prefer structured API source or conservative Markdown rewrite after ownership review,content/docs/zh-CN/api-reference/rtm/toc-message/message.cpp.mdx,blocked,high,API Reference ownership/source strategy must be confirmed before assigning final target path.,generated=2026-07-02T10:27:25.467Z
docs-api-reference/rtm2/toc-message/message.flutter.mdx,api-reference-mdx-with-legacy-jsx,rtm2,flutter,,legacy-mdx-api-components,prefer structured API source or conservative Markdown rewrite after ownership review,content/docs/zh-CN/api-reference/rtm/toc-message/message.flutter.mdx,blocked,high,API Reference ownership/source strategy must be confirmed before assigning final target path.,generated=2026-07-02T10:27:25.467Z
docs-api-reference/rtm2/toc-message/message.harmonyos.mdx,api-reference-mdx-with-legacy-jsx,rtm2,harmonyos,,legacy-mdx-api-components,prefer structured API source or conservative Markdown rewrite after ownership review,content/docs/zh-CN/api-reference/rtm/toc-message/message.harmonyos.mdx,blocked,high,API Reference ownership/source strategy must be confirmed before assigning final target path.,generated=2026-07-02T10:27:25.467Z
docs-api-reference/rtm2/toc-message/message.ios.mdx,api-reference-mdx-with-legacy-jsx,rtm2,ios,,legacy-mdx-api-components,prefer structured API source or conservative Markdown rewrite after ownership review,content/docs/zh-CN/api-reference/rtm/toc-message/message.ios.mdx,blocked,high,API Reference ownership/source strategy must be confirmed before assigning final target path.,generated=2026-07-02T10:27:25.467Z
docs-api-reference/rtm2/toc-message/message.javascript.mdx,api-reference-mdx-with-legacy-jsx,rtm2,javascript,,legacy-mdx-api-components,prefer structured API source or conservative Markdown rewrite after ownership review,content/docs/zh-CN/api-reference/rtm/toc-message/message.javascript.mdx,blocked,high,API Reference ownership/source strategy must be confirmed before assigning final target path.,generated=2026-07-02T10:27:25.467Z
docs-api-reference/rtm2/toc-message/message.rn.mdx,api-reference-mdx-with-legacy-jsx,rtm2,rn,,legacy-mdx-api-components,prefer structured API source or conservative Markdown rewrite after ownership review,content/docs/zh-CN/api-reference/rtm/toc-message/message.rn.mdx,blocked,high,API Reference ownership/source strategy must be confirmed before assigning final target path.,generated=2026-07-02T10:27:25.467Z
docs-api-reference/rtm2/toc-message/message.swift.mdx,api-reference-mdx-with-legacy-jsx,rtm2,swift,,legacy-mdx-api-components,prefer structured API source or conservative Markdown rewrite after ownership review,content/docs/zh-CN/api-reference/rtm/toc-message/message.swift.mdx,blocked,high,API Reference ownership/source strategy must be confirmed before assigning final target path.,generated=2026-07-02T10:27:25.467Z
docs-api-reference/rtm2/toc-message/message.unity.mdx,api-reference-mdx-with-legacy-jsx,rtm2,unity,,legacy-mdx-api-components,prefer structured API source or conservative Markdown rewrite after ownership review,content/docs/zh-CN/api-reference/rtm/toc-message/message.unity.mdx,blocked,high,API Reference ownership/source strategy must be confirmed before assigning final target path.,generated=2026-07-02T10:27:25.467Z
docs-api-reference/rtm2/toc-message/publish.restful.mdx,api-reference-mdx,rtm2,restful,,hand-authored-api-mdx,migrate as authored API reference Markdown after IA confirmation,content/docs/zh-CN/api-reference/rtm/toc-message/publish.restful.mdx,needs_review,medium,,generated=2026-07-02T10:27:25.467Z
docs-api-reference/rtm2/toc-message/receive.restful.mdx,api-reference-mdx,rtm2,restful,,hand-authored-api-mdx,migrate as authored API reference Markdown after IA confirmation,content/docs/zh-CN/api-reference/rtm/toc-message/receive.restful.mdx,needs_review,medium,,generated=2026-07-02T10:27:25.467Z
docs-api-reference/rtm2/toc-message/response-code.restful.mdx,api-reference-mdx,rtm2,restful,,hand-authored-api-mdx,migrate as authored API reference Markdown after IA confirmation,content/docs/zh-CN/api-reference/rtm/toc-message/response-code.restful.mdx,needs_review,medium,,generated=2026-07-02T10:27:25.467Z
docs-api-reference/rtm2/toc-presence/presence.android.mdx,api-reference-mdx-with-legacy-jsx,rtm2,android,,legacy-mdx-api-components,prefer structured API source or conservative Markdown rewrite after ownership review,content/docs/zh-CN/api-reference/rtm/toc-presence/presence.android.mdx,blocked,high,API Reference ownership/source strategy must be confirmed before assigning final target path.,generated=2026-07-02T10:27:25.467Z
docs-api-reference/rtm2/toc-presence/presence.cpp.mdx,api-reference-mdx-with-legacy-jsx,rtm2,cpp,,legacy-mdx-api-components,prefer structured API source or conservative Markdown rewrite after ownership review,content/docs/zh-CN/api-reference/rtm/toc-presence/presence.cpp.mdx,blocked,high,API Reference ownership/source strategy must be confirmed before assigning final target path.,generated=2026-07-02T10:27:25.467Z
docs-api-reference/rtm2/toc-presence/presence.flutter.mdx,api-reference-mdx-with-legacy-jsx,rtm2,flutter,,legacy-mdx-api-components,prefer structured API source or conservative Markdown rewrite after ownership review,content/docs/zh-CN/api-reference/rtm/toc-presence/presence.flutter.mdx,blocked,high,API Reference ownership/source strategy must be confirmed before assigning final target path.,generated=2026-07-02T10:27:25.467Z
docs-api-reference/rtm2/toc-presence/presence.harmonyos.mdx,api-reference-mdx-with-legacy-jsx,rtm2,harmonyos,,legacy-mdx-api-components,prefer structured API source or conservative Markdown rewrite after ownership review,content/docs/zh-CN/api-reference/rtm/toc-presence/presence.harmonyos.mdx,blocked,high,API Reference ownership/source strategy must be confirmed before assigning final target path.,generated=2026-07-02T10:27:25.467Z
docs-api-reference/rtm2/toc-presence/presence.ios.mdx,api-reference-mdx-with-legacy-jsx,rtm2,ios,,legacy-mdx-api-components,prefer structured API source or conservative Markdown rewrite after ownership review,content/docs/zh-CN/api-reference/rtm/toc-presence/presence.ios.mdx,blocked,high,API Reference ownership/source strategy must be confirmed before assigning final target path.,generated=2026-07-02T10:27:25.467Z
docs-api-reference/rtm2/toc-presence/presence.javascript.mdx,api-reference-mdx-with-legacy-jsx,rtm2,javascript,,legacy-mdx-api-components,prefer structured API source or conservative Markdown rewrite after ownership review,content/docs/zh-CN/api-reference/rtm/toc-presence/presence.javascript.mdx,blocked,high,API Reference ownership/source strategy must be confirmed before assigning final target path.,generated=2026-07-02T10:27:25.467Z
docs-api-reference/rtm2/toc-presence/presence.rn.mdx,api-reference-mdx-with-legacy-jsx,rtm2,rn,,legacy-mdx-api-components,prefer structured API source or conservative Markdown rewrite after ownership review,content/docs/zh-CN/api-reference/rtm/toc-presence/presence.rn.mdx,blocked,high,API Reference ownership/source strategy must be confirmed before assigning final target path.,generated=2026-07-02T10:27:25.467Z
docs-api-reference/rtm2/toc-presence/presence.swift.mdx,api-reference-mdx-with-legacy-jsx,rtm2,swift,,legacy-mdx-api-components,prefer structured API source or conservative Markdown rewrite after ownership review,content/docs/zh-CN/api-reference/rtm/toc-presence/presence.swift.mdx,blocked,high,API Reference ownership/source strategy must be confirmed before assigning final target path.,generated=2026-07-02T10:27:25.467Z
docs-api-reference/rtm2/toc-presence/presence.unity.mdx,api-reference-mdx-with-legacy-jsx,rtm2,unity,,legacy-mdx-api-components,prefer structured API source or conservative Markdown rewrite after ownership review,content/docs/zh-CN/api-reference/rtm/toc-presence/presence.unity.mdx,blocked,high,API Reference ownership/source strategy must be confirmed before assigning final target path.,generated=2026-07-02T10:27:25.467Z
docs-api-reference/rtm2/toc-storage/storage.android.mdx,api-reference-mdx-with-legacy-jsx,rtm2,android,,legacy-mdx-api-components,prefer structured API source or conservative Markdown rewrite after ownership review,content/docs/zh-CN/api-reference/rtm/toc-storage/storage.android.mdx,blocked,high,API Reference ownership/source strategy must be confirmed before assigning final target path.,generated=2026-07-02T10:27:25.467Z
docs-api-reference/rtm2/toc-storage/storage.cpp.mdx,api-reference-mdx-with-legacy-jsx,rtm2,cpp,,legacy-mdx-api-components,prefer structured API source or conservative Markdown rewrite after ownership review,content/docs/zh-CN/api-reference/rtm/toc-storage/storage.cpp.mdx,blocked,high,API Reference ownership/source strategy must be confirmed before assigning final target path.,generated=2026-07-02T10:27:25.467Z
docs-api-reference/rtm2/toc-storage/storage.flutter.mdx,api-reference-mdx-with-legacy-jsx,rtm2,flutter,,legacy-mdx-api-components,prefer structured API source or conservative Markdown rewrite after ownership review,content/docs/zh-CN/api-reference/rtm/toc-storage/storage.flutter.mdx,blocked,high,API Reference ownership/source strategy must be confirmed before assigning final target path.,generated=2026-07-02T10:27:25.467Z
docs-api-reference/rtm2/toc-storage/storage.harmonyos.mdx,api-reference-mdx-with-legacy-jsx,rtm2,harmonyos,,legacy-mdx-api-components,prefer structured API source or conservative Markdown rewrite after ownership review,content/docs/zh-CN/api-reference/rtm/toc-storage/storage.harmonyos.mdx,blocked,high,API Reference ownership/source strategy must be confirmed before assigning final target path.,generated=2026-07-02T10:27:25.467Z
docs-api-reference/rtm2/toc-storage/storage.ios.mdx,api-reference-mdx-with-legacy-jsx,rtm2,ios,,legacy-mdx-api-components,prefer structured API source or conservative Markdown rewrite after ownership review,content/docs/zh-CN/api-reference/rtm/toc-storage/storage.ios.mdx,blocked,high,API Reference ownership/source strategy must be confirmed before assigning final target path.,generated=2026-07-02T10:27:25.467Z
docs-api-reference/rtm2/toc-storage/storage.javascript.mdx,api-reference-mdx-with-legacy-jsx,rtm2,javascript,,legacy-mdx-api-components,prefer structured API source or conservative Markdown rewrite after ownership review,content/docs/zh-CN/api-reference/rtm/toc-storage/storage.javascript.mdx,blocked,high,API Reference ownership/source strategy must be confirmed before assigning final target path.,generated=2026-07-02T10:27:25.467Z
docs-api-reference/rtm2/toc-storage/storage.rn.mdx,api-reference-mdx-with-legacy-jsx,rtm2,rn,,legacy-mdx-api-components,prefer structured API source or conservative Markdown rewrite after ownership review,content/docs/zh-CN/api-reference/rtm/toc-storage/storage.rn.mdx,blocked,high,API Reference ownership/source strategy must be confirmed before assigning final target path.,generated=2026-07-02T10:27:25.467Z
docs-api-reference/rtm2/toc-storage/storage.swift.mdx,api-reference-mdx-with-legacy-jsx,rtm2,swift,,legacy-mdx-api-components,prefer structured API source or conservative Markdown rewrite after ownership review,content/docs/zh-CN/api-reference/rtm/toc-storage/storage.swift.mdx,blocked,high,API Reference ownership/source strategy must be confirmed before assigning final target path.,generated=2026-07-02T10:27:25.467Z
docs-api-reference/rtm2/toc-storage/storage.unity.mdx,api-reference-mdx-with-legacy-jsx,rtm2,unity,,legacy-mdx-api-components,prefer structured API source or conservative Markdown rewrite after ownership review,content/docs/zh-CN/api-reference/rtm/toc-storage/storage.unity.mdx,blocked,high,API Reference ownership/source strategy must be confirmed before assigning final target path.,generated=2026-07-02T10:27:25.467Z
docs-api-reference/rtm2/toc-token/token.android.mdx,api-reference-mdx-with-legacy-jsx,rtm2,android,,legacy-mdx-api-components,prefer structured API source or conservative Markdown rewrite after ownership review,content/docs/zh-CN/api-reference/rtm/toc-token/token.android.mdx,blocked,high,API Reference ownership/source strategy must be confirmed before assigning final target path.,generated=2026-07-02T10:27:25.467Z
docs-api-reference/rtm2/toc-token/token.cpp.mdx,api-reference-mdx-with-legacy-jsx,rtm2,cpp,,legacy-mdx-api-components,prefer structured API source or conservative Markdown rewrite after ownership review,content/docs/zh-CN/api-reference/rtm/toc-token/token.cpp.mdx,blocked,high,API Reference ownership/source strategy must be confirmed before assigning final target path.,generated=2026-07-02T10:27:25.467Z
docs-api-reference/rtm2/toc-token/token.flutter.mdx,api-reference-mdx-with-legacy-jsx,rtm2,flutter,,legacy-mdx-api-components,prefer structured API source or conservative Markdown rewrite after ownership review,content/docs/zh-CN/api-reference/rtm/toc-token/token.flutter.mdx,blocked,high,API Reference ownership/source strategy must be confirmed before assigning final target path.,generated=2026-07-02T10:27:25.467Z
docs-api-reference/rtm2/toc-token/token.harmonyos.mdx,api-reference-mdx-with-legacy-jsx,rtm2,harmonyos,,legacy-mdx-api-components,prefer structured API source or conservative Markdown rewrite after ownership review,content/docs/zh-CN/api-reference/rtm/toc-token/token.harmonyos.mdx,blocked,high,API Reference ownership/source strategy must be confirmed before assigning final target path.,generated=2026-07-02T10:27:25.467Z
docs-api-reference/rtm2/toc-token/token.ios.mdx,api-reference-mdx-with-legacy-jsx,rtm2,ios,,legacy-mdx-api-components,prefer structured API source or conservative Markdown rewrite after ownership review,content/docs/zh-CN/api-reference/rtm/toc-token/token.ios.mdx,blocked,high,API Reference ownership/source strategy must be confirmed before assigning final target path.,generated=2026-07-02T10:27:25.467Z
docs-api-reference/rtm2/toc-token/token.javascript.mdx,api-reference-mdx-with-legacy-jsx,rtm2,javascript,,legacy-mdx-api-components,prefer structured API source or conservative Markdown rewrite after ownership review,content/docs/zh-CN/api-reference/rtm/toc-token/token.javascript.mdx,blocked,high,API Reference ownership/source strategy must be confirmed before assigning final target path.,generated=2026-07-02T10:27:25.467Z
docs-api-reference/rtm2/toc-token/token.rn.mdx,api-reference-mdx-with-legacy-jsx,rtm2,rn,,legacy-mdx-api-components,prefer structured API source or conservative Markdown rewrite after ownership review,content/docs/zh-CN/api-reference/rtm/toc-token/token.rn.mdx,blocked,high,API Reference ownership/source strategy must be confirmed before assigning final target path.,generated=2026-07-02T10:27:25.467Z
docs-api-reference/rtm2/toc-token/token.swift.mdx,api-reference-mdx-with-legacy-jsx,rtm2,swift,,legacy-mdx-api-components,prefer structured API source or conservative Markdown rewrite after ownership review,content/docs/zh-CN/api-reference/rtm/toc-token/token.swift.mdx,blocked,high,API Reference ownership/source strategy must be confirmed before assigning final target path.,generated=2026-07-02T10:27:25.467Z
docs-api-reference/rtm2/toc-token/token.unity.mdx,api-reference-mdx-with-legacy-jsx,rtm2,unity,,legacy-mdx-api-components,prefer structured API source or conservative Markdown rewrite after ownership review,content/docs/zh-CN/api-reference/rtm/toc-token/token.unity.mdx,blocked,high,API Reference ownership/source strategy must be confirmed before assigning final target path.,generated=2026-07-02T10:27:25.467Z
docs-api-reference/rtm2/toc-topic/topic.android.mdx,api-reference-mdx-with-legacy-jsx,rtm2,android,,legacy-mdx-api-components,prefer structured API source or conservative Markdown rewrite after ownership review,content/docs/zh-CN/api-reference/rtm/toc-topic/topic.android.mdx,blocked,high,API Reference ownership/source strategy must be confirmed before assigning final target path.,generated=2026-07-02T10:27:25.467Z
docs-api-reference/rtm2/toc-topic/topic.cpp.mdx,api-reference-mdx-with-legacy-jsx,rtm2,cpp,,legacy-mdx-api-components,prefer structured API source or conservative Markdown rewrite after ownership review,content/docs/zh-CN/api-reference/rtm/toc-topic/topic.cpp.mdx,blocked,high,API Reference ownership/source strategy must be confirmed before assigning final target path.,generated=2026-07-02T10:27:25.467Z
docs-api-reference/rtm2/toc-topic/topic.flutter.mdx,api-reference-mdx-with-legacy-jsx,rtm2,flutter,,legacy-mdx-api-components,prefer structured API source or conservative Markdown rewrite after ownership review,content/docs/zh-CN/api-reference/rtm/toc-topic/topic.flutter.mdx,blocked,high,API Reference ownership/source strategy must be confirmed before assigning final target path.,generated=2026-07-02T10:27:25.467Z
docs-api-reference/rtm2/toc-topic/topic.harmonyos.mdx,api-reference-mdx-with-legacy-jsx,rtm2,harmonyos,,legacy-mdx-api-components,prefer structured API source or conservative Markdown rewrite after ownership review,content/docs/zh-CN/api-reference/rtm/toc-topic/topic.harmonyos.mdx,blocked,high,API Reference ownership/source strategy must be confirmed before assigning final target path.,generated=2026-07-02T10:27:25.467Z
docs-api-reference/rtm2/toc-topic/topic.ios.mdx,api-reference-mdx-with-legacy-jsx,rtm2,ios,,legacy-mdx-api-components,prefer structured API source or conservative Markdown rewrite after ownership review,content/docs/zh-CN/api-reference/rtm/toc-topic/topic.ios.mdx,blocked,high,API Reference ownership/source strategy must be confirmed before assigning final target path.,generated=2026-07-02T10:27:25.467Z
docs-api-reference/rtm2/toc-topic/topic.javascript.mdx,api-reference-mdx-with-legacy-jsx,rtm2,javascript,,legacy-mdx-api-components,prefer structured API source or conservative Markdown rewrite after ownership review,content/docs/zh-CN/api-reference/rtm/toc-topic/topic.javascript.mdx,blocked,high,API Reference ownership/source strategy must be confirmed before assigning final target path.,generated=2026-07-02T10:27:25.467Z
docs-api-reference/rtm2/toc-topic/topic.rn.mdx,api-reference-mdx-with-legacy-jsx,rtm2,rn,,legacy-mdx-api-components,prefer structured API source or conservative Markdown rewrite after ownership review,content/docs/zh-CN/api-reference/rtm/toc-topic/topic.rn.mdx,blocked,high,API Reference ownership/source strategy must be confirmed before assigning final target path.,generated=2026-07-02T10:27:25.467Z
docs-api-reference/rtm2/toc-topic/topic.swift.mdx,api-reference-mdx-with-legacy-jsx,rtm2,swift,,legacy-mdx-api-components,prefer structured API source or conservative Markdown rewrite after ownership review,content/docs/zh-CN/api-reference/rtm/toc-topic/topic.swift.mdx,blocked,high,API Reference ownership/source strategy must be confirmed before assigning final target path.,generated=2026-07-02T10:27:25.467Z
docs-api-reference/rtm2/toc-topic/topic.unity.mdx,api-reference-mdx-with-legacy-jsx,rtm2,unity,,legacy-mdx-api-components,prefer structured API source or conservative Markdown rewrite after ownership review,content/docs/zh-CN/api-reference/rtm/toc-topic/topic.unity.mdx,blocked,high,API Reference ownership/source strategy must be confirmed before assigning final target path.,generated=2026-07-02T10:27:25.467Z
docs-api-reference/rtsa/test.mdx,api-reference-mdx,rtsa,,,hand-authored-api-mdx,migrate as authored API reference Markdown after IA confirmation,content/docs/zh-CN/api-reference/rtsa/test.mdx,needs_review,medium,,generated=2026-07-02T10:27:25.467Z
html-docs/agora-chat/Flutter,generated-html-api,agora-chat,Flutter,,generated-html-unknown,"defer generated HTML API; rebuild from structured source or approved generated-API lane, not static dump",,blocked,high,"Generated HTML API requires source/generator confirmation, stable fragment preservation, and target API Reference IA approval.",html_file_count=818; sample=html-docs/agora-chat/Flutter/__404error.html|html-docs/agora-chat/Flutter/agora_chat_sdk/AreaCode/AS-constant.html|html-docs/agora-chat/Flutter/agora_chat_sdk/AreaCode/AreaCode.html|html-docs/agora-chat/Flutter/agora_chat_sdk/AreaCode/CN-constant.html|html-docs/agora-chat/Flutter/agora_chat_sdk/AreaCode/EU-constant.html; generated=2026-07-02T10:27:25.467Z
html-docs/agora-product/cloud-recording.yaml,openapi-source,agora-product,restful,,openapi-yaml-json,stage source under content/openapi and map via OpenAPI lane after product/API ownership review,,blocked,high,No safe target OpenAPI lane could be inferred from product path; choose target product/API Reference owner.,generated=2026-07-02T10:27:25.467Z
html-docs/analytics/RESTful/restful-aa.yaml,openapi-source,analytics,restful,,openapi-yaml-json,stage source under content/openapi and map via OpenAPI lane after product/API ownership review,content/openapi/analytics/,needs_review,high,"Confirm OpenAPI lane ownership, operationId registry, and Chinese/English source policy before migration.",generated=2026-07-02T10:27:25.467Z
html-docs/cloud-recording/cloud-recording.yaml,openapi-source,cloud-recording,restful,,openapi-yaml-json,stage source under content/openapi and map via OpenAPI lane after product/API ownership review,content/openapi/cloud-recording/cloud-recording.zh-CN.yaml,needs_review,high,"Confirm OpenAPI lane ownership, operationId registry, and Chinese/English source policy before migration.",generated=2026-07-02T10:27:25.467Z
html-docs/cloud-transcoder/RESTful/cloud-transcoder.yaml,openapi-source,cloud-transcoder,restful,,openapi-yaml-json,stage source under content/openapi and map via OpenAPI lane after product/API ownership review,content/openapi/cloud-transcoding/cloud-transcoder.zh-CN.yaml,needs_review,high,"Confirm OpenAPI lane ownership, operationId registry, and Chinese/English source policy before migration.",generated=2026-07-02T10:27:25.467Z
html-docs/console/RESTful/console.yaml,openapi-source,console,restful,,openapi-yaml-json,stage source under content/openapi and map via OpenAPI lane after product/API ownership review,content/openapi/console/,needs_review,high,"Confirm OpenAPI lane ownership, operationId registry, and Chinese/English source policy before migration.",generated=2026-07-02T10:27:25.467Z
html-docs/conversion-ppt/RESTful/restful-ppt.yaml,openapi-source,conversion-ppt,restful,,openapi-yaml-json,stage source under content/openapi and map via OpenAPI lane after product/API ownership review,,blocked,high,No safe target OpenAPI lane could be inferred from product path; choose target product/API Reference owner.,generated=2026-07-02T10:27:25.467Z
html-docs/convoai/RESTful/convoai.yaml,openapi-source,convoai,restful,,openapi-yaml-json,stage source under content/openapi and map via OpenAPI lane after product/API ownership review,content/openapi/conversational-ai/convoai.zh-CN.yaml,needs_review,high,"Confirm OpenAPI lane ownership, operationId registry, and Chinese/English source policy before migration.",generated=2026-07-02T10:27:25.467Z
html-docs/danmaku/RESTful/danmaku.yaml,openapi-source,danmaku,restful,,openapi-yaml-json,stage source under content/openapi and map via OpenAPI lane after product/API ownership review,,blocked,high,No safe target OpenAPI lane could be inferred from product path; choose target product/API Reference owner.,generated=2026-07-02T10:27:25.467Z
html-docs/dummy-product/analytics/analytics.yaml,openapi-source,dummy-product,restful,,openapi-yaml-json,stage source under content/openapi and map via OpenAPI lane after product/API ownership review,,blocked,high,No safe target OpenAPI lane could be inferred from product path; choose target product/API Reference owner.,generated=2026-07-02T10:27:25.467Z
html-docs/dummy-product/C,generated-html-api,dummy-product,C,,doxygen-like-html,"defer generated HTML API; rebuild from structured source or approved generated-API lane, not static dump",,blocked,high,"Generated HTML API requires source/generator confirmation, stable fragment preservation, and target API Reference IA approval.",html_file_count=85; sample=html-docs/dummy-product/C/agora__rtc__api_8h.html|html-docs/dummy-product/C/agora__rtc__api_8h_source.html|html-docs/dummy-product/C/annotated.html|html-docs/dummy-product/C/classes.html|html-docs/dummy-product/C/deprecated.html; generated=2026-07-02T10:27:25.467Z
html-docs/dummy-product/cdn/cdn.yaml,openapi-source,dummy-product,restful,,openapi-yaml-json,stage source under content/openapi and map via OpenAPI lane after product/API ownership review,,blocked,high,No safe target OpenAPI lane could be inferred from product path; choose target product/API Reference owner.,generated=2026-07-02T10:27:25.467Z
html-docs/dummy-product/converter/converter.yaml,openapi-source,dummy-product,restful,,openapi-yaml-json,stage source under content/openapi and map via OpenAPI lane after product/API ownership review,,blocked,high,No safe target OpenAPI lane could be inferred from product path; choose target product/API Reference owner.,generated=2026-07-02T10:27:25.467Z
html-docs/dummy-product/Cpp,generated-html-api,dummy-product,Cpp,,generated-html-unknown,"defer generated HTML API; rebuild from structured source or approved generated-API lane, not static dump",,blocked,high,"Generated HTML API requires source/generator confirmation, stable fragment preservation, and target API Reference IA approval.",html_file_count=308; sample=html-docs/dummy-product/Cpp/API/api_musicchartcollection_get.html|html-docs/dummy-product/Cpp/API/api_musicchartcollection_getcount.html|html-docs/dummy-product/Cpp/API/api_musiccollection_getcount.html|html-docs/dummy-product/Cpp/API/api_musiccollection_getmusic.html|html-docs/dummy-product/Cpp/API/api_musiccollection_getpage.html; generated=2026-07-02T10:27:25.467Z
html-docs/dummy-product/doxygen_Cpp,generated-html-api,dummy-product,doxygen_Cpp,,doxygen-like-html,"defer generated HTML API; rebuild from structured source or approved generated-API lane, not static dump",,blocked,high,"Generated HTML API requires source/generator confirmation, stable fragment preservation, and target API Reference IA approval.",html_file_count=201; sample=html-docs/dummy-product/doxygen_Cpp/_i_agora_linux_sdk_common_8h.html|html-docs/dummy-product/doxygen_Cpp/_i_agora_linux_sdk_common_8h_source.html|html-docs/dummy-product/doxygen_Cpp/_i_agora_recording_engine_8h.html|html-docs/dummy-product/doxygen_Cpp/_i_agora_recording_engine_8h_source.html|html-docs/dummy-product/doxygen_Cpp/annotated.html; generated=2026-07-02T10:27:25.467Z
html-docs/dummy-product/iOS,generated-html-api,dummy-product,iOS,,generated-html-unknown,"defer generated HTML API; rebuild from structured source or approved generated-API lane, not static dump",,blocked,high,"Generated HTML API requires source/generator confirmation, stable fragment preservation, and target API Reference IA approval.",html_file_count=56; sample=html-docs/dummy-product/iOS/Classes/WhiteAudioMixerBridge.html|html-docs/dummy-product/iOS/Classes/WhiteBoardView.html|html-docs/dummy-product/iOS/Classes/WhiteBroadcastState.html|html-docs/dummy-product/iOS/Classes/WhiteBroadcasterInformation.html|html-docs/dummy-product/iOS/Classes/WhiteCameraBound.html; generated=2026-07-02T10:27:25.467Z
html-docs/dummy-product/Java,generated-html-api,dummy-product,Java,,doxygen-like-html,"defer generated HTML API; rebuild from structured source or approved generated-API lane, not static dump",,blocked,high,"Generated HTML API requires source/generator confirmation, stable fragment preservation, and target API Reference IA approval.",html_file_count=216; sample=html-docs/dummy-product/Java/annotated.html|html-docs/dummy-product/Java/classes.html|html-docs/dummy-product/Java/classio_1_1agora_1_1recording_1_1_recording_s_d_k-members.html|html-docs/dummy-product/Java/classio_1_1agora_1_1recording_1_1_recording_s_d_k.html|html-docs/dummy-product/Java/classio_1_1agora_1_1recording_1_1common_1_1_common.html; generated=2026-07-02T10:27:25.467Z
html-docs/dummy-product/live-streaming-standard/live-streaming-standard.yaml,openapi-source,dummy-product,restful,,openapi-yaml-json,stage source under content/openapi and map via OpenAPI lane after product/API ownership review,,blocked,high,No safe target OpenAPI lane could be inferred from product path; choose target product/API Reference owner.,generated=2026-07-02T10:27:25.467Z
html-docs/dummy-product/recording/recording.yaml,openapi-source,dummy-product,restful,,openapi-yaml-json,stage source under content/openapi and map via OpenAPI lane after product/API ownership review,,blocked,high,No safe target OpenAPI lane could be inferred from product path; choose target product/API Reference owner.,generated=2026-07-02T10:27:25.467Z
html-docs/dummy-product/RESTful/restful-demo.yaml,openapi-source,dummy-product,restful,,openapi-yaml-json,stage source under content/openapi and map via OpenAPI lane after product/API ownership review,,blocked,high,No safe target OpenAPI lane could be inferred from product path; choose target product/API Reference owner.,generated=2026-07-02T10:27:25.467Z
html-docs/dummy-product/v2/v2.yaml,openapi-source,dummy-product,restful,v2,openapi-yaml-json,stage source under content/openapi and map via OpenAPI lane after product/API ownership review,,blocked,high,No safe target OpenAPI lane could be inferred from product path; choose target product/API Reference owner.,generated=2026-07-02T10:27:25.467Z
html-docs/dummy-product/Web,generated-html-api,dummy-product,Web,,generated-html-unknown,"defer generated HTML API; rebuild from structured source or approved generated-API lane, not static dump",,blocked,high,"Generated HTML API requires source/generator confirmation, stable fragment preservation, and target API Reference IA approval.",html_file_count=55; sample=html-docs/dummy-product/Web/enums/areas.html|html-docs/dummy-product/Web/enums/audiencelatencyleveltype.html|html-docs/dummy-product/Web/enums/channelmediarelayerror.html|html-docs/dummy-product/Web/enums/channelmediarelayevent.html|html-docs/dummy-product/Web/enums/channelmediarelaystate.html; generated=2026-07-02T10:27:25.467Z
html-docs/flexible-classroom/Android,generated-html-api,flexible-classroom,Android,,generated-html-unknown,"defer generated HTML API; rebuild from structured source or approved generated-API lane, not static dump",,blocked,high,"Generated HTML API requires source/generator confirmation, stable fragment preservation, and target API Reference IA approval.",html_file_count=23; sample=html-docs/flexible-classroom/Android/API/api_data_type.html|html-docs/flexible-classroom/Android/API/api_onfailure.html|html-docs/flexible-classroom/Android/API/api_onsuccess.html|html-docs/flexible-classroom/Android/API/class_audiorawdataobserver.html|html-docs/flexible-classroom/Android/API/class_callback.html; generated=2026-07-02T10:27:25.467Z
html-docs/flexible-classroom/Electron,generated-html-api,flexible-classroom,Electron,,typedoc-like-html,"defer generated HTML API; rebuild from structured source or approved generated-API lane, not static dump",,blocked,high,"Generated HTML API requires source/generator confirmation, stable fragment preservation, and target API Reference IA approval.",html_file_count=399; sample=html-docs/flexible-classroom/Electron/classes/agora_edu_core_src_configs_index_duClassroomConfig.html|html-docs/flexible-classroom/Electron/classes/agora_edu_core_src_event_center_duEventCenter.html|html-docs/flexible-classroom/Electron/classes/agora_edu_core_src_log_reporter_ogReporter.html|html-docs/flexible-classroom/Electron/classes/agora_edu_core_src_services_api_duApiService.html|html-docs/flexible-classroom/Electron/classes/agora_edu_core_src_services_report_v2_eportServiceV2.html; generated=2026-07-02T10:27:25.467Z
html-docs/flexible-classroom/iOS,generated-html-api,flexible-classroom,iOS,,generated-html-unknown,"defer generated HTML API; rebuild from structured source or approved generated-API lane, not static dump",,blocked,high,"Generated HTML API requires source/generator confirmation, stable fragment preservation, and target API Reference IA approval.",html_file_count=31; sample=html-docs/flexible-classroom/iOS/API/api_addwidgetactiveobserver.html|html-docs/flexible-classroom/iOS/API/api_addwidgetmessageobserver.html|html-docs/flexible-classroom/iOS/API/api_create.html|html-docs/flexible-classroom/iOS/API/api_data_type.html|html-docs/flexible-classroom/iOS/API/api_getallwidgetactivity.html; generated=2026-07-02T10:27:25.467Z
html-docs/flexible-classroom/Web,generated-html-api,flexible-classroom,Web,,typedoc-like-html,"defer generated HTML API; rebuild from structured source or approved generated-API lane, not static dump",,blocked,high,"Generated HTML API requires source/generator confirmation, stable fragment preservation, and target API Reference IA approval.",html_file_count=399; sample=html-docs/flexible-classroom/Web/classes/agora_edu_core_src_configs_index_duClassroomConfig.html|html-docs/flexible-classroom/Web/classes/agora_edu_core_src_event_center_duEventCenter.html|html-docs/flexible-classroom/Web/classes/agora_edu_core_src_log_reporter_ogReporter.html|html-docs/flexible-classroom/Web/classes/agora_edu_core_src_services_api_duApiService.html|html-docs/flexible-classroom/Web/classes/agora_edu_core_src_services_report_v2_eportServiceV2.html; generated=2026-07-02T10:27:25.467Z
html-docs/fusion-cdn/streaming.yaml,openapi-source,fusion-cdn,restful,,openapi-yaml-json,stage source under content/openapi and map via OpenAPI lane after product/API ownership review,content/openapi/fusion-cdn/,needs_review,high,"Confirm OpenAPI lane ownership, operationId registry, and Chinese/English source policy before migration.",generated=2026-07-02T10:27:25.467Z
html-docs/iot-apaas/android,generated-html-api,iot-apaas,android,,doxygen-like-html,"defer generated HTML API; rebuild from structured source or approved generated-API lane, not static dump",content/docs/zh-CN/api-reference/iot/,blocked,high,"Generated HTML API requires source/generator confirmation, stable fragment preservation, and target API Reference IA approval.",html_file_count=199; sample=html-docs/iot-apaas/android/_err_code_8java.html|html-docs/iot-apaas/android/_i_account_mgr_8java.html|html-docs/iot-apaas/android/_i_agora_iot_app_sdk_8java.html|html-docs/iot-apaas/android/_i_alarm_mgr_8java.html|html-docs/iot-apaas/android/_i_device_mgr_8java.html; generated=2026-07-02T10:27:25.467Z
html-docs/media-pull/restful/media-pull.yaml,openapi-source,media-pull,restful,,openapi-yaml-json,stage source under content/openapi and map via OpenAPI lane after product/API ownership review,content/openapi/media-pull/,needs_review,high,"Confirm OpenAPI lane ownership, operationId registry, and Chinese/English source policy before migration.",generated=2026-07-02T10:27:25.467Z
html-docs/media-push/restful/media-push.yaml,openapi-source,media-push,restful,,openapi-yaml-json,stage source under content/openapi and map via OpenAPI lane after product/API ownership review,content/openapi/media-push/,needs_review,high,"Confirm OpenAPI lane ownership, operationId registry, and Chinese/English source policy before migration.",generated=2026-07-02T10:27:25.467Z
html-docs/recording/cpp,generated-html-api,recording,cpp,,doxygen-like-html,"defer generated HTML API; rebuild from structured source or approved generated-API lane, not static dump",,blocked,high,"Generated HTML API requires source/generator confirmation, stable fragment preservation, and target API Reference IA approval.",html_file_count=201; sample=html-docs/recording/cpp/_i_agora_linux_sdk_common_8h.html|html-docs/recording/cpp/_i_agora_linux_sdk_common_8h_source.html|html-docs/recording/cpp/_i_agora_recording_engine_8h.html|html-docs/recording/cpp/_i_agora_recording_engine_8h_source.html|html-docs/recording/cpp/annotated.html; generated=2026-07-02T10:27:25.467Z
html-docs/recording/Java,generated-html-api,recording,Java,,doxygen-like-html,"defer generated HTML API; rebuild from structured source or approved generated-API lane, not static dump",,blocked,high,"Generated HTML API requires source/generator confirmation, stable fragment preservation, and target API Reference IA approval.",html_file_count=216; sample=html-docs/recording/Java/annotated.html|html-docs/recording/Java/classes.html|html-docs/recording/Java/classio_1_1agora_1_1recording_1_1_recording_s_d_k-members.html|html-docs/recording/Java/classio_1_1agora_1_1recording_1_1_recording_s_d_k.html|html-docs/recording/Java/classio_1_1agora_1_1recording_1_1common_1_1_common.html; generated=2026-07-02T10:27:25.467Z
html-docs/rtc-server-sdk/cpp,generated-html-api,rtc-server-sdk,cpp,,doxygen-like-html,"defer generated HTML API; rebuild from structured source or approved generated-API lane, not static dump",content/docs/zh-CN/api-reference/rtc-server-sdk/,blocked,high,"Generated HTML API requires source/generator confirmation, stable fragment preservation, and target API Reference IA approval.",html_file_count=509; sample=html-docs/rtc-server-sdk/cpp/_agora_atomic_ops_8h_source.html|html-docs/rtc-server-sdk/cpp/_agora_base_8h_source.html|html-docs/rtc-server-sdk/cpp/_agora_media_base_8h_source.html|html-docs/rtc-server-sdk/cpp/_agora_optional_8h_source.html|html-docs/rtc-server-sdk/cpp/_agora_ref_counted_object_8h_source.html; generated=2026-07-02T10:27:25.467Z
html-docs/rtc-server-sdk/java,generated-html-api,rtc-server-sdk,java,,doxygen-like-html,"defer generated HTML API; rebuild from structured source or approved generated-API lane, not static dump",content/docs/zh-CN/api-reference/rtc-server-sdk/,blocked,high,"Generated HTML API requires source/generator confirmation, stable fragment preservation, and target API Reference IA approval.",html_file_count=405; sample=html-docs/rtc-server-sdk/java/_agora_audio_encoded_frame_sender_8java.html|html-docs/rtc-server-sdk/java/_agora_audio_pcm_data_sender_8java.html|html-docs/rtc-server-sdk/java/_agora_audio_sink_8java.html|html-docs/rtc-server-sdk/java/_agora_audio_track_8java.html|html-docs/rtc-server-sdk/java/_agora_audio_vad_config_v2_8java.html; generated=2026-07-02T10:27:25.467Z
html-docs/rtc/Android,generated-html-api,rtc,Android,,generated-html-unknown,"defer generated HTML API; rebuild from structured source or approved generated-API lane, not static dump",content/docs/zh-CN/api-reference/rtc/,blocked,high,"Generated HTML API requires source/generator confirmation, stable fragment preservation, and target API Reference IA approval.",html_file_count=250; sample=html-docs/rtc/Android/API/api_channelmediarelayconfiguration_removedestchannelinfo.html|html-docs/rtc/Android/API/api_channelmediarelayconfiguration_setdestchannelinfo.html|html-docs/rtc/Android/API/api_channelmediarelayconfiguration_setsrcchannelinfo.html|html-docs/rtc/Android/API/api_livetranscoding_addbackgroundimage.html|html-docs/rtc/Android/API/api_livetranscoding_adduser.html; generated=2026-07-02T10:27:25.467Z
html-docs/rtc/Cpp,generated-html-api,rtc,Cpp,,generated-html-unknown,"defer generated HTML API; rebuild from structured source or approved generated-API lane, not static dump",content/docs/zh-CN/api-reference/rtc/,blocked,high,"Generated HTML API requires source/generator confirmation, stable fragment preservation, and target API Reference IA approval.",html_file_count=333; sample=html-docs/rtc/Cpp/API/class_advancedaudiooptions.html|html-docs/rtc/Cpp/API/class_advancedconfiginfo.html|html-docs/rtc/Cpp/API/class_advanceoptions.html|html-docs/rtc/Cpp/API/class_agorarhythmplayerconfig.html|html-docs/rtc/Cpp/API/class_audioencodedframeobserverconfig.html; generated=2026-07-02T10:27:25.467Z
html-docs/rtc/Csharp,generated-html-api,rtc,Csharp,,generated-html-unknown,"defer generated HTML API; rebuild from structured source or approved generated-API lane, not static dump",content/docs/zh-CN/api-reference/rtc/,blocked,high,"Generated HTML API requires source/generator confirmation, stable fragment preservation, and target API Reference IA approval.",html_file_count=358; sample=html-docs/rtc/Csharp/API/api_iaudiodevicemanager_getplaybackdefaultdevice2.html|html-docs/rtc/Csharp/API/api_iaudiodevicemanager_getplaybackdeviceinfo2.html|html-docs/rtc/Csharp/API/api_iaudiodevicemanager_getrecordingdefaultdevice2.html|html-docs/rtc/Csharp/API/api_iaudiodevicemanager_getrecordingdeviceinfo2.html|html-docs/rtc/Csharp/API/api_imediaplayer_selectmultiaudiotrack.html; generated=2026-07-02T10:27:25.467Z
html-docs/rtc/Electron,generated-html-api,rtc,Electron,,generated-html-unknown,"defer generated HTML API; rebuild from structured source or approved generated-API lane, not static dump",content/docs/zh-CN/api-reference/rtc/,blocked,high,"Generated HTML API requires source/generator confirmation, stable fragment preservation, and target API Reference IA approval.",html_file_count=321; sample=html-docs/rtc/Electron/API/api_imediaengine_registerfaceinfoobserver.html|html-docs/rtc/Electron/API/api_imediaengine_unregisterfaceinfoobserver.html|html-docs/rtc/Electron/API/callback_ifaceinfoobserver_onfaceinfo.html|html-docs/rtc/Electron/API/class_advancedaudiooptions.html|html-docs/rtc/Electron/API/class_advancedconfiginfo.html; generated=2026-07-02T10:27:25.467Z
html-docs/rtc/Flutter,generated-html-api,rtc,Flutter,,generated-html-unknown,"defer generated HTML API; rebuild from structured source or approved generated-API lane, not static dump",content/docs/zh-CN/api-reference/rtc/,blocked,high,"Generated HTML API requires source/generator confirmation, stable fragment preservation, and target API Reference IA approval.",html_file_count=335; sample=html-docs/rtc/Flutter/API/api_imediaengine_registerfaceinfoobserver.html|html-docs/rtc/Flutter/API/api_imediaengine_unregisterfaceinfoobserver.html|html-docs/rtc/Flutter/API/api_videoviewcontroller_videoviewcontrollerconstructor.html|html-docs/rtc/Flutter/API/callback_ifaceinfoobserver_onfaceinfo.html|html-docs/rtc/Flutter/API/class_advancedaudiooptions.html; generated=2026-07-02T10:27:25.467Z
html-docs/rtc/HarmonyOS,generated-html-api,rtc,HarmonyOS,,generated-html-unknown,"defer generated HTML API; rebuild from structured source or approved generated-API lane, not static dump",content/docs/zh-CN/api-reference/rtc/,blocked,high,"Generated HTML API requires source/generator confirmation, stable fragment preservation, and target API Reference IA approval.",html_file_count=238; sample=html-docs/rtc/HarmonyOS/API/api_channelmediarelayconfiguration_getdestchannelmediainfos.html|html-docs/rtc/HarmonyOS/API/api_channelmediarelayconfiguration_getsrcchannelmediainfo.html|html-docs/rtc/HarmonyOS/API/api_channelmediarelayconfiguration_removedestchannelinfo.html|html-docs/rtc/HarmonyOS/API/api_channelmediarelayconfiguration_setdestchannelinfo.html|html-docs/rtc/HarmonyOS/API/api_channelmediarelayconfiguration_setsrcchannelinfo.html; generated=2026-07-02T10:27:25.467Z
html-docs/rtc/iOS,generated-html-api,rtc,iOS,,generated-html-unknown,"defer generated HTML API; rebuild from structured source or approved generated-API lane, not static dump",content/docs/zh-CN/api-reference/rtc/,blocked,high,"Generated HTML API requires source/generator confirmation, stable fragment preservation, and target API Reference IA approval.",html_file_count=327; sample=html-docs/rtc/iOS/API/api_channelmediarelayconfiguration_removedestchannelinfo.html|html-docs/rtc/iOS/API/api_channelmediarelayconfiguration_setdestchannelinfo.html|html-docs/rtc/iOS/API/api_livetranscoding_adduser.html|html-docs/rtc/iOS/API/api_livetranscoding_defaulttranscoding.html|html-docs/rtc/iOS/API/api_livetranscoding_getadvancedfeatures.html; generated=2026-07-02T10:27:25.467Z
html-docs/rtc/macOS,generated-html-api,rtc,macOS,,generated-html-unknown,"defer generated HTML API; rebuild from structured source or approved generated-API lane, not static dump",content/docs/zh-CN/api-reference/rtc/,blocked,high,"Generated HTML API requires source/generator confirmation, stable fragment preservation, and target API Reference IA approval.",html_file_count=310; sample=html-docs/rtc/macOS/API/api_channelmediarelayconfiguration_removedestchannelinfo.html|html-docs/rtc/macOS/API/api_channelmediarelayconfiguration_setdestchannelinfo.html|html-docs/rtc/macOS/API/api_livetranscoding_adduser.html|html-docs/rtc/macOS/API/api_livetranscoding_defaulttranscoding.html|html-docs/rtc/macOS/API/api_livetranscoding_getadvancedfeatures.html; generated=2026-07-02T10:27:25.467Z
html-docs/rtc/mini-program,generated-html-api,rtc,mini-program,,typedoc-like-html,"defer generated HTML API; rebuild from structured source or approved generated-API lane, not static dump",content/docs/zh-CN/api-reference/rtc/,blocked,high,"Generated HTML API requires source/generator confirmation, stable fragment preservation, and target API Reference IA approval.",html_file_count=10; sample=html-docs/rtc/mini-program/classes/channelmediaerror.html|html-docs/rtc/mini-program/classes/client.html|html-docs/rtc/mini-program/enums/audiocodec.html|html-docs/rtc/mini-program/enums/encryption_mode.html|html-docs/rtc/mini-program/enums/streamtype.html; generated=2026-07-02T10:27:25.467Z
html-docs/rtc/React,generated-html-api,rtc,React,,typedoc-like-html,"defer generated HTML API; rebuild from structured source or approved generated-API lane, not static dump",content/docs/zh-CN/api-reference/rtc/,blocked,high,"Generated HTML API requires source/generator confirmation, stable fragment preservation, and target API Reference IA approval.",html_file_count=63; sample=html-docs/rtc/React/classes/eventemitter.html|html-docs/rtc/React/enums/apptype.html|html-docs/rtc/React/enums/areas.html|html-docs/rtc/React/enums/audiencelatencyleveltype.html|html-docs/rtc/React/enums/audiocodec.html; generated=2026-07-02T10:27:25.467Z
html-docs/rtc/restful/channel-management.yaml,openapi-source,rtc,restful,,openapi-yaml-json,stage source under content/openapi and map via OpenAPI lane after product/API ownership review,content/openapi/rtc/channel-management.zh-CN.yaml,needs_review,high,"Confirm OpenAPI lane ownership, operationId registry, and Chinese/English source policy before migration.",generated=2026-07-02T10:27:25.467Z
html-docs/rtc/RN,generated-html-api,rtc,RN,,generated-html-unknown,"defer generated HTML API; rebuild from structured source or approved generated-API lane, not static dump",content/docs/zh-CN/api-reference/rtc/,blocked,high,"Generated HTML API requires source/generator confirmation, stable fragment preservation, and target API Reference IA approval.",html_file_count=326; sample=html-docs/rtc/RN/API/api_imediaengine_registerfaceinfoobserver.html|html-docs/rtc/RN/API/api_imediaengine_unregisterfaceinfoobserver.html|html-docs/rtc/RN/API/callback_ifaceinfoobserver_onfaceinfo.html|html-docs/rtc/RN/API/class_advancedaudiooptions.html|html-docs/rtc/RN/API/class_advancedconfiginfo.html; generated=2026-07-02T10:27:25.467Z
html-docs/rtc/Unity,generated-html-api,rtc,Unity,,generated-html-unknown,"defer generated HTML API; rebuild from structured source or approved generated-API lane, not static dump",content/docs/zh-CN/api-reference/rtc/,blocked,high,"Generated HTML API requires source/generator confirmation, stable fragment preservation, and target API Reference IA approval.",html_file_count=325; sample=html-docs/rtc/Unity/API/api_imediaengine_registerfaceinfoobserver.html|html-docs/rtc/Unity/API/api_imediaengine_unregisterfaceinfoobserver.html|html-docs/rtc/Unity/API/callback_ifaceinfoobserver_onfaceinfo.html|html-docs/rtc/Unity/API/class_advancedaudiooptions.html|html-docs/rtc/Unity/API/class_advancedconfiginfo.html; generated=2026-07-02T10:27:25.467Z
html-docs/rtc/Unreal-blueprint,generated-html-api,rtc,Unreal-blueprint,,generated-html-unknown,"defer generated HTML API; rebuild from structured source or approved generated-API lane, not static dump",content/docs/zh-CN/api-reference/rtc/,blocked,high,"Generated HTML API requires source/generator confirmation, stable fragment preservation, and target API Reference IA approval.",html_file_count=235; sample=html-docs/rtc/Unreal-blueprint/API/api_irtcengine_setheadphoneeqparameters.html|html-docs/rtc/Unreal-blueprint/API/api_irtcengine_setheadphoneeqpreset.html|html-docs/rtc/Unreal-blueprint/API/class_Localaccesspointconfiguration.html|html-docs/rtc/Unreal-blueprint/API/class_advancedaudiooptions.html|html-docs/rtc/Unreal-blueprint/API/class_advancedconfiginfo.html; generated=2026-07-02T10:27:25.467Z
html-docs/rtc/Unreal-cpp,generated-html-api,rtc,Unreal-cpp,,generated-html-unknown,"defer generated HTML API; rebuild from structured source or approved generated-API lane, not static dump",content/docs/zh-CN/api-reference/rtc/,blocked,high,"Generated HTML API requires source/generator confirmation, stable fragment preservation, and target API Reference IA approval.",html_file_count=318; sample=html-docs/rtc/Unreal-cpp/API/api_musicchartcollection_getcount.html|html-docs/rtc/Unreal-cpp/API/class_Localaccesspointconfiguration.html|html-docs/rtc/Unreal-cpp/API/class_advancedaudiooptions.html|html-docs/rtc/Unreal-cpp/API/class_advancedconfiginfo.html|html-docs/rtc/Unreal-cpp/API/class_advanceoptions.html; generated=2026-07-02T10:27:25.467Z
html-docs/rtc/Web,generated-html-api,rtc,Web,,typedoc-like-html,"defer generated HTML API; rebuild from structured source or approved generated-API lane, not static dump",content/docs/zh-CN/api-reference/rtc/,blocked,high,"Generated HTML API requires source/generator confirmation, stable fragment preservation, and target API Reference IA approval.",html_file_count=67; sample=html-docs/rtc/Web/classes/eventemitter.html|html-docs/rtc/Web/enums/apptype.html|html-docs/rtc/Web/enums/areas.html|html-docs/rtc/Web/enums/audiencelatencyleveltype.html|html-docs/rtc/Web/enums/audiocodec.html; generated=2026-07-02T10:27:25.467Z
html-docs/rtmp-gateway/restful/rtmp-gateway.yaml,openapi-source,rtmp-gateway,restful,,openapi-yaml-json,stage source under content/openapi and map via OpenAPI lane after product/API ownership review,content/openapi/rtmp-gateway/,needs_review,high,"Confirm OpenAPI lane ownership, operationId registry, and Chinese/English source policy before migration.",generated=2026-07-02T10:27:25.467Z
html-docs/rtsa/c,generated-html-api,rtsa,c,,doxygen-like-html,"defer generated HTML API; rebuild from structured source or approved generated-API lane, not static dump",content/docs/zh-CN/api-reference/rtsa/,blocked,high,"Generated HTML API requires source/generator confirmation, stable fragment preservation, and target API Reference IA approval.",html_file_count=39; sample=html-docs/rtsa/c/agora__rtc__api_8h.html|html-docs/rtsa/c/agora__rtc__api_8h_source.html|html-docs/rtsa/c/annotated.html|html-docs/rtsa/c/classes.html|html-docs/rtsa/c/deprecated.html; generated=2026-07-02T10:27:25.467Z
html-docs/rtsa/java,generated-html-api,rtsa,java,,doxygen-like-html,"defer generated HTML API; rebuild from structured source or approved generated-API lane, not static dump",content/docs/zh-CN/api-reference/rtsa/,blocked,high,"Generated HTML API requires source/generator confirmation, stable fragment preservation, and target API Reference IA approval.",html_file_count=163; sample=html-docs/rtsa/java/_agora_rtc_events_8java.html|html-docs/rtsa/java/_agora_rtc_service_8java.html|html-docs/rtsa/java/_agora_rtm_events_8java.html|html-docs/rtsa/java/annotated.html|html-docs/rtsa/java/classes.html; generated=2026-07-02T10:27:25.467Z
html-docs/speech-to-text/RESTful/v7.yaml,openapi-source,speech-to-text,restful,v7,openapi-yaml-json,stage source under content/openapi and map via OpenAPI lane after product/API ownership review,content/openapi/speech-to-text/v7.zh-CN.yaml,needs_review,high,"Confirm OpenAPI lane ownership, operationId registry, and Chinese/English source policy before migration.",generated=2026-07-02T10:27:25.467Z
html-docs/voip-callkit/call.yaml,openapi-source,voip-callkit,restful,,openapi-yaml-json,stage source under content/openapi and map via OpenAPI lane after product/API ownership review,,blocked,high,No safe target OpenAPI lane could be inferred from product path; choose target product/API Reference owner.,generated=2026-07-02T10:27:25.467Z
html-docs/whiteboard/Android,generated-html-api,whiteboard,Android,,doxygen-like-html,"defer generated HTML API; rebuild from structured source or approved generated-API lane, not static dump",content/docs/zh-CN/api-reference/whiteboard/,blocked,high,"Generated HTML API requires source/generator confirmation, stable fragment preservation, and target API Reference IA approval.",html_file_count=299; sample=html-docs/whiteboard/Android/annotated.html|html-docs/whiteboard/Android/api_8example_8com-example.html|html-docs/whiteboard/Android/classcom_1_1herewhite_1_1sdk_1_1_abstract_common_callbacks-members.html|html-docs/whiteboard/Android/classcom_1_1herewhite_1_1sdk_1_1_abstract_common_callbacks.html|html-docs/whiteboard/Android/classcom_1_1herewhite_1_1sdk_1_1_abstract_player_event_listener-members.html; generated=2026-07-02T10:27:25.467Z
html-docs/whiteboard/iOS,generated-html-api,whiteboard,iOS,,generated-html-unknown,"defer generated HTML API; rebuild from structured source or approved generated-API lane, not static dump",content/docs/zh-CN/api-reference/whiteboard/,blocked,high,"Generated HTML API requires source/generator confirmation, stable fragment preservation, and target API Reference IA approval.",html_file_count=62; sample=html-docs/whiteboard/iOS/Blocks/SlideUrlInterrupterCallback.html|html-docs/whiteboard/iOS/Classes/WhiteAppParam.html|html-docs/whiteboard/iOS/Classes/WhiteAppSyncAttributes.html|html-docs/whiteboard/iOS/Classes/WhiteAudioMixerBridge.html|html-docs/whiteboard/iOS/Classes/WhiteBoardView.html; generated=2026-07-02T10:27:25.467Z
html-docs/whiteboard/RESTful/restful-wb.yaml,openapi-source,whiteboard,restful,,openapi-yaml-json,stage source under content/openapi and map via OpenAPI lane after product/API ownership review,content/openapi/whiteboard/,needs_review,high,"Confirm OpenAPI lane ownership, operationId registry, and Chinese/English source policy before migration.",generated=2026-07-02T10:27:25.467Z
html-docs/whiteboard/Web,generated-html-api,whiteboard,Web,,typedoc-like-html,"defer generated HTML API; rebuild from structured source or approved generated-API lane, not static dump",content/docs/zh-CN/api-reference/whiteboard/,blocked,high,"Generated HTML API requires source/generator confirmation, stable fragment preservation, and target API Reference IA approval.",html_file_count=41; sample=html-docs/whiteboard/Web/classes/invisibleplugin.html|html-docs/whiteboard/Web/classes/whitewebsdk.html|html-docs/whiteboard/Web/enums/animationmode.html|html-docs/whiteboard/Web/enums/appliancenames.html|html-docs/whiteboard/Web/enums/asyncmoduleloadmode.html; generated=2026-07-02T10:27:25.467Z
