component,occurrences,example_source_paths,category,target_mapping,status,risk,batchable,decision_refs,notes
Td,57334,docs-api-reference/aigc/aigcservice.android.mdx|docs-api-reference/aigc/aigcservice.ios.mdx|docs-api-reference/cloud-recording/go-api/basicauthcredential.go.mdx|docs-api-reference/cloud-recording/go-api/client.go.mdx|docs-api-reference/cloud-recording/go-api/enum.go.mdx|docs-api-reference/cloud-recording/go-api/individualrecording.go.mdx|docs-api-reference/cloud-recording/go-api/mixrecording.go.mdx|docs-api-reference/cloud-recording/go-api/samplelogger.go.mdx,table,GFM table when simple; native HTML only for row/col spans or block-heavy cells,classified,high,yes,legacy-casebook:tables,Generated 2026-07-02T10:27:25.467Z; 412 source files include this legacy JSX tag after code fences were excluded.
Tr,19006,docs-api-reference/aigc/aigcservice.android.mdx|docs-api-reference/aigc/aigcservice.ios.mdx|docs-api-reference/cloud-recording/go-api/basicauthcredential.go.mdx|docs-api-reference/cloud-recording/go-api/client.go.mdx|docs-api-reference/cloud-recording/go-api/enum.go.mdx|docs-api-reference/cloud-recording/go-api/individualrecording.go.mdx|docs-api-reference/cloud-recording/go-api/mixrecording.go.mdx|docs-api-reference/cloud-recording/go-api/samplelogger.go.mdx,table,GFM table when simple; native HTML only for row/col spans or block-heavy cells,classified,high,yes,legacy-casebook:tables,Generated 2026-07-02T10:27:25.467Z; 412 source files include this legacy JSX tag after code fences were excluded.
Admonition,6156,docs-api-reference/aigc/aigcservice.android.mdx|docs-api-reference/aigc/aigcservice.ios.mdx|docs-api-reference/cloud-recording/go-api/baseresponse.go.mdx|docs-api-reference/cloud-recording/go-api/basicauthcredential.go.mdx|docs-api-reference/cloud-recording/go-api/client.go.mdx|docs-api-reference/cloud-recording/go-api/enum.go.mdx|docs-api-reference/cloud-recording/go-api/individualrecording.go.mdx|docs-api-reference/cloud-recording/go-api/mixrecording.go.mdx,callout,directive callout :::note/info/tip/warning/error,classified,medium,yes,legacy-casebook:admonitions,Generated 2026-07-02T10:27:25.467Z; 1069 source files include this legacy JSX tag after code fences were excluded.
ListTitle,5334,docs/agora-product/overview/release-notes.mdx|docs/analytics/overview/release-notes.mdx|docs/cloud-recording/overview/release-notes.mdx|docs/convoai/overview/release-notes.mdx|docs/dummy-product/test/release-note.unity.mdx|docs/flexible-classroom/overview/release-notes.android.mdx|docs/flexible-classroom/overview/release-notes.ios.mdx|docs/flexible-classroom/overview/release-notes.javascript.electron.mdx,custom-mdx,classify before migration; do not preserve legacy JSX by default,needs_review,medium,partial,legacy-casebook:legacy-jsx,Generated 2026-07-02T10:27:25.467Z; 60 source files include this legacy JSX tag after code fences were excluded.
Table,4120,docs-api-reference/aigc/aigcservice.android.mdx|docs-api-reference/aigc/aigcservice.ios.mdx|docs-api-reference/cloud-recording/go-api/basicauthcredential.go.mdx|docs-api-reference/cloud-recording/go-api/client.go.mdx|docs-api-reference/cloud-recording/go-api/enum.go.mdx|docs-api-reference/cloud-recording/go-api/individualrecording.go.mdx|docs-api-reference/cloud-recording/go-api/mixrecording.go.mdx|docs-api-reference/cloud-recording/go-api/samplelogger.go.mdx,table,GFM table when simple; native HTML only for row/col spans or block-heavy cells,classified,high,yes,legacy-casebook:tables,Generated 2026-07-02T10:27:25.467Z; 421 source files include this legacy JSX tag after code fences were excluded.
PlatformFilter,3594,docs-api-reference/flexible-classroom/fcr-ui-scene.javascript.electron.mdx|docs-api-reference/rtm2/_en/_android/_enumv-en.mdx|docs-api-reference/rtm2/_en/_cpp/_enumv-en.mdx|docs-api-reference/rtm2/_en/_flutter/_enumv-en.mdx|docs-api-reference/rtm2/_en/_harmonyos/_enumv-en.mdx|docs-api-reference/rtm2/_en/_ios/_enumv-en.mdx|docs-api-reference/rtm2/_en/_unity/_enumv-en.mdx|docs-api-reference/rtm2/enumv.android.ios.cpp.flutter.swift.harmonyos.mdx,platform-variant,static platform folders or PlatformInline/PlatformStructured,needs_review,high,partial,legacy-casebook:platform-filters,Generated 2026-07-02T10:27:25.467Z; 252 source files include this legacy JSX tag after code fences were excluded.
VersionTitle,3052,docs/agora-product/overview/release-notes.mdx|docs/analytics/overview/release-notes.mdx|docs/cloud-recording/overview/release-notes.mdx|docs/convoai/overview/release-notes.mdx|docs/dummy-product/test/release-note.unity.mdx|docs/flexible-classroom/overview/release-notes.android.mdx|docs/flexible-classroom/overview/release-notes.ios.mdx|docs/flexible-classroom/overview/release-notes.javascript.electron.mdx,custom-mdx,classify before migration; do not preserve legacy JSX by default,needs_review,medium,partial,legacy-casebook:legacy-jsx,Generated 2026-07-02T10:27:25.467Z; 61 source files include this legacy JSX tag after code fences were excluded.
Col,2508,docs-basics/security/best-practice.mdx|docs/agora-product/basic-features/precall-test.mdx|docs/agora-product/get-started/quick-start-framework.mdx|docs/agora-product/get-started/quick-start-native.mdx|docs/agora-product/landing-page.android.mdx|docs/agora-product/landing-page.restful.mdx|docs/agora-product/resources.mdx|docs/aigc/landing-page.mdx,layout,remove Ant Design layout; rewrite as Markdown sections or approved cards directive,needs_review,high,partial,legacy-casebook:landing-pages-and-cards,Generated 2026-07-02T10:27:25.467Z; 338 source files include this legacy JSX tag after code fences were excluded.
H3,2458,docs-api-reference/dummy-product/toc-configuration/configuration.unity.mdx|docs-api-reference/fastboard/fastboard-api.ios.mdx|docs-api-reference/fastboard/fastboard-api.javascript.mdx|docs-api-reference/fastboard/fastboard-api.mdx|docs-api-reference/flexible-classroom/classroom-sdk.android.mdx|docs-api-reference/flexible-classroom/classroom-sdk.ios.mdx|docs-api-reference/flexible-classroom/classroom-sdk.javascript.electron.mdx|docs-api-reference/flexible-classroom/fcr-ui-scene.javascript.electron.mdx,custom-mdx,classify before migration; do not preserve legacy JSX by default,needs_review,medium,partial,legacy-casebook:legacy-jsx,Generated 2026-07-02T10:27:25.467Z; 108 source files include this legacy JSX tag after code fences were excluded.
H2,2048,docs-api-reference/dummy-product/toc-configuration/configuration.unity.mdx|docs-api-reference/fastboard/fastboard-api.ios.mdx|docs-api-reference/fastboard/fastboard-api.javascript.mdx|docs-api-reference/fastboard/fastboard-api.mdx|docs-api-reference/flexible-classroom/classroom-sdk.android.mdx|docs-api-reference/flexible-classroom/classroom-sdk.ios.mdx|docs-api-reference/flexible-classroom/classroom-sdk.javascript.electron.mdx|docs-api-reference/flexible-classroom/fcr-ui-scene.javascript.electron.mdx,custom-mdx,classify before migration; do not preserve legacy JSX by default,needs_review,medium,partial,legacy-casebook:legacy-jsx,Generated 2026-07-02T10:27:25.467Z; 197 source files include this legacy JSX tag after code fences were excluded.
TabItem,2024,docs-api-reference/rtm2/toc-message/publish.restful.mdx|docs-api-reference/rtm2/toc-message/receive.restful.mdx|docs-basics/security/best-practice.mdx|docs-faq/camera-exposure-focus.mdx|docs-faq/electron-faq.mdx|docs-faq/generate-token.mdx|docs-faq/rtm2-rtc-integration-issue.mdx|docs-faq/sei.mdx,tabs,code fence tabs or repo-approved Tabs/TabsList/TabsTrigger/TabsContent,classified,medium,yes,markdown-authoring-standard:tabs,Generated 2026-07-02T10:27:25.467Z; 184 source files include this legacy JSX tag after code fences were excluded.
VersionSection,1526,docs/agora-product/overview/release-notes.mdx|docs/analytics/overview/release-notes.mdx|docs/cloud-recording/overview/release-notes.mdx|docs/convoai/overview/release-notes.mdx|docs/dummy-product/test/release-note.unity.mdx|docs/flexible-classroom/overview/release-notes.android.mdx|docs/flexible-classroom/overview/release-notes.ios.mdx|docs/flexible-classroom/overview/release-notes.javascript.electron.mdx,api-reference,prefer structured API/OpenAPI source; otherwise conservative Markdown reference rewrite,needs_review,high,no,legacy-casebook:api-reference-mdx,Generated 2026-07-02T10:27:25.467Z; 62 source files include this legacy JSX tag after code fences were excluded.
Image,1277,docs-basics/security/best-practice.mdx|docs-basics/security/fastboard-sdk.mdx|docs-basics/security/flexible-classroom-sdk.mdx|docs-basics/security/information.mdx|docs-basics/security/privacy.mdx|docs-basics/security/video-sdk.mdx|docs-basics/security/voice-sdk.mdx|docs-basics/security/whiteboard-sdk.mdx,media,Markdown image syntax; mark needs-image-standard when width/caption matters,classified,medium,yes,legacy-casebook:images,Generated 2026-07-02T10:27:25.467Z; 532 source files include this legacy JSX tag after code fences were excluded.
Row,1214,docs-basics/security/best-practice.mdx|docs/agora-product/basic-features/precall-test.mdx|docs/agora-product/get-started/quick-start-framework.mdx|docs/agora-product/get-started/quick-start-native.mdx|docs/agora-product/landing-page.android.mdx|docs/agora-product/landing-page.restful.mdx|docs/agora-product/resources.mdx|docs/aigc/landing-page.mdx,layout,remove Ant Design layout; rewrite as Markdown sections or approved cards directive,needs_review,high,partial,legacy-casebook:landing-pages-and-cards,Generated 2026-07-02T10:27:25.467Z; 338 source files include this legacy JSX tag after code fences were excluded.
Tabs,786,docs-api-reference/rtm2/toc-message/publish.restful.mdx|docs-api-reference/rtm2/toc-message/receive.restful.mdx|docs-basics/security/best-practice.mdx|docs-faq/camera-exposure-focus.mdx|docs-faq/electron-faq.mdx|docs-faq/generate-token.mdx|docs-faq/rtm2-rtc-integration-issue.mdx|docs-faq/sei.mdx,tabs,code fence tabs or repo-approved Tabs/TabsList/TabsTrigger/TabsContent,classified,medium,yes,markdown-authoring-standard:tabs,Generated 2026-07-02T10:27:25.467Z; 184 source files include this legacy JSX tag after code fences were excluded.
Detail,562,docs-faq/billing-free.mdx|docs-faq/privacyinfo.mdx|docs-faq/restful-api-call-frequency.mdx|docs-faq/rtm2-rtc-integration-issue.mdx|docs/agora-product/basic-features/precall-test.mdx|docs/agora-product/best-practices/reduce-app-size.android.mdx|docs/agora-product/get-started/call-api.restful.mdx|docs/agora-product/get-started/integrate-showroom.android.mdx,custom-mdx,classify before migration; do not preserve legacy JSX by default,needs_review,medium,partial,legacy-casebook:legacy-jsx,Generated 2026-07-02T10:27:25.467Z; 92 source files include this legacy JSX tag after code fences were excluded.
LinkCardV2,540,docs-faq/electron-faq.mdx|docs/agora-product/basic-features/precall-test.mdx|docs/agora-product/get-started/quick-start-framework.mdx|docs/agora-product/get-started/quick-start-native.mdx|docs/agora-product/resources.mdx|docs/chatroom/uikit/get-started/run-github-project-backend.mdx|docs/cloud-recording/get-started/quick-start-go.mdx|docs/cloud-recording/get-started/quick-start-java.mdx,landing-or-card,Markdown links/lists or project-approved cards directive after IA review,needs_review,high,partial,legacy-casebook:landing-pages-and-cards,Generated 2026-07-02T10:27:25.467Z; 248 source files include this legacy JSX tag after code fences were excluded.
Glossary,486,docs-api-reference/cloud-recording/go-api/basicauthcredential.go.mdx|docs-api-reference/cloud-recording/go-api/struct.go.mdx|docs-api-reference/cloud-recording/java-api/struct.java.mdx|docs-api-reference/convoai/go-api/basicauthcredential.go.mdx|docs-api-reference/convoai/go-api/struct.go.mdx|docs-api-reference/convoai/java-api/basicauthcredential.java.mdx|docs-api-reference/convoai/java-api/overview.java.mdx|docs-api-reference/convoai/java-api/struct.java.mdx,custom-mdx,classify before migration; do not preserve legacy JSX by default,needs_review,medium,partial,legacy-casebook:legacy-jsx,Generated 2026-07-02T10:27:25.467Z; 56 source files include this legacy JSX tag after code fences were excluded.
Status,259,docs-api-reference/dummy-product/toc-configuration/configuration.unity.mdx|docs-api-reference/rtm2/_en/_flutter/_channel-en.flutter.mdx|docs-api-reference/rtm2/_en/_flutter/_lock-en.flutter.mdx|docs-api-reference/rtm2/_en/_flutter/_message-en.flutter.mdx|docs-api-reference/rtm2/_en/_flutter/_presence-en.flutter.mdx|docs-api-reference/rtm2/_en/_flutter/_storage-en.flutter.mdx|docs-api-reference/rtm2/_en/_flutter/_topic-en.flutter.mdx|docs-api-reference/rtm2/_en/_ios/_configuration-en.ios.mdx,shared-invocation,inline/include referenced shared content after dependency audit,needs_review,medium,partial,legacy-casebook:shared-imports,Generated 2026-07-02T10:27:25.467Z; 54 source files include this legacy JSX tag after code fences were excluded.
ListItem,174,docs/art-class/landing-page.mdx|docs/breakout-classroom/landing-page.mdx|docs/dummy-product/landing-page.mdx|docs/dummy-product/landing-page.unity.mdx|docs/dummy-product/test/components.mdx|docs/dummy-product/test/landing-page.mdx|docs/one-to-one-classroom/landing-page.mdx|docs/online-music-class/landing-page.mdx,custom-mdx,classify before migration; do not preserve legacy JSX by default,needs_review,medium,partial,legacy-casebook:legacy-jsx,Generated 2026-07-02T10:27:25.467Z; 10 source files include this legacy JSX tag after code fences were excluded.
SDKDownloadCard,166,docs/agora-product/resources.mdx|docs/dummy-product/test/components.mdx|docs/flexible-classroom/resources.android.mdx|docs/flexible-classroom/resources.ios.mdx|docs/multi-usecase/_homepage_.mdx|docs/online-ktv/online-ktv-sdk/resources.android.mdx|docs/online-ktv/online-ktv-sdk/resources.ios.mdx|docs/recording/resources.mdx,landing-or-card,Markdown links/lists or project-approved cards directive after IA review,needs_review,high,partial,legacy-casebook:landing-pages-and-cards,Generated 2026-07-02T10:27:25.467Z; 28 source files include this legacy JSX tag after code fences were excluded.
HotArticleCard,135,docs/agora-product/landing-page.android.mdx|docs/agora-product/landing-page.restful.mdx|docs/analytics/landing-page.mdx|docs/cloud-recording/landing-page.mdx|docs/cloud-transcoder/landing-page.mdx|docs/conversion-ppt/landing-page.mdx|docs/danmaku/landing-page.mdx|docs/dummy-product/test/landing-page.mdx,landing-or-card,Markdown links/lists or project-approved cards directive after IA review,needs_review,high,partial,legacy-casebook:landing-pages-and-cards,Generated 2026-07-02T10:27:25.467Z; 36 source files include this legacy JSX tag after code fences were excluded.
PlatformGuideCard,122,docs-basics/security/best-practice.mdx|docs/dummy-product/_homepage_.mdx|docs/dummy-product/test/components.mdx|docs/iot-apaas/_homepage_.mdx|docs/iot-apaas/_resources.mdx|docs/marketplace/integrate-extensions/kivisense-beautify.javascript.mdx|docs/multi-usecase/non-scenario-based/resources.mdx|docs/multi-usecase/scenario-based/resources.mdx,platform-variant,static platform folders or PlatformInline/PlatformStructured,needs_review,high,partial,legacy-casebook:platform-filters,Generated 2026-07-02T10:27:25.467Z; 10 source files include this legacy JSX tag after code fences were excluded.
DocLinkCard,118,docs-api-reference/rtm2/_en/_android/_token-en.android.mdx|docs-api-reference/rtm2/_en/_cpp/_token-en.cpp.mdx|docs-api-reference/rtm2/_en/_flutter/_channel-en.flutter.mdx|docs-api-reference/rtm2/_en/_flutter/_configuration-en.flutter.mdx|docs-api-reference/rtm2/_en/_flutter/_message-en.flutter.mdx|docs-api-reference/rtm2/_en/_flutter/_token-en.flutter.mdx|docs-api-reference/rtm2/_en/_harmonyos/_token-en.harmonyos.mdx|docs-api-reference/rtm2/_en/_ios/_token-en.ios.mdx,landing-or-card,Markdown links/lists or project-approved cards directive after IA review,needs_review,high,partial,legacy-casebook:landing-pages-and-cards,Generated 2026-07-02T10:27:25.467Z; 59 source files include this legacy JSX tag after code fences were excluded.
ProductOverview,110,docs/agora-product/landing-page.android.mdx|docs/agora-product/landing-page.restful.mdx|docs/aigc/landing-page.mdx|docs/analytics/landing-page.mdx|docs/chatroom/sdk/landing-page.mdx|docs/chatroom/uikit/landing-page.mdx|docs/cloud-recording/landing-page.mdx|docs/cloud-transcoder/landing-page.mdx,landing-or-card,Markdown links/lists or project-approved cards directive after IA review,needs_review,high,partial,legacy-casebook:landing-pages-and-cards,Generated 2026-07-02T10:27:25.467Z; 53 source files include this legacy JSX tag after code fences were excluded.
RecommendCard,100,docs/agora-product/landing-page.android.mdx|docs/agora-product/landing-page.restful.mdx|docs/analytics/landing-page.mdx|docs/chatroom/sdk/landing-page.mdx|docs/cloud-recording/landing-page.mdx|docs/console/landing-page.mdx|docs/dummy-product/test/landing-page.mdx|docs/flexible-classroom/landing-page.android.ios.javascript.electron.mdx,landing-or-card,Markdown links/lists or project-approved cards directive after IA review,needs_review,high,partial,legacy-casebook:landing-pages-and-cards,Generated 2026-07-02T10:27:25.467Z; 28 source files include this legacy JSX tag after code fences were excluded.
Text,94,docs/cloud-recording/overview/billing-strategy/billing.mdx|docs/dummy-product/test/components.mdx|docs/dummy-product/test/table.mdx|docs/game-voice/best-practices/audio-experience-optimization.mdx|docs/rtm2/overview/billing/billing-strategy.mdx|docs/teleoperation/overview/product-overview.mdx,custom-mdx,classify before migration; do not preserve legacy JSX by default,needs_review,medium,partial,legacy-casebook:legacy-jsx,Generated 2026-07-02T10:27:25.467Z; 6 source files include this legacy JSX tag after code fences were excluded.
Tech,74,docs/agora-product/get-started/quick-start-framework.mdx|docs/agora-product/get-started/quick-start-native.mdx|docs/flexible-classroom/get-started/quick-start.android.mdx|docs/flexible-classroom/get-started/quick-start.electron.mdx|docs/flexible-classroom/get-started/quick-start.ios.mdx|docs/flexible-classroom/get-started/quick-start.javascript.mdx|docs/marketplace/integrate-extensions/faceunity-ar.android.ios.flutter.mdx|docs/marketplace/integrate-extensions/legacy/.livedata-asr.android.ios.mdx,custom-mdx,classify before migration; do not preserve legacy JSX by default,needs_review,medium,partial,legacy-casebook:legacy-jsx,Generated 2026-07-02T10:27:25.467Z; 74 source files include this legacy JSX tag after code fences were excluded.
InstantExperienceCard,73,docs/agora-product/landing-page.android.mdx|docs/agora-product/resources.mdx|docs/aigc/landing-page.mdx|docs/chatroom/sdk/landing-page.mdx|docs/chatroom/sdk/resources.mdx|docs/chatroom/uikit/landing-page.mdx|docs/chatroom/uikit/resources.mdx|docs/conversion-ppt/landing-page.mdx,landing-or-card,Markdown links/lists or project-approved cards directive after IA review,needs_review,high,partial,legacy-casebook:landing-pages-and-cards,Generated 2026-07-02T10:27:25.467Z; 47 source files include this legacy JSX tag after code fences were excluded.
QuickStartCard,63,docs/agora-product/landing-page.android.mdx|docs/agora-product/landing-page.restful.mdx|docs/aigc/landing-page.mdx|docs/chatroom/sdk/landing-page.mdx|docs/chatroom/uikit/landing-page.mdx|docs/cloud-recording/landing-page.mdx|docs/cloud-transcoder/landing-page.mdx|docs/console/landing-page.mdx,landing-or-card,Markdown links/lists or project-approved cards directive after IA review,needs_review,high,partial,legacy-casebook:landing-pages-and-cards,Generated 2026-07-02T10:27:25.467Z; 49 source files include this legacy JSX tag after code fences were excluded.
MCPIntegrate,54,docs/agora-product/mcp-integrate.mdx|docs/aigc/mcp-integrate.mdx|docs/analytics/mcp-integrate.mdx|docs/art-class/mcp-integrate.mdx|docs/breakout-classroom/mcp-integrate.mdx|docs/chatroom/sdk/mcp-integrate.mdx|docs/chatroom/uikit/mcp-integrate.mdx|docs/cloud-recording/mcp-integrate.mdx,custom-mdx,classify before migration; do not preserve legacy JSX by default,needs_review,medium,partial,legacy-casebook:legacy-jsx,Generated 2026-07-02T10:27:25.467Z; 54 source files include this legacy JSX tag after code fences were excluded.
SkillsIntegrate,54,docs/agora-product/skills-integrate.mdx|docs/aigc/skills-integrate.mdx|docs/analytics/skills-integrate.mdx|docs/art-class/skills-integrate.mdx|docs/breakout-classroom/skills-integrate.mdx|docs/chatroom/sdk/skills-integrate.mdx|docs/chatroom/uikit/skills-integrate.mdx|docs/cloud-recording/skills-integrate.mdx,custom-mdx,classify before migration; do not preserve legacy JSX by default,needs_review,medium,partial,legacy-casebook:legacy-jsx,Generated 2026-07-02T10:27:25.467Z; 54 source files include this legacy JSX tag after code fences were excluded.
LinkCardA,48,docs/art-class/landing-page.mdx|docs/breakout-classroom/landing-page.mdx|docs/dummy-product/landing-page.mdx|docs/one-to-one-classroom/landing-page.mdx|docs/online-music-class/landing-page.mdx|docs/small-classroom/landing-page.mdx|docs/smart-camera/landing-page.mdx|docs/smart-doorbell/landing-page.mdx,landing-or-card,Markdown links/lists or project-approved cards directive after IA review,needs_review,high,partial,legacy-casebook:landing-pages-and-cards,Generated 2026-07-02T10:27:25.467Z; 10 source files include this legacy JSX tag after code fences were excluded.
AppId,43,docs/agora-product/get-started/enable-service.mdx|docs/aigc/get-started/enable-service.mdx|docs/art-class/get-started/enable-service.mdx|docs/chatroom/sdk/get-started/enable-service.mdx|docs/chatroom/uikit/get-started/enable-service.mdx|docs/cloud-recording/get-started/enable-service.mdx|docs/convoai/get-started/enable-service.mdx|docs/dummy-product/get-started/enable-service.mdx,shared-invocation,inline/include referenced shared content after dependency audit,needs_review,medium,partial,legacy-casebook:shared-imports,Generated 2026-07-02T10:27:25.467Z; 43 source files include this legacy JSX tag after code fences were excluded.
Login,43,docs/agora-product/get-started/enable-service.mdx|docs/aigc/get-started/enable-service.mdx|docs/art-class/get-started/enable-service.mdx|docs/chatroom/sdk/get-started/enable-service.mdx|docs/chatroom/uikit/get-started/enable-service.mdx|docs/cloud-recording/get-started/enable-service.mdx|docs/conversion-ppt/get-started/enable-service.mdx|docs/convoai/get-started/enable-service.mdx,shared-invocation,inline/include referenced shared content after dependency audit,needs_review,medium,partial,legacy-casebook:shared-imports,Generated 2026-07-02T10:27:25.467Z; 43 source files include this legacy JSX tag after code fences were excluded.
LinkCardC,42,docs/dummy-product/landing-page.mdx|docs/multi-usecase/non-scenario-based/landing-page.mdx|docs/multi-usecase/scenario-based/landing-page.mdx|docs/multi-usecase/ui-solution/landing-page.mdx,landing-or-card,Markdown links/lists or project-approved cards directive after IA review,needs_review,high,partial,legacy-casebook:landing-pages-and-cards,Generated 2026-07-02T10:27:25.467Z; 4 source files include this legacy JSX tag after code fences were excluded.
PlatformLinkCardV2,42,docs/dummy-product/_homepage_.mdx|docs/flexible-classroom/_resources.mdx|docs/multi-usecase/_homepage_.mdx|docs/rtm2/_homepage_.mdx,platform-variant,static platform folders or PlatformInline/PlatformStructured,needs_review,high,partial,legacy-casebook:platform-filters,Generated 2026-07-02T10:27:25.467Z; 4 source files include this legacy JSX tag after code fences were excluded.
Project,42,docs/agora-product/get-started/enable-service.mdx|docs/aigc/get-started/enable-service.mdx|docs/art-class/get-started/enable-service.mdx|docs/chatroom/sdk/get-started/enable-service.mdx|docs/chatroom/uikit/get-started/enable-service.mdx|docs/cloud-recording/get-started/enable-service.mdx|docs/console/quickstart.mdx|docs/conversion-ppt/get-started/enable-service.mdx,shared-invocation,inline/include referenced shared content after dependency audit,needs_review,medium,partial,legacy-casebook:shared-imports,Generated 2026-07-02T10:27:25.467Z; 42 source files include this legacy JSX tag after code fences were excluded.
Intro,40,docs/cloud-recording/overview/billing-strategy/billing.mdx|docs/cloud-recording/overview/billing-strategy/snapshot-billing.mdx|docs/cloud-recording/overview/billing-strategy/webpage-billing.mdx|docs/convoai/best-practice/audio-settings.mdx|docs/convoai/user-guides/interrupt-agent.mdx|docs/convoai/user-guides/listen-agent-events.mdx|docs/convoai/user-guides/realtime-sub.mdx|docs/convoai/user-guides/send-multimodal-message.mdx,custom-mdx,classify before migration; do not preserve legacy JSX by default,needs_review,medium,partial,legacy-casebook:legacy-jsx,Generated 2026-07-02T10:27:25.467Z; 40 source files include this legacy JSX tag after code fences were excluded.
LinkBlock,39,docs/aigc/get-started/quick-start.android.mdx|docs/aigc/get-started/quick-start.ios.mdx|docs/conversion-ppt/get-started/quick-start.mdx|docs/dummy-product/landing-page.unity.mdx|docs/dummy-product/test/components.mdx|docs/game-voice/get-started/audio-quick-start.mdx|docs/iot-apaas/landing-page.mdx|docs/meta-world/get-started/integrate-sdk.android.mdx,landing-or-card,Markdown links/lists or project-approved cards directive after IA review,needs_review,high,partial,legacy-casebook:landing-pages-and-cards,Generated 2026-07-02T10:27:25.467Z; 14 source files include this legacy JSX tag after code fences were excluded.
Set,34,docs-api-reference/flexible-classroom/classroom-sdk.android.mdx|docs-api-reference/flexible-classroom/classroom-sdk.ios.mdx|docs-api-reference/flexible-classroom/classroom-sdk.javascript.electron.mdx|docs-api-reference/flexible-classroom/fcr-ui-scene.javascript.electron.mdx|docs-api-reference/flexible-classroom/proctor-sdk.ios.mdx|docs-api-reference/flexible-classroom/proctor-sdk.javascript.electron.mdx|docs/flexible-classroom/_restapi.mdx|docs/flexible-classroom/api/api-sync.restful.mdx,shared-invocation,inline/include referenced shared content after dependency audit,needs_review,medium,partial,legacy-casebook:shared-imports,Generated 2026-07-02T10:27:25.467Z; 11 source files include this legacy JSX tag after code fences were excluded.
Pre,33,docs/agora-product/get-started/quick-start-native.mdx|docs/convoai/best-practice/audio-settings.mdx|docs/convoai/user-guides/interrupt-agent.mdx|docs/convoai/user-guides/listen-agent-events.mdx|docs/convoai/user-guides/manual-turn-control.mdx|docs/convoai/user-guides/send-multimodal-message.mdx|docs/game-voice/get-started/run-example.unreal-cpp.mdx|docs/meta-world/get-started/integrate-sdk.android.mdx,custom-mdx,classify before migration; do not preserve legacy JSX by default,needs_review,medium,partial,legacy-casebook:legacy-jsx,Generated 2026-07-02T10:27:25.467Z; 33 source files include this legacy JSX tag after code fences were excluded.
Token,32,docs/agora-product/get-started/enable-service.mdx|docs/aigc/get-started/enable-service.mdx|docs/art-class/get-started/enable-service.mdx|docs/chatroom/sdk/get-started/enable-service.mdx|docs/cloud-recording/get-started/enable-service.mdx|docs/convoai/get-started/enable-service.mdx|docs/dummy-product/get-started/enable-service.mdx|docs/dummy-product/test/toc.mdx,shared-invocation,inline/include referenced shared content after dependency audit,needs_review,medium,partial,legacy-casebook:shared-imports,Generated 2026-07-02T10:27:25.467Z; 30 source files include this legacy JSX tag after code fences were excluded.
Github,31,docs/agora-product/get-started/integrate-showroom.android.mdx|docs/chatroom/sdk/get-started/quick-integration.android.mdx|docs/chatroom/sdk/get-started/quick-integration.ios.mdx|docs/chatroom/sdk/resources.mdx|docs/chatroom/sdk/user-guides/mic-seat-management.android.mdx|docs/chatroom/sdk/user-guides/mic-seat-management.ios.mdx|docs/chatroom/uikit/get-started/quick-integration.android.mdx|docs/chatroom/uikit/get-started/quick-integration.ios.mdx,custom-mdx,classify before migration; do not preserve legacy JSX by default,needs_review,medium,partial,legacy-casebook:legacy-jsx,Generated 2026-07-02T10:27:25.467Z; 31 source files include this legacy JSX tag after code fences were excluded.
HomepageBasicCard,28,docs/dummy-product/test/rtc-homepage.mdx|docs/marketplace/_homepage_.mdx|docs/rtc/_homepage_.mdx,landing-or-card,Markdown links/lists or project-approved cards directive after IA review,needs_review,high,partial,legacy-casebook:landing-pages-and-cards,Generated 2026-07-02T10:27:25.467Z; 3 source files include this legacy JSX tag after code fences were excluded.
ListPanelAV2,28,docs/art-class/landing-page.mdx|docs/breakout-classroom/landing-page.mdx|docs/dummy-product/landing-page.mdx|docs/dummy-product/test/components.mdx|docs/one-to-one-classroom/landing-page.mdx|docs/online-music-class/landing-page.mdx|docs/small-classroom/landing-page.mdx,custom-mdx,classify before migration; do not preserve legacy JSX by default,needs_review,medium,partial,legacy-casebook:legacy-jsx,Generated 2026-07-02T10:27:25.467Z; 7 source files include this legacy JSX tag after code fences were excluded.
Card,26,docs/dummy-product/landing-page.unity.mdx|docs/dummy-product/test/components.mdx|docs/rtm2/landing-page.mdx|docs/rtm2/overview/billing/billing-strategy.mdx|docs/teleoperation/overview/product-overview.mdx,landing-or-card,Markdown links/lists or project-approved cards directive after IA review,needs_review,high,partial,legacy-casebook:landing-pages-and-cards,Generated 2026-07-02T10:27:25.467Z; 5 source files include this legacy JSX tag after code fences were excluded.
Appid,23,docs/flexible-classroom/api/api-classroom.restful.mdx|docs/flexible-classroom/api/api-recording.restful.mdx|docs/flexible-classroom/api/api-sync.restful.mdx|docs/flexible-classroom/api/api-user.restful.mdx|docs/flexible-classroom/api/api-widget.restful.mdx|docs/flexible-classroom/basic-features/generate-token.android.ios.javascript.electron.mdx,shared-invocation,inline/include referenced shared content after dependency audit,needs_review,medium,partial,legacy-casebook:shared-imports,Generated 2026-07-02T10:27:25.467Z; 6 source files include this legacy JSX tag after code fences were excluded.
Integrate,22,docs/convoai/best-practice/audio-settings.mdx|docs/convoai/user-guides/interrupt-agent.mdx|docs/convoai/user-guides/listen-agent-events.mdx|docs/convoai/user-guides/manual-turn-control.mdx|docs/convoai/user-guides/realtime-sub.mdx|docs/convoai/user-guides/send-multimodal-message.mdx|docs/marketplace/integrate-extensions/faceunity-ar.android.ios.flutter.mdx|docs/marketplace/integrate-extensions/iflytek-asr.android.ios.windows.mdx,custom-mdx,classify before migration; do not preserve legacy JSX by default,needs_review,medium,partial,legacy-casebook:legacy-jsx,Generated 2026-07-02T10:27:25.467Z; 22 source files include this legacy JSX tag after code fences were excluded.
LinkTooltip,22,docs/dummy-product/test/components.mdx|docs/rtc/advanced-features/face-capture.android.mdx|docs/rtc/advanced-features/face-capture.ios.macos.mdx|docs/rtc/advanced-features/face-capture.windows.mdx|docs/rtc/advanced-features/voice-changer.android.mdx|docs/rtc/advanced-features/voice-changer.electron.rn.mdx|docs/rtc/advanced-features/voice-changer.ios.macos.mdx|docs/rtc/advanced-features/voice-changer.windows.mdx,landing-or-card,Markdown links/lists or project-approved cards directive after IA review,needs_review,high,partial,legacy-casebook:landing-pages-and-cards,Generated 2026-07-02T10:27:25.467Z; 8 source files include this legacy JSX tag after code fences were excluded.
ListPanel,22,docs/dummy-product/landing-page.unity.mdx|docs/dummy-product/test/landing-page.mdx|docs/rtm2/landing-page.mdx,custom-mdx,classify before migration; do not preserve legacy JSX by default,needs_review,medium,partial,legacy-casebook:legacy-jsx,Generated 2026-07-02T10:27:25.467Z; 3 source files include this legacy JSX tag after code fences were excluded.
Region,22,docs/flexible-classroom/api/api-classroom.restful.mdx|docs/flexible-classroom/api/api-recording.restful.mdx|docs/flexible-classroom/api/api-sync.restful.mdx|docs/flexible-classroom/api/api-user.restful.mdx|docs/flexible-classroom/api/api-widget.restful.mdx,custom-mdx,classify before migration; do not preserve legacy JSX by default,needs_review,medium,partial,legacy-casebook:legacy-jsx,Generated 2026-07-02T10:27:25.467Z; 5 source files include this legacy JSX tag after code fences were excluded.
Roomuuid,22,docs/flexible-classroom/api/api-classroom.restful.mdx|docs/flexible-classroom/api/api-recording.restful.mdx|docs/flexible-classroom/api/api-sync.restful.mdx|docs/flexible-classroom/api/api-user.restful.mdx|docs/flexible-classroom/api/api-widget.restful.mdx,custom-mdx,classify before migration; do not preserve legacy JSX by default,needs_review,medium,partial,legacy-casebook:legacy-jsx,Generated 2026-07-02T10:27:25.467Z; 5 source files include this legacy JSX tag after code fences were excluded.
Code,20,docs/flexible-classroom/api/api-classroom.restful.mdx|docs/flexible-classroom/api/api-recording.restful.mdx|docs/flexible-classroom/api/api-sync.restful.mdx|docs/flexible-classroom/api/api-user.restful.mdx|docs/flexible-classroom/api/api-widget.restful.mdx,custom-mdx,classify before migration; do not preserve legacy JSX by default,needs_review,medium,partial,legacy-casebook:legacy-jsx,Generated 2026-07-02T10:27:25.467Z; 5 source files include this legacy JSX tag after code fences were excluded.
DownloadCard,20,docs/dummy-product/_homepage_.mdx|docs/dummy-product/test/components.mdx|docs/flexible-classroom/_resources.mdx|docs/iot-apaas/_resources.mdx,landing-or-card,Markdown links/lists or project-approved cards directive after IA review,needs_review,high,partial,legacy-casebook:landing-pages-and-cards,Generated 2026-07-02T10:27:25.467Z; 4 source files include this legacy JSX tag after code fences were excluded.
LinkList,20,docs/dummy-product/landing-page.mdx|docs/iot-apaas/landing-page.mdx|docs/rtm2/landing-page.mdx,landing-or-card,Markdown links/lists or project-approved cards directive after IA review,needs_review,high,partial,legacy-casebook:landing-pages-and-cards,Generated 2026-07-02T10:27:25.467Z; 3 source files include this legacy JSX tag after code fences were excluded.
Msg,20,docs/flexible-classroom/api/api-classroom.restful.mdx|docs/flexible-classroom/api/api-recording.restful.mdx|docs/flexible-classroom/api/api-sync.restful.mdx|docs/flexible-classroom/api/api-user.restful.mdx|docs/flexible-classroom/api/api-widget.restful.mdx,custom-mdx,classify before migration; do not preserve legacy JSX by default,needs_review,medium,partial,legacy-casebook:legacy-jsx,Generated 2026-07-02T10:27:25.467Z; 5 source files include this legacy JSX tag after code fences were excluded.
Prerequisites,20,docs/marketplace/integrate-extensions/faceunity-ar.android.ios.flutter.mdx|docs/marketplace/integrate-extensions/iflytek-asr.android.ios.windows.mdx|docs/marketplace/integrate-extensions/legacy/.livedata-asr.android.ios.mdx|docs/marketplace/integrate-extensions/legacy/_bytedance-volcengine-ar.android.ios.mdx|docs/marketplace/integrate-extensions/legacy/_databaker-voice-changer.android.ios.mdx|docs/marketplace/integrate-extensions/legacy/_dubbing-voice-changer.android.ios.mdx|docs/marketplace/integrate-extensions/legacy/_fosafer-ar.android.ios.mdx|docs/marketplace/integrate-extensions/legacy/_hteffect-3d-avatar-cn.android.ios.mdx,custom-mdx,classify before migration; do not preserve legacy JSX by default,needs_review,medium,partial,legacy-casebook:legacy-jsx,Generated 2026-07-02T10:27:25.467Z; 20 source files include this legacy JSX tag after code fences were excluded.
Stateitem,20,docs-api-reference/rtm2/_en/_cpp/_presence-en.cpp.mdx|docs-api-reference/rtm2/_en/_harmonyos/_presence-en.harmonyos.mdx|docs-api-reference/rtm2/_en/_unity/_presence-en.unity.mdx|docs-api-reference/rtm2/toc-configuration/configuration.cpp.mdx|docs-api-reference/rtm2/toc-configuration/configuration.harmonyos.mdx|docs-api-reference/rtm2/toc-presence/presence.cpp.mdx|docs-api-reference/rtm2/toc-presence/presence.harmonyos.mdx|docs-api-reference/rtm2/toc-presence/presence.unity.mdx,custom-mdx,classify before migration; do not preserve legacy JSX by default,needs_review,medium,partial,legacy-casebook:legacy-jsx,Generated 2026-07-02T10:27:25.467Z; 8 source files include this legacy JSX tag after code fences were excluded.
Ts,20,docs/flexible-classroom/api/api-classroom.restful.mdx|docs/flexible-classroom/api/api-recording.restful.mdx|docs/flexible-classroom/api/api-sync.restful.mdx|docs/flexible-classroom/api/api-user.restful.mdx|docs/flexible-classroom/api/api-widget.restful.mdx,custom-mdx,classify before migration; do not preserve legacy JSX by default,needs_review,medium,partial,legacy-casebook:legacy-jsx,Generated 2026-07-02T10:27:25.467Z; 5 source files include this legacy JSX tag after code fences were excluded.
PlatformLinkCard,18,docs/dummy-product/_homepage_.mdx|docs/dummy-product/test/components.mdx|docs/iot-apaas/_homepage_.mdx,platform-variant,static platform folders or PlatformInline/PlatformStructured,needs_review,high,partial,legacy-casebook:platform-filters,Generated 2026-07-02T10:27:25.467Z; 3 source files include this legacy JSX tag after code fences were excluded.
HomepagePlatformCard,17,docs/dummy-product/test/rtc-homepage.mdx|docs/rtc/_homepage_.mdx,platform-variant,static platform folders or PlatformInline/PlatformStructured,needs_review,high,partial,legacy-casebook:platform-filters,Generated 2026-07-02T10:27:25.467Z; 2 source files include this legacy JSX tag after code fences were excluded.
HTML,17,docs/dummy-product/test/components.mdx|docs/shared/common/enable-ncs-v2-1.mdx|docs/shared/common/enable-ncs-v2-2.mdx|docs/shared/common/get-temp-token.mdx|docs/shared/rtcandgame/spatial-audio-unity.mdx|docs/shared/rtsc/enable-ncs-v1-1.mdx|docs/shared/showroom/audio-scenario.mdx|shared/smart-camera/amazon-alexa.mdx,custom-mdx,classify before migration; do not preserve legacy JSX by default,needs_review,medium,partial,legacy-casebook:legacy-jsx,Generated 2026-07-02T10:27:25.467Z; 10 source files include this legacy JSX tag after code fences were excluded.
HomepageUsecaseCard,16,docs/dummy-product/test/rtc-homepage.mdx|docs/rtc/_homepage_.mdx,landing-or-card,Markdown links/lists or project-approved cards directive after IA review,needs_review,high,partial,legacy-casebook:landing-pages-and-cards,Generated 2026-07-02T10:27:25.467Z; 2 source files include this legacy JSX tag after code fences were excluded.
OverloadMethodCollapsePanel,16,docs-api-reference/dummy-product/test/overload-method-card.mdx,api-reference,prefer structured API/OpenAPI source; otherwise conservative Markdown reference rewrite,needs_review,high,no,legacy-casebook:api-reference-mdx,Generated 2026-07-02T10:27:25.467Z; 1 source files include this legacy JSX tag after code fences were excluded.
QuickGuide,16,docs/dummy-product/landing-page.mdx|docs/multi-usecase/non-scenario-based/landing-page.mdx|docs/multi-usecase/scenario-based/landing-page.mdx|docs/multi-usecase/ui-solution/landing-page.mdx|docs/smart-camera/landing-page.mdx|docs/smart-doorbell/landing-page.mdx|docs/smart-watch/landing-page.mdx|docs/teleoperation/landing-page.mdx,custom-mdx,classify before migration; do not preserve legacy JSX by default,needs_review,medium,partial,legacy-casebook:legacy-jsx,Generated 2026-07-02T10:27:25.467Z; 8 source files include this legacy JSX tag after code fences were excluded.
LinkCard,14,docs/aigc/resources.mdx|docs/convoai/resources.mdx|docs/dummy-product/test/components.mdx,landing-or-card,Markdown links/lists or project-approved cards directive after IA review,needs_review,high,partial,legacy-casebook:landing-pages-and-cards,Generated 2026-07-02T10:27:25.467Z; 3 source files include this legacy JSX tag after code fences were excluded.
Upgrade,14,docs/marketplace/integrate-extensions/faceunity-ar.android.ios.flutter.mdx|docs/marketplace/integrate-extensions/iflytek-asr.android.ios.windows.mdx|docs/marketplace/integrate-extensions/legacy/.livedata-asr.android.ios.mdx|docs/marketplace/integrate-extensions/legacy/_bytedance-volcengine-ar.android.ios.mdx|docs/marketplace/integrate-extensions/legacy/_databaker-voice-changer.android.ios.mdx|docs/marketplace/integrate-extensions/legacy/_fosafer-ar.android.ios.mdx|docs/marketplace/integrate-extensions/legacy/_hteffect-3d-avatar-cn.android.ios.mdx|docs/marketplace/integrate-extensions/legacy/_hteffect-ar.android.ios.mdx,custom-mdx,classify before migration; do not preserve legacy JSX by default,needs_review,medium,partial,legacy-casebook:legacy-jsx,Generated 2026-07-02T10:27:25.467Z; 14 source files include this legacy JSX tag after code fences were excluded.
EnableNcs0,12,docs/cloud-recording/webhook/enable-ncs.mdx|docs/cloud-transcoder/webhook/enable-event-notification.mdx|docs/convoai/webhook/enable-ncs.mdx|docs/fusion-cdn/webhook/enable-ncs.mdx|docs/media-pull/webhook/enable-event-notification.mdx|docs/media-push/webhook/enable-ncs.mdx|docs/rtc/webhook/receive_webhook.mdx|docs/rtmp-gateway/webhook/enable-ncs.mdx,custom-mdx,classify before migration; do not preserve legacy JSX by default,needs_review,medium,partial,legacy-casebook:legacy-jsx,Generated 2026-07-02T10:27:25.467Z; 12 source files include this legacy JSX tag after code fences were excluded.
LinkCardB,12,docs/art-class/landing-page.mdx|docs/dummy-product/landing-page.mdx|docs/online-music-class/landing-page.mdx,landing-or-card,Markdown links/lists or project-approved cards directive after IA review,needs_review,high,partial,legacy-casebook:landing-pages-and-cards,Generated 2026-07-02T10:27:25.467Z; 3 source files include this legacy JSX tag after code fences were excluded.
AppCert,11,docs/aigc/get-started/enable-service.mdx|docs/flexible-classroom/get-started/enable.mdx|docs/game-voice/get-started/enable-service.mdx|docs/meeting/get-started/enable-service.mdx|docs/meta-world/get-started/enable-service.mdx|docs/one-to-one-live/custom-signaling/get-started/enable-service.mdx|docs/one-to-one-live/rtm/get-started/enable-service.mdx|docs/rtc/get-started/enable-service.mdx,custom-mdx,classify before migration; do not preserve legacy JSX by default,needs_review,medium,partial,legacy-casebook:legacy-jsx,Generated 2026-07-02T10:27:25.467Z; 11 source files include this legacy JSX tag after code fences were excluded.
Auth,11,docs/agora-product/user-guides/authorization.restful.mdx|docs/cloud-recording/user-guides/http-basic-auth.mdx|docs/danmaku/get-started/authorization.mdx|docs/media-pull/user-guides/http-basic-auth.mdx|docs/media-push/user-guides/http-basic-auth.mdx|docs/meeting/api/create-room.restful.mdx|docs/meeting/api/query-recording.restful.mdx|docs/meeting/get-started/call-api.restful.mdx,shared-invocation,inline/include referenced shared content after dependency audit,needs_review,medium,partial,legacy-casebook:shared-imports,Generated 2026-07-02T10:27:25.467Z; 11 source files include this legacy JSX tag after code fences were excluded.
SDKDownload,11,docs-api-reference/rtm2/toc-configuration/configuration.javascript.mdx|docs-api-reference/rtm2/toc-configuration/configuration.rn.mdx|docs/rtm2/get-started/quick-start.android.mdx|docs/rtm2/get-started/quick-start.cpp.mdx|docs/rtm2/get-started/quick-start.flutter.mdx|docs/rtm2/get-started/quick-start.harmonyos.mdx|docs/rtm2/get-started/quick-start.ios.mdx|docs/rtm2/get-started/quick-start.javascript.mdx,shared-invocation,inline/include referenced shared content after dependency audit,needs_review,medium,partial,legacy-casebook:shared-imports,Generated 2026-07-02T10:27:25.467Z; 11 source files include this legacy JSX tag after code fences were excluded.
Desc,10,docs/rtc/basic-features/screen-share.android.mdx|docs/rtc/basic-features/screen-share.electron.mdx|docs/rtc/basic-features/screen-share.flutter.mdx|docs/rtc/basic-features/screen-share.harmonyos.mdx|docs/rtc/basic-features/screen-share.ios.mdx|docs/rtc/basic-features/screen-share.macos.mdx|docs/rtc/basic-features/screen-share.rn.mdx|docs/rtc/basic-features/screen-share.unity.mdx,custom-mdx,classify before migration; do not preserve legacy JSX by default,needs_review,medium,partial,legacy-casebook:legacy-jsx,Generated 2026-07-02T10:27:25.467Z; 10 source files include this legacy JSX tag after code fences were excluded.
CustomerId,9,docs/chatroom/uikit/get-started/enable-service.mdx|docs/cloud-recording/get-started/enable-service.mdx|docs/convoai/get-started/enable-service.mdx|docs/media-pull/get-started/enable-service.mdx|docs/media-push/get-started/enable-service.mdx|docs/rtsa/get-started/enable-service.mdx|docs/shared/cloud-transcoder/enable-service.mdx|docs/toybox/get-started/enable-service.mdx,custom-mdx,classify before migration; do not preserve legacy JSX by default,needs_review,medium,partial,legacy-casebook:legacy-jsx,Generated 2026-07-02T10:27:25.467Z; 9 source files include this legacy JSX tag after code fences were excluded.
EnableNcs1,8,docs/cloud-recording/webhook/enable-ncs.mdx|docs/cloud-transcoder/webhook/enable-event-notification.mdx|docs/media-pull/webhook/enable-event-notification.mdx|docs/media-push/webhook/enable-ncs.mdx|docs/rtc/webhook/receive_webhook.mdx|docs/rtmp-gateway/webhook/enable-ncs.mdx|docs/speech-to-text/webhook/receive-webhook.mdx|docs/voip-callkit/webhook/receive-webhook.mdx,custom-mdx,classify before migration; do not preserve legacy JSX by default,needs_review,medium,partial,legacy-casebook:legacy-jsx,Generated 2026-07-02T10:27:25.467Z; 8 source files include this legacy JSX tag after code fences were excluded.
MutiLinkCard,8,docs/dummy-product/landing-page.mdx,landing-or-card,Markdown links/lists or project-approved cards directive after IA review,needs_review,high,partial,legacy-casebook:landing-pages-and-cards,Generated 2026-07-02T10:27:25.467Z; 1 source files include this legacy JSX tag after code fences were excluded.
Source,8,docs/flexible-classroom/advanced-features/custom-ui.android.mdx|docs/flexible-classroom/get-started/integrate-new.javascript.mdx|docs/flexible-classroom/get-started/integrate.electron.mdx|docs/flexible-classroom/get-started/integrate.javascript.mdx|docs/flexible-classroom/get-started/quick-start.android.mdx|docs/flexible-classroom/get-started/quick-start.electron.mdx|docs/flexible-classroom/get-started/quick-start.javascript.mdx,custom-mdx,classify before migration; do not preserve legacy JSX by default,needs_review,medium,partial,legacy-casebook:legacy-jsx,Generated 2026-07-02T10:27:25.467Z; 7 source files include this legacy JSX tag after code fences were excluded.
VideoModeration,8,docs/marketplace/integrate-extensions/legacy/_shumei-video-moderation.android.ios.mdx|docs/marketplace/integrate-extensions/legacy/_shumei-video-moderation.javascript.mdx|docs/marketplace/integrate-extensions/legacy/_tuputech-video-moderation.android.ios.mdx|docs/marketplace/integrate-extensions/legacy/_tuputech-video-moderation.javascript.mdx|docs/marketplace/integrate-extensions/legacy/_yitutech-video-moderation.android.ios.mdx|docs/marketplace/integrate-extensions/legacy/_yitutech-video-moderation.javascript.mdx|docs/marketplace/integrate-extensions/netease-yidun-video-moderation.android.ios.mdx|docs/marketplace/integrate-extensions/netease-yidun-video-moderation.javascript.mdx,shared-invocation,inline/include referenced shared content after dependency audit,needs_review,medium,partial,legacy-casebook:shared-imports,Generated 2026-07-02T10:27:25.467Z; 8 source files include this legacy JSX tag after code fences were excluded.
Advanced,7,docs/rtc/basic-features/token-authentication.android.mdx|docs/rtc/basic-features/token-authentication.harmonyos.mdx|docs/rtc/basic-features/token-authentication.ios.macos.mdx|docs/rtc/basic-features/token-authentication.javascript.mdx|docs/rtc/basic-features/token-authentication.windows.unreal-cpp.unreal-blueprint.mdx|docs/rtc/billing/billing-strategy.mdx|docs/rtc/billing/old/billing-strategy-old.mdx,custom-mdx,classify before migration; do not preserve legacy JSX by default,needs_review,medium,partial,legacy-casebook:legacy-jsx,Generated 2026-07-02T10:27:25.467Z; 7 source files include this legacy JSX tag after code fences were excluded.
Arch,7,docs/breakout-classroom/paas/architecture.mdx|docs/chatroom/uikit/get-started/run-github-project.android.mdx|docs/chatroom/uikit/get-started/run-github-project.ios.mdx|docs/chatroom/uikit/overview.mdx|docs/one-to-one-classroom/paas/architecture.mdx|docs/small-classroom/paas/architecture.mdx,custom-mdx,classify before migration; do not preserve legacy JSX by default,needs_review,medium,partial,legacy-casebook:legacy-jsx,Generated 2026-07-02T10:27:25.467Z; 6 source files include this legacy JSX tag after code fences were excluded.
Banner,7,docs/dummy-product/_homepage_.mdx|docs/dummy-product/test/rtc-homepage.mdx|docs/iot-apaas/_homepage_.mdx|docs/marketplace/_homepage_.mdx|docs/multi-usecase/_homepage_.mdx|docs/rtc/_homepage_.mdx|docs/rtm2/_homepage_.mdx,custom-mdx,classify before migration; do not preserve legacy JSX by default,needs_review,medium,partial,legacy-casebook:legacy-jsx,Generated 2026-07-02T10:27:25.467Z; 7 source files include this legacy JSX tag after code fences were excluded.
Basic,7,docs/recording/user-guides/generate-token.mdx|docs/rtc/basic-features/token-authentication.android.mdx|docs/rtc/basic-features/token-authentication.harmonyos.mdx|docs/rtc/basic-features/token-authentication.ios.macos.mdx|docs/rtc/basic-features/token-authentication.javascript.mdx|docs/rtc/basic-features/token-authentication.mini-program.mdx|docs/rtc/basic-features/token-authentication.windows.unreal-cpp.unreal-blueprint.mdx,custom-mdx,classify before migration; do not preserve legacy JSX by default,needs_review,medium,partial,legacy-casebook:legacy-jsx,Generated 2026-07-02T10:27:25.467Z; 7 source files include this legacy JSX tag after code fences were excluded.
Regulation2,7,docs-basics/security/_rtsa-sdk.mdx|docs-basics/security/fastboard-sdk.mdx|docs-basics/security/flexible-classroom-sdk.mdx|docs-basics/security/video-sdk.mdx|docs-basics/security/voice-sdk.mdx|docs-basics/security/whiteboard-sdk.mdx|docs/rtm2/security.mdx,shared-invocation,inline/include referenced shared content after dependency audit,needs_review,medium,partial,legacy-casebook:shared-imports,Generated 2026-07-02T10:27:25.467Z; 7 source files include this legacy JSX tag after code fences were excluded.
Resolution,7,docs/agora-product/overview/product-overview.mdx|docs/agora-product/quota.restful.mdx|docs/cloud-transcoder/quota.mdx|docs/fusion-cdn/quota.mdx|docs/rtc/overview/product-overview.harmonyos.mdx|docs/rtc/overview/product-overview.mdx|shared/cloud-recording/pcw.mdx,custom-mdx,classify before migration; do not preserve legacy JSX by default,needs_review,medium,partial,legacy-casebook:legacy-jsx,Generated 2026-07-02T10:27:25.467Z; 7 source files include this legacy JSX tag after code fences were excluded.
Useruuid,7,docs/flexible-classroom/api/api-classroom.restful.mdx|docs/flexible-classroom/api/api-user.restful.mdx|docs/flexible-classroom/api/api-widget.restful.mdx,custom-mdx,classify before migration; do not preserve legacy JSX by default,needs_review,medium,partial,legacy-casebook:legacy-jsx,Generated 2026-07-02T10:27:25.467Z; 3 source files include this legacy JSX tag after code fences were excluded.
Agent,6,docs/convoai/best-practice/audio-settings.mdx|docs/convoai/user-guides/interrupt-agent.mdx|docs/convoai/user-guides/listen-agent-events.mdx|docs/convoai/user-guides/manual-turn-control.mdx|docs/convoai/user-guides/realtime-sub.mdx|docs/convoai/user-guides/send-multimodal-message.mdx,custom-mdx,classify before migration; do not preserve legacy JSX by default,needs_review,medium,partial,legacy-casebook:legacy-jsx,Generated 2026-07-02T10:27:25.467Z; 6 source files include this legacy JSX tag after code fences were excluded.
Domain,6,docs/agora-product/best-practices/rest-availability.restful.mdx|docs/cloud-transcoder/best-practices/rest-availability.mdx|docs/media-pull/best-practices/rest-availability.mdx|docs/media-push/best-practices/rest-availability.mdx|docs/rtmp-gateway/best-practices/rest-availability.mdx|shared/rtsa/license.mdx,shared-invocation,inline/include referenced shared content after dependency audit,needs_review,medium,partial,legacy-casebook:shared-imports,Generated 2026-07-02T10:27:25.467Z; 6 source files include this legacy JSX tag after code fences were excluded.
EnableNcs2,6,docs/cloud-recording/webhook/enable-ncs.mdx|docs/cloud-transcoder/webhook/enable-event-notification.mdx|docs/fusion-cdn/webhook/enable-ncs.mdx|docs/media-pull/webhook/enable-event-notification.mdx|docs/media-push/webhook/enable-ncs.mdx|docs/rtmp-gateway/webhook/enable-ncs.mdx,custom-mdx,classify before migration; do not preserve legacy JSX by default,needs_review,medium,partial,legacy-casebook:legacy-jsx,Generated 2026-07-02T10:27:25.467Z; 6 source files include this legacy JSX tag after code fences were excluded.
Lyrics,6,docs/online-ktv/auikaraoke/api/lyrics-api.android.mdx|docs/online-ktv/auikaraoke/api/lyrics-api.ios.mdx|docs/online-ktv/ktv-scenario/api/lyrics-api.android.mdx|docs/online-ktv/ktv-scenario/api/lyrics-api.ios.mdx|docs/online-ktv/online-ktv-sdk/api/lyrics-api.android.mdx|docs/online-ktv/online-ktv-sdk/api/lyrics-api.ios.mdx,custom-mdx,classify before migration; do not preserve legacy JSX by default,needs_review,medium,partial,legacy-casebook:legacy-jsx,Generated 2026-07-02T10:27:25.467Z; 6 source files include this legacy JSX tag after code fences were excluded.
Scores,6,docs/online-ktv/auikaraoke/advanced-features/lyrics-scoring.android.mdx|docs/online-ktv/auikaraoke/advanced-features/lyrics-scoring.ios.mdx|docs/online-ktv/ktv-scenario/advanced-features/lyrics-scoring.android.mdx|docs/online-ktv/ktv-scenario/advanced-features/lyrics-scoring.ios.mdx|docs/online-ktv/online-ktv-sdk/advanced-features/lyrics-scoring.android.mdx|docs/online-ktv/online-ktv-sdk/advanced-features/lyrics-scoring.ios.mdx,custom-mdx,classify before migration; do not preserve legacy JSX by default,needs_review,medium,partial,legacy-casebook:legacy-jsx,Generated 2026-07-02T10:27:25.467Z; 6 source files include this legacy JSX tag after code fences were excluded.
Sync,6,docs/online-ktv/auikaraoke/advanced-features/lyrics-syncing.android.mdx|docs/online-ktv/auikaraoke/advanced-features/lyrics-syncing.ios.mdx|docs/online-ktv/ktv-scenario/advanced-features/lyrics-syncing.android.mdx|docs/online-ktv/ktv-scenario/advanced-features/lyrics-syncing.ios.mdx|docs/online-ktv/online-ktv-sdk/advanced-features/lyrics-syncing.android.mdx|docs/online-ktv/online-ktv-sdk/advanced-features/lyrics-syncing.ios.mdx,custom-mdx,classify before migration; do not preserve legacy JSX by default,needs_review,medium,partial,legacy-casebook:legacy-jsx,Generated 2026-07-02T10:27:25.467Z; 6 source files include this legacy JSX tag after code fences were excluded.
VideoModerationFaq,6,docs/marketplace/integrate-extensions/legacy/_tuputech-video-moderation.android.ios.mdx|docs/marketplace/integrate-extensions/legacy/_tuputech-video-moderation.javascript.mdx|docs/marketplace/integrate-extensions/legacy/_yitutech-video-moderation.android.ios.mdx|docs/marketplace/integrate-extensions/legacy/_yitutech-video-moderation.javascript.mdx|docs/marketplace/integrate-extensions/netease-yidun-video-moderation.android.ios.mdx|docs/marketplace/integrate-extensions/netease-yidun-video-moderation.javascript.mdx,shared-invocation,inline/include referenced shared content after dependency audit,needs_review,medium,partial,legacy-casebook:shared-imports,Generated 2026-07-02T10:27:25.467Z; 6 source files include this legacy JSX tag after code fences were excluded.
Advantages,5,docs/art-class/overview/product-overview.mdx|docs/breakout-classroom/overview/product-overview.mdx|docs/one-to-one-classroom/overview/product-overview.mdx|docs/online-music-class/overview/product-overview.mdx|docs/small-classroom/overview/product-overview.mdx,custom-mdx,classify before migration; do not preserve legacy JSX by default,needs_review,medium,partial,legacy-casebook:legacy-jsx,Generated 2026-07-02T10:27:25.467Z; 5 source files include this legacy JSX tag after code fences were excluded.
Certificate,5,docs/chatroom/uikit/get-started/enable-service.mdx|docs/cloud-recording/get-started/enable-service.mdx|docs/multi-usecase/ui-solution/enable-service.mdx|docs/online-ktv/auikaraoke/get-started/enable-service.mdx|docs/rtm2/get-started/enable-service.mdx,shared-invocation,inline/include referenced shared content after dependency audit,needs_review,medium,partial,legacy-casebook:shared-imports,Generated 2026-07-02T10:27:25.467Z; 5 source files include this legacy JSX tag after code fences were excluded.
Destroy,5,docs/convoai/user-guides/interrupt-agent.mdx|docs/convoai/user-guides/listen-agent-events.mdx|docs/convoai/user-guides/manual-turn-control.mdx|docs/convoai/user-guides/realtime-sub.mdx|docs/convoai/user-guides/send-multimodal-message.mdx,custom-mdx,classify before migration; do not preserve legacy JSX by default,needs_review,medium,partial,legacy-casebook:legacy-jsx,Generated 2026-07-02T10:27:25.467Z; 5 source files include this legacy JSX tag after code fences were excluded.
Preq,5,docs/chatroom/uikit/get-started/run-github-project.android.mdx|docs/flexible-classroom/get-started/quick-start.android.mdx|docs/flexible-classroom/get-started/quick-start.electron.mdx|docs/flexible-classroom/get-started/quick-start.javascript.mdx|docs/rtc/basic-features/audio-quick-start.unreal-cpp.mdx,custom-mdx,classify before migration; do not preserve legacy JSX by default,needs_review,medium,partial,legacy-casebook:legacy-jsx,Generated 2026-07-02T10:27:25.467Z; 5 source files include this legacy JSX tag after code fences were excluded.
Prereq,5,docs/cloud-recording/webhook/enable-ncs.mdx|docs/cloud-transcoder/webhook/enable-event-notification.mdx|docs/media-pull/webhook/enable-event-notification.mdx|docs/media-push/webhook/enable-ncs.mdx|docs/rtmp-gateway/webhook/enable-ncs.mdx,custom-mdx,classify before migration; do not preserve legacy JSX by default,needs_review,medium,partial,legacy-casebook:legacy-jsx,Generated 2026-07-02T10:27:25.467Z; 5 source files include this legacy JSX tag after code fences were excluded.
Purchase,5,docs/cloud-recording/overview/billing-strategy/payment.mdx|docs/media-pull/overview/payment.mdx|docs/media-push/overview/payment.mdx|docs/recording/overview/payment.mdx|docs/rtmp-gateway/overview/payment.mdx,custom-mdx,classify before migration; do not preserve legacy JSX by default,needs_review,medium,partial,legacy-casebook:legacy-jsx,Generated 2026-07-02T10:27:25.467Z; 5 source files include this legacy JSX tag after code fences were excluded.
Regulation1,5,docs-basics/security/_rtsa-sdk.mdx|docs-basics/security/flexible-classroom-sdk.mdx|docs-basics/security/video-sdk.mdx|docs-basics/security/voice-sdk.mdx|docs/rtm2/security.mdx,shared-invocation,inline/include referenced shared content after dependency audit,needs_review,medium,partial,legacy-casebook:shared-imports,Generated 2026-07-02T10:27:25.467Z; 5 source files include this legacy JSX tag after code fences were excluded.
RtscPackage,5,docs/cloud-recording/overview/billing-strategy/payment.mdx|docs/media-pull/overview/payment.mdx|docs/media-push/overview/payment.mdx|docs/recording/overview/payment.mdx|docs/rtmp-gateway/overview/payment.mdx,custom-mdx,classify before migration; do not preserve legacy JSX by default,needs_review,medium,partial,legacy-casebook:legacy-jsx,Generated 2026-07-02T10:27:25.467Z; 5 source files include this legacy JSX tag after code fences were excluded.
Secret,5,docs/fusion-cdn/get-started/enable-service.mdx|docs/game-voice/get-started/enable-service.mdx|docs/meta-world/get-started/enable-service.mdx|docs/rtc/get-started/enable-service.restful.mdx|docs/showroom/get-started/enable-service.mdx,custom-mdx,classify before migration; do not preserve legacy JSX by default,needs_review,medium,partial,legacy-casebook:legacy-jsx,Generated 2026-07-02T10:27:25.467Z; 5 source files include this legacy JSX tag after code fences were excluded.
Structure,5,docs/convoai/best-practice/audio-settings.mdx|docs/convoai/user-guides/interrupt-agent.mdx|docs/convoai/user-guides/listen-agent-events.mdx|docs/convoai/user-guides/realtime-sub.mdx|docs/convoai/user-guides/send-multimodal-message.mdx,custom-mdx,classify before migration; do not preserve legacy JSX by default,needs_review,medium,partial,legacy-casebook:legacy-jsx,Generated 2026-07-02T10:27:25.467Z; 5 source files include this legacy JSX tag after code fences were excluded.
Api,4,docs/cloud-recording/user-guides/individual-mode/set-individual.mdx|docs/cloud-recording/user-guides/mix-mode/set-composite.mdx|docs/cloud-recording/user-guides/snapshot.mdx|docs/cloud-recording/user-guides/web-mode/set-webpage-recording.mdx,api-reference,prefer structured API/OpenAPI source; otherwise conservative Markdown reference rewrite,needs_review,high,no,legacy-casebook:api-reference-mdx,Generated 2026-07-02T10:27:25.467Z; 4 source files include this legacy JSX tag after code fences were excluded.
ApiSectionCard,4,docs-api-reference/dummy-product/test/overload-method-card.mdx,landing-or-card,Markdown links/lists or project-approved cards directive after IA review,needs_review,high,partial,legacy-casebook:landing-pages-and-cards,Generated 2026-07-02T10:27:25.467Z; 1 source files include this legacy JSX tag after code fences were excluded.
Body,4,docs/cloud-recording/webhook/enable-ncs.mdx|docs/cloud-transcoder/webhook/enable-event-notification.mdx|docs/media-pull/webhook/enable-event-notification.mdx|docs/media-push/webhook/enable-ncs.mdx,custom-mdx,classify before migration; do not preserve legacy JSX by default,needs_review,medium,partial,legacy-casebook:legacy-jsx,Generated 2026-07-02T10:27:25.467Z; 4 source files include this legacy JSX tag after code fences were excluded.
Character,4,docs-api-reference/rtm2/toc-message/publish.restful.mdx|docs-api-reference/rtm2/toc-message/receive.restful.mdx,custom-mdx,classify before migration; do not preserve legacy JSX by default,needs_review,medium,partial,legacy-casebook:legacy-jsx,Generated 2026-07-02T10:27:25.467Z; 2 source files include this legacy JSX tag after code fences were excluded.
Com,4,docs/cloud-transcoder/webhook/ncs-events.mdx,custom-mdx,classify before migration; do not preserve legacy JSX by default,needs_review,medium,partial,legacy-casebook:legacy-jsx,Generated 2026-07-02T10:27:25.467Z; 1 source files include this legacy JSX tag after code fences were excluded.
Demotoken,4,docs/flexible-classroom/get-started/quick-start.android.mdx|docs/flexible-classroom/get-started/quick-start.electron.mdx|docs/flexible-classroom/get-started/quick-start.ios.mdx|docs/flexible-classroom/get-started/quick-start.javascript.mdx,shared-invocation,inline/include referenced shared content after dependency audit,needs_review,medium,partial,legacy-casebook:shared-imports,Generated 2026-07-02T10:27:25.467Z; 4 source files include this legacy JSX tag after code fences were excluded.
Faq,4,docs/cloud-recording/overview/billing-strategy/billing.mdx|docs/cloud-recording/overview/billing-strategy/snapshot-billing.mdx|docs/cloud-recording/overview/billing-strategy/webpage-billing.mdx|docs/cloud-transcoder/overview/billing.mdx,custom-mdx,classify before migration; do not preserve legacy JSX by default,needs_review,medium,partial,legacy-casebook:legacy-jsx,Generated 2026-07-02T10:27:25.467Z; 4 source files include this legacy JSX tag after code fences were excluded.
Format,4,docs/rtc/advanced-features/media-player.android.mdx|docs/rtc/advanced-features/media-player.ios.macos.mdx|docs/rtc/advanced-features/media-player.unity.mdx|docs/rtc/advanced-features/media-player.windows.mdx,custom-mdx,classify before migration; do not preserve legacy JSX by default,needs_review,medium,partial,legacy-casebook:legacy-jsx,Generated 2026-07-02T10:27:25.467Z; 4 source files include this legacy JSX tag after code fences were excluded.
ListPanelBV2,4,docs/dummy-product/test/components.mdx,custom-mdx,classify before migration; do not preserve legacy JSX by default,needs_review,medium,partial,legacy-casebook:legacy-jsx,Generated 2026-07-02T10:27:25.467Z; 1 source files include this legacy JSX tag after code fences were excluded.
OverloadMethodCollapse,4,docs-api-reference/dummy-product/test/overload-method-card.mdx,api-reference,prefer structured API/OpenAPI source; otherwise conservative Markdown reference rewrite,needs_review,high,no,legacy-casebook:api-reference-mdx,Generated 2026-07-02T10:27:25.467Z; 1 source files include this legacy JSX tag after code fences were excluded.
Video,4,docs/cloud-recording/api/reference.mdx|docs/cloud-transcoder/api/video-profile.mdx|docs/media-pull/api/video-profile.mdx|docs/media-push/api/video-profile.mdx,shared-invocation,inline/include referenced shared content after dependency audit,needs_review,medium,partial,legacy-casebook:shared-imports,Generated 2026-07-02T10:27:25.467Z; 4 source files include this legacy JSX tag after code fences were excluded.
AddObserver,3,docs-api-reference/meeting/client-api.android.mdx|docs-api-reference/meeting/client-api.electron.mdx|docs-api-reference/meeting/client-api.ios.mdx,custom-mdx,classify before migration; do not preserve legacy JSX by default,needs_review,medium,partial,legacy-casebook:legacy-jsx,Generated 2026-07-02T10:27:25.467Z; 3 source files include this legacy JSX tag after code fences were excluded.
Audio,3,docs/one-to-one-live/custom-signaling/advanced-features/audio-scenario.mdx|docs/one-to-one-live/rtm/advanced-features/audio-scenario.mdx|docs/showroom/advanced-features/audio-scenario.mdx,custom-mdx,classify before migration; do not preserve legacy JSX by default,needs_review,medium,partial,legacy-casebook:legacy-jsx,Generated 2026-07-02T10:27:25.467Z; 3 source files include this legacy JSX tag after code fences were excluded.
AudioModeration1,3,docs/marketplace/integrate-extensions/legacy/_shumei-audio-moderation.mdx|docs/marketplace/integrate-extensions/legacy/_tuputech-audio-moderation.mdx|docs/marketplace/integrate-extensions/yitutech-audio-moderation.mdx,custom-mdx,classify before migration; do not preserve legacy JSX by default,needs_review,medium,partial,legacy-casebook:legacy-jsx,Generated 2026-07-02T10:27:25.467Z; 3 source files include this legacy JSX tag after code fences were excluded.
AudioModeration2,3,docs/marketplace/integrate-extensions/legacy/_shumei-audio-moderation.mdx|docs/marketplace/integrate-extensions/legacy/_tuputech-audio-moderation.mdx|docs/marketplace/integrate-extensions/yitutech-audio-moderation.mdx,custom-mdx,classify before migration; do not preserve legacy JSX by default,needs_review,medium,partial,legacy-casebook:legacy-jsx,Generated 2026-07-02T10:27:25.467Z; 3 source files include this legacy JSX tag after code fences were excluded.
Billing,3,docs/online-ktv/auikaraoke/overview/billing.mdx|docs/online-ktv/ktv-scenario/overview/billing.mdx|docs/online-ktv/online-ktv-sdk/overview/billing.mdx,custom-mdx,classify before migration; do not preserve legacy JSX by default,needs_review,medium,partial,legacy-casebook:legacy-jsx,Generated 2026-07-02T10:27:25.467Z; 3 source files include this legacy JSX tag after code fences were excluded.
Con,3,docs/cloud-recording/overview/billing-strategy/billing.mdx|docs/cloud-recording/overview/billing-strategy/snapshot-billing.mdx|docs/cloud-recording/overview/billing-strategy/webpage-billing.mdx,custom-mdx,classify before migration; do not preserve legacy JSX by default,needs_review,medium,partial,legacy-casebook:legacy-jsx,Generated 2026-07-02T10:27:25.467Z; 3 source files include this legacy JSX tag after code fences were excluded.
Content,3,docs/meeting/api/create-room.restful.mdx|docs/meeting/get-started/call-api.restful.mdx|docs/meeting/webhook/webhook-events.restful.mdx,custom-mdx,classify before migration; do not preserve legacy JSX by default,needs_review,medium,partial,legacy-casebook:legacy-jsx,Generated 2026-07-02T10:27:25.467Z; 3 source files include this legacy JSX tag after code fences were excluded.
CoreParam,3,docs/meeting/get-started/integrate-meeting.android.mdx|docs/meeting/get-started/integrate-meeting.electron.mdx|docs/meeting/get-started/integrate-meeting.ios.mdx,custom-mdx,classify before migration; do not preserve legacy JSX by default,needs_review,medium,partial,legacy-casebook:legacy-jsx,Generated 2026-07-02T10:27:25.467Z; 3 source files include this legacy JSX tag after code fences were excluded.
Difference,3,docs/online-ktv/auikaraoke/overview/solution-compare.mdx|docs/online-ktv/ktv-scenario/overview/solution-compare.mdx|docs/online-ktv/online-ktv-sdk/overview/solution-compare.mdx,custom-mdx,classify before migration; do not preserve legacy JSX by default,needs_review,medium,partial,legacy-casebook:legacy-jsx,Generated 2026-07-02T10:27:25.467Z; 3 source files include this legacy JSX tag after code fences were excluded.
Env,3,docs/flexible-classroom/get-started/quick-start.android.mdx|docs/flexible-classroom/get-started/quick-start.electron.mdx|docs/flexible-classroom/get-started/quick-start.javascript.mdx,custom-mdx,classify before migration; do not preserve legacy JSX by default,needs_review,medium,partial,legacy-casebook:legacy-jsx,Generated 2026-07-02T10:27:25.467Z; 3 source files include this legacy JSX tag after code fences were excluded.
ExitReason,3,docs-api-reference/meeting/client-api.android.mdx|docs-api-reference/meeting/client-api.electron.mdx|docs-api-reference/meeting/client-api.ios.mdx,custom-mdx,classify before migration; do not preserve legacy JSX by default,needs_review,medium,partial,legacy-casebook:legacy-jsx,Generated 2026-07-02T10:27:25.467Z; 3 source files include this legacy JSX tag after code fences were excluded.
Extension_Details,3,docs/rtc/best-practice/reduce-app-size.android.ios.macos.windows.electron.mdx|docs/rtc/best-practice/reduce-app-size.rn.flutter.mdx|docs/rtc/best-practice/reduce-app-size.unity.mdx,custom-mdx,classify before migration; do not preserve legacy JSX by default,needs_review,medium,partial,legacy-casebook:legacy-jsx,Generated 2026-07-02T10:27:25.467Z; 3 source files include this legacy JSX tag after code fences were excluded.
ImageGallery,3,docs/dummy-product/landing-page.unity.mdx|docs/dummy-product/test/components.mdx|docs/rtm2/landing-page.mdx,custom-mdx,classify before migration; do not preserve legacy JSX by default,needs_review,medium,partial,legacy-casebook:legacy-jsx,Generated 2026-07-02T10:27:25.467Z; 3 source files include this legacy JSX tag after code fences were excluded.
Integration,3,docs/breakout-classroom/paas/integration-guide.mdx|docs/one-to-one-classroom/paas/integration-guide.mdx|docs/small-classroom/paas/integration-guide.mdx,custom-mdx,classify before migration; do not preserve legacy JSX by default,needs_review,medium,partial,legacy-casebook:legacy-jsx,Generated 2026-07-02T10:27:25.467Z; 3 source files include this legacy JSX tag after code fences were excluded.
Integration1,3,docs/digital-learning/course-delivery/integration.mdx|docs/digital-learning/course-resource/integration.mdx|docs/digital-learning/school-resource/integration.mdx,custom-mdx,classify before migration; do not preserve legacy JSX by default,needs_review,medium,partial,legacy-casebook:legacy-jsx,Generated 2026-07-02T10:27:25.467Z; 3 source files include this legacy JSX tag after code fences were excluded.
Integration2,3,docs/digital-learning/course-delivery/integration.mdx|docs/digital-learning/course-resource/integration.mdx|docs/digital-learning/school-resource/integration.mdx,custom-mdx,classify before migration; do not preserve legacy JSX by default,needs_review,medium,partial,legacy-casebook:legacy-jsx,Generated 2026-07-02T10:27:25.467Z; 3 source files include this legacy JSX tag after code fences were excluded.
Logic,3,docs/agora-product/get-started/integrate-showroom.android.mdx|docs/showroom/basic-features/integrate-showroom.android.mdx|docs/showroom/basic-features/integrate-showroom.ios.mdx,custom-mdx,classify before migration; do not preserve legacy JSX by default,needs_review,medium,partial,legacy-casebook:legacy-jsx,Generated 2026-07-02T10:27:25.467Z; 3 source files include this legacy JSX tag after code fences were excluded.
Mosvalue,3,docs/rtc/advanced-features/in-call-quality.android.mdx|docs/rtc/advanced-features/in-call-quality.ios.macos.mdx|docs/rtc/advanced-features/in-call-quality.windows.mdx,custom-mdx,classify before migration; do not preserve legacy JSX by default,needs_review,medium,partial,legacy-casebook:legacy-jsx,Generated 2026-07-02T10:27:25.467Z; 3 source files include this legacy JSX tag after code fences were excluded.
Pic,3,docs/chatroom/uikit/get-started/run-github-project.android.mdx|docs/chatroom/uikit/get-started/run-github-project.ios.mdx|docs/chatroom/uikit/overview.mdx,custom-mdx,classify before migration; do not preserve legacy JSX by default,needs_review,medium,partial,legacy-casebook:legacy-jsx,Generated 2026-07-02T10:27:25.467Z; 3 source files include this legacy JSX tag after code fences were excluded.
Practices,3,docs/breakout-classroom/paas/best-practices.mdx|docs/one-to-one-classroom/paas/best-practices.mdx|docs/small-classroom/paas/best-practices.mdx,custom-mdx,classify before migration; do not preserve legacy JSX by default,needs_review,medium,partial,legacy-casebook:legacy-jsx,Generated 2026-07-02T10:27:25.467Z; 3 source files include this legacy JSX tag after code fences were excluded.
Ref,3,docs/rtc/basic-features/token-authentication.android.mdx|docs/rtc/basic-features/token-authentication.ios.macos.mdx|docs/rtc/basic-features/token-authentication.windows.unreal-cpp.unreal-blueprint.mdx,custom-mdx,classify before migration; do not preserve legacy JSX by default,needs_review,medium,partial,legacy-casebook:legacy-jsx,Generated 2026-07-02T10:27:25.467Z; 3 source files include this legacy JSX tag after code fences were excluded.
RemoveObserver,3,docs-api-reference/meeting/client-api.android.mdx|docs-api-reference/meeting/client-api.electron.mdx|docs-api-reference/meeting/client-api.ios.mdx,custom-mdx,classify before migration; do not preserve legacy JSX by default,needs_review,medium,partial,legacy-casebook:legacy-jsx,Generated 2026-07-02T10:27:25.467Z; 3 source files include this legacy JSX tag after code fences were excluded.
Resource,3,docs-api-reference/meeting/client-api.android.mdx|docs-api-reference/meeting/client-api.electron.mdx|docs-api-reference/meeting/client-api.ios.mdx,custom-mdx,classify before migration; do not preserve legacy JSX by default,needs_review,medium,partial,legacy-casebook:legacy-jsx,Generated 2026-07-02T10:27:25.467Z; 3 source files include this legacy JSX tag after code fences were excluded.
SceneConfig,3,docs-api-reference/meeting/client-api.android.mdx|docs-api-reference/meeting/client-api.electron.mdx|docs-api-reference/meeting/client-api.ios.mdx,shared-invocation,inline/include referenced shared content after dependency audit,needs_review,medium,partial,legacy-casebook:shared-imports,Generated 2026-07-02T10:27:25.467Z; 3 source files include this legacy JSX tag after code fences were excluded.
SceneCreatorConfig,3,docs-api-reference/meeting/client-api.android.mdx|docs-api-reference/meeting/client-api.electron.mdx|docs-api-reference/meeting/client-api.ios.mdx,shared-invocation,inline/include referenced shared content after dependency audit,needs_review,medium,partial,legacy-casebook:shared-imports,Generated 2026-07-02T10:27:25.467Z; 3 source files include this legacy JSX tag after code fences were excluded.
UserRole,3,docs-api-reference/meeting/client-api.android.mdx|docs-api-reference/meeting/client-api.electron.mdx|docs-api-reference/meeting/client-api.ios.mdx,custom-mdx,classify before migration; do not preserve legacy JSX by default,needs_review,medium,partial,legacy-casebook:legacy-jsx,Generated 2026-07-02T10:27:25.467Z; 3 source files include this legacy JSX tag after code fences were excluded.
AdvancedFeature,2,docs/smart-camera/advanced-feature.mdx|docs/smart-doorbell/paas/advanced-feature.mdx,custom-mdx,classify before migration; do not preserve legacy JSX by default,needs_review,medium,partial,legacy-casebook:legacy-jsx,Generated 2026-07-02T10:27:25.467Z; 2 source files include this legacy JSX tag after code fences were excluded.
Amazon,2,docs/smart-camera/value-added-feature/amazon-alexa.mdx|docs/smart-doorbell/paas/value-added-feature/amazon-alexa.mdx,custom-mdx,classify before migration; do not preserve legacy JSX by default,needs_review,medium,partial,legacy-casebook:legacy-jsx,Generated 2026-07-02T10:27:25.467Z; 2 source files include this legacy JSX tag after code fences were excluded.
Auikit,2,docs/chatroom/uikit/get-started/run-github-project.android.mdx|docs/chatroom/uikit/get-started/run-github-project.ios.mdx,custom-mdx,classify before migration; do not preserve legacy JSX by default,needs_review,medium,partial,legacy-casebook:legacy-jsx,Generated 2026-07-02T10:27:25.467Z; 2 source files include this legacy JSX tag after code fences were excluded.
Base,2,docs/meeting/api/create-room.restful.mdx|docs/meeting/api/query-recording.restful.mdx,custom-mdx,classify before migration; do not preserve legacy JSX by default,needs_review,medium,partial,legacy-casebook:legacy-jsx,Generated 2026-07-02T10:27:25.467Z; 2 source files include this legacy JSX tag after code fences were excluded.
Call,2,docs-api-reference/iot-apaas/device-sdk/call/make-call.mdx|docs-api-reference/iot-apaas/device-sdk/full/make-call.mdx,custom-mdx,classify before migration; do not preserve legacy JSX by default,needs_review,medium,partial,legacy-casebook:legacy-jsx,Generated 2026-07-02T10:27:25.467Z; 2 source files include this legacy JSX tag after code fences were excluded.
Common,2,docs-api-reference/rtc/error-code.mdx|docs/rtc/error-code.mdx,custom-mdx,classify before migration; do not preserve legacy JSX by default,needs_review,medium,partial,legacy-casebook:legacy-jsx,Generated 2026-07-02T10:27:25.467Z; 2 source files include this legacy JSX tag after code fences were excluded.
CreateEnvironment,2,docs/marketplace/create-extensions/audio-filter.android.ios.macos.windows.mdx|docs/marketplace/create-extensions/video-filter.android.ios.macos.windows.mdx,custom-mdx,classify before migration; do not preserve legacy JSX by default,needs_review,medium,partial,legacy-casebook:legacy-jsx,Generated 2026-07-02T10:27:25.467Z; 2 source files include this legacy JSX tag after code fences were excluded.
CreatePrerequisites,2,docs/marketplace/create-extensions/audio-filter.android.ios.macos.windows.mdx|docs/marketplace/create-extensions/video-filter.android.ios.macos.windows.mdx,custom-mdx,classify before migration; do not preserve legacy JSX by default,needs_review,medium,partial,legacy-casebook:legacy-jsx,Generated 2026-07-02T10:27:25.467Z; 2 source files include this legacy JSX tag after code fences were excluded.
Customer,2,docs/agora-product/get-started/enable-service.mdx|docs/rtmp-gateway/get-started/enable-service.mdx,custom-mdx,classify before migration; do not preserve legacy JSX by default,needs_review,medium,partial,legacy-casebook:legacy-jsx,Generated 2026-07-02T10:27:25.467Z; 2 source files include this legacy JSX tag after code fences were excluded.
Data,2,docs/analytics/fls/data.mdx|docs/fusion-cdn/user-guides/analytics.mdx,custom-mdx,classify before migration; do not preserve legacy JSX by default,needs_review,medium,partial,legacy-casebook:legacy-jsx,Generated 2026-07-02T10:27:25.467Z; 2 source files include this legacy JSX tag after code fences were excluded.
Devenvweb,2,docs/flexible-classroom/advanced-features/_scene-builder/_deploy-scene.mdx,custom-mdx,classify before migration; do not preserve legacy JSX by default,needs_review,medium,partial,legacy-casebook:legacy-jsx,Generated 2026-07-02T10:27:25.467Z; 1 source files include this legacy JSX tag after code fences were excluded.
DeviceManager,2,docs-api-reference/iot-apaas/device-sdk/call/device-manager.mdx|docs-api-reference/iot-apaas/device-sdk/full/device-manager.mdx,custom-mdx,classify before migration; do not preserve legacy JSX by default,needs_review,medium,partial,legacy-casebook:legacy-jsx,Generated 2026-07-02T10:27:25.467Z; 2 source files include this legacy JSX tag after code fences were excluded.
Error,2,docs-api-reference/rtc-server-sdk/error-code.mdx|docs/rtc-server-sdk/error-code.mdx,custom-mdx,classify before migration; do not preserve legacy JSX by default,needs_review,medium,partial,legacy-casebook:legacy-jsx,Generated 2026-07-02T10:27:25.467Z; 2 source files include this legacy JSX tag after code fences were excluded.
Flow,2,docs/chatroom/sdk/get-started/quick-integration.android.mdx|docs/chatroom/sdk/get-started/quick-integration.ios.mdx,custom-mdx,classify before migration; do not preserve legacy JSX by default,needs_review,medium,partial,legacy-casebook:legacy-jsx,Generated 2026-07-02T10:27:25.467Z; 2 source files include this legacy JSX tag after code fences were excluded.
GA,2,docs/smart-camera/value-added-feature/google-assistant.mdx|docs/smart-doorbell/paas/value-added-feature/google-assistant.mdx,custom-mdx,classify before migration; do not preserve legacy JSX by default,needs_review,medium,partial,legacy-casebook:legacy-jsx,Generated 2026-07-02T10:27:25.467Z; 2 source files include this legacy JSX tag after code fences were excluded.
Increase,2,docs/media-pull/quota.mdx|shared/cloud-recording/quota-information.mdx,custom-mdx,classify before migration; do not preserve legacy JSX by default,needs_review,medium,partial,legacy-casebook:legacy-jsx,Generated 2026-07-02T10:27:25.467Z; 2 source files include this legacy JSX tag after code fences were excluded.
Init,2,docs-api-reference/meeting/client-api.android.mdx|docs-api-reference/meeting/client-api.ios.mdx,custom-mdx,classify before migration; do not preserve legacy JSX by default,needs_review,medium,partial,legacy-casebook:legacy-jsx,Generated 2026-07-02T10:27:25.467Z; 2 source files include this legacy JSX tag after code fences were excluded.
License,2,docs/iot-apaas/get-started/license.mdx|docs/rtsa/basic-features/license.mdx,custom-mdx,classify before migration; do not preserve legacy JSX by default,needs_review,medium,partial,legacy-casebook:legacy-jsx,Generated 2026-07-02T10:27:25.467Z; 2 source files include this legacy JSX tag after code fences were excluded.
Migrate,2,docs/whiteboard/fastboard-sdk/get-started/migrate-from-netless.javascript.android.ios.mdx|docs/whiteboard/whiteboard-sdk/get-started/migrate-from-netless.javascript.android.ios.mdx,custom-mdx,classify before migration; do not preserve legacy JSX by default,needs_review,medium,partial,legacy-casebook:legacy-jsx,Generated 2026-07-02T10:27:25.467Z; 2 source files include this legacy JSX tag after code fences were excluded.
Object,2,docs/speech-to-text/webhook/ncs-events.mdx,custom-mdx,classify before migration; do not preserve legacy JSX by default,needs_review,medium,partial,legacy-casebook:legacy-jsx,Generated 2026-07-02T10:27:25.467Z; 1 source files include this legacy JSX tag after code fences were excluded.
OnLaunchFailure,2,docs-api-reference/meeting/client-api.android.mdx|docs-api-reference/meeting/client-api.electron.mdx,custom-mdx,classify before migration; do not preserve legacy JSX by default,needs_review,medium,partial,legacy-casebook:legacy-jsx,Generated 2026-07-02T10:27:25.467Z; 2 source files include this legacy JSX tag after code fences were excluded.
OnLaunchSuccess,2,docs-api-reference/meeting/client-api.android.mdx|docs-api-reference/meeting/client-api.electron.mdx,custom-mdx,classify before migration; do not preserve legacy JSX by default,needs_review,medium,partial,legacy-casebook:legacy-jsx,Generated 2026-07-02T10:27:25.467Z; 2 source files include this legacy JSX tag after code fences were excluded.
Ossnotes,2,docs/flexible-classroom/best-practices/courseware.android.ios.javascript.electron.mdx|docs/flexible-classroom/get-started/configure.android.ios.javascript.electron.mdx,custom-mdx,classify before migration; do not preserve legacy JSX by default,needs_review,medium,partial,legacy-casebook:legacy-jsx,Generated 2026-07-02T10:27:25.467Z; 2 source files include this legacy JSX tag after code fences were excluded.
Package,2,docs/marketplace/create-extensions/audio-filter.android.ios.macos.windows.mdx|docs/marketplace/create-extensions/video-filter.android.ios.macos.windows.mdx,custom-mdx,classify before migration; do not preserve legacy JSX by default,needs_review,medium,partial,legacy-casebook:legacy-jsx,Generated 2026-07-02T10:27:25.467Z; 2 source files include this legacy JSX tag after code fences were excluded.
Path,2,docs/meeting/api/create-room.restful.mdx|docs/meeting/api/query-recording.restful.mdx,custom-mdx,classify before migration; do not preserve legacy JSX by default,needs_review,medium,partial,legacy-casebook:legacy-jsx,Generated 2026-07-02T10:27:25.467Z; 2 source files include this legacy JSX tag after code fences were excluded.
Processor,2,docs/marketplace/create-extensions/audio-filter.javascript.mdx|docs/marketplace/create-extensions/video-filter.javascript.mdx,custom-mdx,classify before migration; do not preserve legacy JSX by default,needs_review,medium,partial,legacy-casebook:legacy-jsx,Generated 2026-07-02T10:27:25.467Z; 2 source files include this legacy JSX tag after code fences were excluded.
Quickstart,2,docs/smart-camera/get-started/quick-start.mdx|docs/smart-doorbell/paas/get-started/quick-start.mdx,custom-mdx,classify before migration; do not preserve legacy JSX by default,needs_review,medium,partial,legacy-casebook:legacy-jsx,Generated 2026-07-02T10:27:25.467Z; 2 source files include this legacy JSX tag after code fences were excluded.
Reference,2,docs/rtc/basic-features/audio-quick-start.unity.mdx|docs/rtc/basic-features/audio-quick-start.windows.mdx,custom-mdx,classify before migration; do not preserve legacy JSX by default,needs_review,medium,partial,legacy-casebook:legacy-jsx,Generated 2026-07-02T10:27:25.467Z; 2 source files include this legacy JSX tag after code fences were excluded.
Replace,2,docs/chatroom/uikit/get-started/quick-integration.android.mdx|docs/chatroom/uikit/get-started/quick-integration.ios.mdx,custom-mdx,classify before migration; do not preserve legacy JSX by default,needs_review,medium,partial,legacy-casebook:legacy-jsx,Generated 2026-07-02T10:27:25.467Z; 2 source files include this legacy JSX tag after code fences were excluded.
REST,2,docs/online-ktv/ktv-scenario/api/music-content-center.mdx|docs/online-ktv/online-ktv-sdk/api/music-content-center.mdx,custom-mdx,classify before migration; do not preserve legacy JSX by default,needs_review,medium,partial,legacy-casebook:legacy-jsx,Generated 2026-07-02T10:27:25.467Z; 2 source files include this legacy JSX tag after code fences were excluded.
ServiceBase,2,docs-api-reference/iot-apaas/device-sdk/call/base.mdx|docs-api-reference/iot-apaas/device-sdk/full/base.mdx,custom-mdx,classify before migration; do not preserve legacy JSX by default,needs_review,medium,partial,legacy-casebook:legacy-jsx,Generated 2026-07-02T10:27:25.467Z; 2 source files include this legacy JSX tag after code fences were excluded.
ServiceConfig,2,docs-api-reference/iot-apaas/device-sdk/call/config.mdx|docs-api-reference/iot-apaas/device-sdk/full/config.mdx,shared-invocation,inline/include referenced shared content after dependency audit,needs_review,medium,partial,legacy-casebook:shared-imports,Generated 2026-07-02T10:27:25.467Z; 2 source files include this legacy JSX tag after code fences were excluded.
Solution,2,docs/one-to-one-classroom/overview/product-overview.mdx|docs/small-classroom/overview/product-overview.mdx,custom-mdx,classify before migration; do not preserve legacy JSX by default,needs_review,medium,partial,legacy-casebook:legacy-jsx,Generated 2026-07-02T10:27:25.467Z; 2 source files include this legacy JSX tag after code fences were excluded.
Spatial,2,docs/game-voice/user-guides/spatial-audio-sdk.unity.mdx|docs/rtc/advanced-features/spatial-audio.unity.mdx,custom-mdx,classify before migration; do not preserve legacy JSX by default,needs_review,medium,partial,legacy-casebook:legacy-jsx,Generated 2026-07-02T10:27:25.467Z; 2 source files include this legacy JSX tag after code fences were excluded.
Temptoken,2,docs/flexible-classroom/get-started/enable.mdx|docs/meeting/get-started/enable-service.mdx,shared-invocation,inline/include referenced shared content after dependency audit,needs_review,medium,partial,legacy-casebook:shared-imports,Generated 2026-07-02T10:27:25.467Z; 2 source files include this legacy JSX tag after code fences were excluded.
Ticker,2,docs/marketplace/create-extensions/audio-filter.javascript.mdx|docs/marketplace/create-extensions/video-filter.javascript.mdx,custom-mdx,classify before migration; do not preserve legacy JSX by default,needs_review,medium,partial,legacy-casebook:legacy-jsx,Generated 2026-07-02T10:27:25.467Z; 2 source files include this legacy JSX tag after code fences were excluded.
AcquireLockResult,1,shared/rtm2/_lock.mdx,custom-mdx,classify before migration; do not preserve legacy JSX by default,needs_review,medium,partial,legacy-casebook:legacy-jsx,Generated 2026-07-02T10:27:25.467Z; 1 source files include this legacy JSX tag after code fences were excluded.
Andpreq,1,docs/flexible-classroom/advanced-features/_scene-builder/_deploy-scene.mdx,custom-mdx,classify before migration; do not preserve legacy JSX by default,needs_review,medium,partial,legacy-casebook:legacy-jsx,Generated 2026-07-02T10:27:25.467Z; 1 source files include this legacy JSX tag after code fences were excluded.
AppCertificate,1,docs/iot-apaas/get-started/enable-service.mdx,shared-invocation,inline/include referenced shared content after dependency audit,needs_review,medium,partial,legacy-casebook:shared-imports,Generated 2026-07-02T10:27:25.467Z; 1 source files include this legacy JSX tag after code fences were excluded.
ArrayList,1,docs/terms/中文翻译/固定用法/固定用法-通用.md,custom-mdx,classify before migration; do not preserve legacy JSX by default,needs_review,medium,partial,legacy-casebook:legacy-jsx,Generated 2026-07-02T10:27:25.467Z; 1 source files include this legacy JSX tag after code fences were excluded.
ChannelInfo,1,shared/rtm2/_presence.mdx,custom-mdx,classify before migration; do not preserve legacy JSX by default,needs_review,medium,partial,legacy-casebook:legacy-jsx,Generated 2026-07-02T10:27:25.467Z; 1 source files include this legacy JSX tag after code fences were excluded.
CustomId,1,docs/flexible-classroom/get-started/enable.mdx,custom-mdx,classify before migration; do not preserve legacy JSX by default,needs_review,medium,partial,legacy-casebook:legacy-jsx,Generated 2026-07-02T10:27:25.467Z; 1 source files include this legacy JSX tag after code fences were excluded.
Devenvand,1,docs/flexible-classroom/advanced-features/_scene-builder/_deploy-scene.mdx,custom-mdx,classify before migration; do not preserve legacy JSX by default,needs_review,medium,partial,legacy-casebook:legacy-jsx,Generated 2026-07-02T10:27:25.467Z; 1 source files include this legacy JSX tag after code fences were excluded.
Devenvios,1,docs/flexible-classroom/advanced-features/_scene-builder/_deploy-scene.mdx,custom-mdx,classify before migration; do not preserve legacy JSX by default,needs_review,medium,partial,legacy-casebook:legacy-jsx,Generated 2026-07-02T10:27:25.467Z; 1 source files include this legacy JSX tag after code fences were excluded.
Elecreq,1,docs/flexible-classroom/advanced-features/_scene-builder/_deploy-scene.mdx,custom-mdx,classify before migration; do not preserve legacy JSX by default,needs_review,medium,partial,legacy-casebook:legacy-jsx,Generated 2026-07-02T10:27:25.467Z; 1 source files include this legacy JSX tag after code fences were excluded.
Enable,1,docs/cloud-transcoder/get-started/enable-service.mdx,custom-mdx,classify before migration; do not preserve legacy JSX by default,needs_review,medium,partial,legacy-casebook:legacy-jsx,Generated 2026-07-02T10:27:25.467Z; 1 source files include this legacy JSX tag after code fences were excluded.
EnableNcs3,1,docs/convoai/webhook/enable-ncs.mdx,custom-mdx,classify before migration; do not preserve legacy JSX by default,needs_review,medium,partial,legacy-casebook:legacy-jsx,Generated 2026-07-02T10:27:25.467Z; 1 source files include this legacy JSX tag after code fences were excluded.
EnableRTM,1,docs/rtm2/get-started/enable-service.mdx,custom-mdx,classify before migration; do not preserve legacy JSX by default,needs_review,medium,partial,legacy-casebook:legacy-jsx,Generated 2026-07-02T10:27:25.467Z; 1 source files include this legacy JSX tag after code fences were excluded.
Environment,1,docs/teleoperation/get-started/run-example.mdx,custom-mdx,classify before migration; do not preserve legacy JSX by default,needs_review,medium,partial,legacy-casebook:legacy-jsx,Generated 2026-07-02T10:27:25.467Z; 1 source files include this legacy JSX tag after code fences were excluded.
GetLockResult,1,shared/rtm2/_lock.mdx,custom-mdx,classify before migration; do not preserve legacy JSX by default,needs_review,medium,partial,legacy-casebook:legacy-jsx,Generated 2026-07-02T10:27:25.467Z; 1 source files include this legacy JSX tag after code fences were excluded.
GetStateResult,1,shared/rtm2/_presence.mdx,custom-mdx,classify before migration; do not preserve legacy JSX by default,needs_review,medium,partial,legacy-casebook:legacy-jsx,Generated 2026-07-02T10:27:25.467Z; 1 source files include this legacy JSX tag after code fences were excluded.
Iospreq,1,docs/flexible-classroom/advanced-features/_scene-builder/_deploy-scene.mdx,custom-mdx,classify before migration; do not preserve legacy JSX by default,needs_review,medium,partial,legacy-casebook:legacy-jsx,Generated 2026-07-02T10:27:25.467Z; 1 source files include this legacy JSX tag after code fences were excluded.
JoinResult,1,shared/rtm2/_channel.mdx,custom-mdx,classify before migration; do not preserve legacy JSX by default,needs_review,medium,partial,legacy-casebook:legacy-jsx,Generated 2026-07-02T10:27:25.467Z; 1 source files include this legacy JSX tag after code fences were excluded.
JoinTopicResult,1,shared/rtm2/_topic.mdx,custom-mdx,classify before migration; do not preserve legacy JSX by default,needs_review,medium,partial,legacy-casebook:legacy-jsx,Generated 2026-07-02T10:27:25.467Z; 1 source files include this legacy JSX tag after code fences were excluded.
LeaveResult,1,shared/rtm2/_channel.mdx,custom-mdx,classify before migration; do not preserve legacy JSX by default,needs_review,medium,partial,legacy-casebook:legacy-jsx,Generated 2026-07-02T10:27:25.467Z; 1 source files include this legacy JSX tag after code fences were excluded.
LeaveTopicResult,1,shared/rtm2/_topic.mdx,custom-mdx,classify before migration; do not preserve legacy JSX by default,needs_review,medium,partial,legacy-casebook:legacy-jsx,Generated 2026-07-02T10:27:25.467Z; 1 source files include this legacy JSX tag after code fences were excluded.
LoginResult,1,shared/rtm2/_configuration.mdx,shared-invocation,inline/include referenced shared content after dependency audit,needs_review,medium,partial,legacy-casebook:shared-imports,Generated 2026-07-02T10:27:25.467Z; 1 source files include this legacy JSX tag after code fences were excluded.
LogoutResult,1,shared/rtm2/_configuration.mdx,custom-mdx,classify before migration; do not preserve legacy JSX by default,needs_review,medium,partial,legacy-casebook:legacy-jsx,Generated 2026-07-02T10:27:25.467Z; 1 source files include this legacy JSX tag after code fences were excluded.
Next,1,docs/cloud-transcoder/user-guides/http-auth.mdx,custom-mdx,classify before migration; do not preserve legacy JSX by default,needs_review,medium,partial,legacy-casebook:legacy-jsx,Generated 2026-07-02T10:27:25.467Z; 1 source files include this legacy JSX tag after code fences were excluded.
OnLaunchCancel,1,docs-api-reference/meeting/client-api.android.mdx,custom-mdx,classify before migration; do not preserve legacy JSX by default,needs_review,medium,partial,legacy-casebook:legacy-jsx,Generated 2026-07-02T10:27:25.467Z; 1 source files include this legacy JSX tag after code fences were excluded.
Pcw,1,shared/cloud-recording/quota-information.mdx,custom-mdx,classify before migration; do not preserve legacy JSX by default,needs_review,medium,partial,legacy-casebook:legacy-jsx,Generated 2026-07-02T10:27:25.467Z; 1 source files include this legacy JSX tag after code fences were excluded.
PublishResult,1,shared/rtm2/_message.mdx,custom-mdx,classify before migration; do not preserve legacy JSX by default,needs_review,medium,partial,legacy-casebook:legacy-jsx,Generated 2026-07-02T10:27:25.467Z; 1 source files include this legacy JSX tag after code fences were excluded.
PublishTopicMessageResult,1,shared/rtm2/_topic.mdx,custom-mdx,classify before migration; do not preserve legacy JSX by default,needs_review,medium,partial,legacy-casebook:legacy-jsx,Generated 2026-07-02T10:27:25.467Z; 1 source files include this legacy JSX tag after code fences were excluded.
Qps,1,shared/cloud-recording/quota-information.mdx,custom-mdx,classify before migration; do not preserve legacy JSX by default,needs_review,medium,partial,legacy-casebook:legacy-jsx,Generated 2026-07-02T10:27:25.467Z; 1 source files include this legacy JSX tag after code fences were excluded.
Quota,1,docs/cloud-recording/quota.mdx,custom-mdx,classify before migration; do not preserve legacy JSX by default,needs_review,medium,partial,legacy-casebook:legacy-jsx,Generated 2026-07-02T10:27:25.467Z; 1 source files include this legacy JSX tag after code fences were excluded.
ReleaseLockResult,1,shared/rtm2/_lock.mdx,custom-mdx,classify before migration; do not preserve legacy JSX by default,needs_review,medium,partial,legacy-casebook:legacy-jsx,Generated 2026-07-02T10:27:25.467Z; 1 source files include this legacy JSX tag after code fences were excluded.
RemoveLockResult,1,shared/rtm2/_lock.mdx,custom-mdx,classify before migration; do not preserve legacy JSX by default,needs_review,medium,partial,legacy-casebook:legacy-jsx,Generated 2026-07-02T10:27:25.467Z; 1 source files include this legacy JSX tag after code fences were excluded.
RemoveStateResult,1,shared/rtm2/_presence.mdx,custom-mdx,classify before migration; do not preserve legacy JSX by default,needs_review,medium,partial,legacy-casebook:legacy-jsx,Generated 2026-07-02T10:27:25.467Z; 1 source files include this legacy JSX tag after code fences were excluded.
RenewTokenResult,1,shared/rtm2/_token.mdx,shared-invocation,inline/include referenced shared content after dependency audit,needs_review,medium,partial,legacy-casebook:shared-imports,Generated 2026-07-02T10:27:25.467Z; 1 source files include this legacy JSX tag after code fences were excluded.
Repo,1,docs/one-to-one-live/rtm/resources.mdx,custom-mdx,classify before migration; do not preserve legacy JSX by default,needs_review,medium,partial,legacy-casebook:legacy-jsx,Generated 2026-07-02T10:27:25.467Z; 1 source files include this legacy JSX tag after code fences were excluded.
RevokeLockResult,1,shared/rtm2/_lock.mdx,custom-mdx,classify before migration; do not preserve legacy JSX by default,needs_review,medium,partial,legacy-casebook:legacy-jsx,Generated 2026-07-02T10:27:25.467Z; 1 source files include this legacy JSX tag after code fences were excluded.
Scene,1,docs/whiteboard/whiteboard-sdk/overview/concepts.mdx,custom-mdx,classify before migration; do not preserve legacy JSX by default,needs_review,medium,partial,legacy-casebook:legacy-jsx,Generated 2026-07-02T10:27:25.467Z; 1 source files include this legacy JSX tag after code fences were excluded.
SetLockResult,1,shared/rtm2/_lock.mdx,shared-invocation,inline/include referenced shared content after dependency audit,needs_review,medium,partial,legacy-casebook:shared-imports,Generated 2026-07-02T10:27:25.467Z; 1 source files include this legacy JSX tag after code fences were excluded.
SetStateResult,1,shared/rtm2/_presence.mdx,shared-invocation,inline/include referenced shared content after dependency audit,needs_review,medium,partial,legacy-casebook:shared-imports,Generated 2026-07-02T10:27:25.467Z; 1 source files include this legacy JSX tag after code fences were excluded.
Show,1,docs/shared/showroom/audio-scenario.mdx,custom-mdx,classify before migration; do not preserve legacy JSX by default,needs_review,medium,partial,legacy-casebook:legacy-jsx,Generated 2026-07-02T10:27:25.467Z; 1 source files include this legacy JSX tag after code fences were excluded.
Stream,1,shared/cloud-recording/quota-information.mdx,custom-mdx,classify before migration; do not preserve legacy JSX by default,needs_review,medium,partial,legacy-casebook:legacy-jsx,Generated 2026-07-02T10:27:25.467Z; 1 source files include this legacy JSX tag after code fences were excluded.
SubscribeResult,1,shared/rtm2/_channel.mdx,custom-mdx,classify before migration; do not preserve legacy JSX by default,needs_review,medium,partial,legacy-casebook:legacy-jsx,Generated 2026-07-02T10:27:25.467Z; 1 source files include this legacy JSX tag after code fences were excluded.
SubscribeTopicResult,1,shared/rtm2/_topic.mdx,custom-mdx,classify before migration; do not preserve legacy JSX by default,needs_review,medium,partial,legacy-casebook:legacy-jsx,Generated 2026-07-02T10:27:25.467Z; 1 source files include this legacy JSX tag after code fences were excluded.
Template,1,docs/dummy-product/test/components.mdx,custom-mdx,classify before migration; do not preserve legacy JSX by default,needs_review,medium,partial,legacy-casebook:legacy-jsx,Generated 2026-07-02T10:27:25.467Z; 1 source files include this legacy JSX tag after code fences were excluded.
Test,1,docs/dummy-product/test/toc.mdx,custom-mdx,classify before migration; do not preserve legacy JSX by default,needs_review,medium,partial,legacy-casebook:legacy-jsx,Generated 2026-07-02T10:27:25.467Z; 1 source files include this legacy JSX tag after code fences were excluded.
UnsubscribeResult,1,shared/rtm2/_channel.mdx,custom-mdx,classify before migration; do not preserve legacy JSX by default,needs_review,medium,partial,legacy-casebook:legacy-jsx,Generated 2026-07-02T10:27:25.467Z; 1 source files include this legacy JSX tag after code fences were excluded.
UnsubscribeTopicResult,1,shared/rtm2/_topic.mdx,custom-mdx,classify before migration; do not preserve legacy JSX by default,needs_review,medium,partial,legacy-casebook:legacy-jsx,Generated 2026-07-02T10:27:25.467Z; 1 source files include this legacy JSX tag after code fences were excluded.
V1,1,docs/shared/showroom/audio-scenario.mdx,custom-mdx,classify before migration; do not preserve legacy JSX by default,needs_review,medium,partial,legacy-casebook:legacy-jsx,Generated 2026-07-02T10:27:25.467Z; 1 source files include this legacy JSX tag after code fences were excluded.
Webpreq,1,docs/flexible-classroom/advanced-features/_scene-builder/_deploy-scene.mdx,custom-mdx,classify before migration; do not preserve legacy JSX by default,needs_review,medium,partial,legacy-casebook:legacy-jsx,Generated 2026-07-02T10:27:25.467Z; 1 source files include this legacy JSX tag after code fences were excluded.
WhereNowResult,1,shared/rtm2/_presence.mdx,custom-mdx,classify before migration; do not preserve legacy JSX by default,needs_review,medium,partial,legacy-casebook:legacy-jsx,Generated 2026-07-02T10:27:25.467Z; 1 source files include this legacy JSX tag after code fences were excluded.
WhoNowResult,1,shared/rtm2/_presence.mdx,custom-mdx,classify before migration; do not preserve legacy JSX by default,needs_review,medium,partial,legacy-casebook:legacy-jsx,Generated 2026-07-02T10:27:25.467Z; 1 source files include this legacy JSX tag after code fences were excluded.
