source_path,target_path,migration_action,status,risk,batchable,blocked_reason,next_step,decision_refs,migration_progress,audit_progress,audit_result,last_migration_report,last_audit_report,updated_at
docs-api-reference/agora-product/classroom-api.mdx,,classify_api_reference_then_migrate_or_defer,blocked,high,no,No approved API Reference target directory found for legacy docs-api-reference/agora-product; decide API lane/product owner.,Confirm target IA and migration strategy for docs-api-reference/agora-product/classroom-api.mdx.,needs-api-reference-source,not_started,not_started,,,,
docs-api-reference/agora-product/sample-api.mdx,,classify_api_reference_then_migrate_or_defer,blocked,high,no,No approved API Reference target directory found for legacy docs-api-reference/agora-product; decide API lane/product owner.,Confirm target IA and migration strategy for docs-api-reference/agora-product/sample-api.mdx.,needs-api-reference-source,not_started,not_started,,,,
docs-api-reference/agora-product/scenario-api.mdx,,classify_api_reference_then_migrate_or_defer,blocked,high,no,No approved API Reference target directory found for legacy docs-api-reference/agora-product; decide API lane/product owner.,Confirm target IA and migration strategy for docs-api-reference/agora-product/scenario-api.mdx.,needs-api-reference-source,not_started,not_started,,,,
docs-api-reference/aigc/aigcservice.android.mdx,,classify_api_reference_then_migrate_or_defer,blocked,high,no,No approved API Reference target directory found for legacy docs-api-reference/aigc; decide API lane/product owner.,Confirm target IA and migration strategy for docs-api-reference/aigc/aigcservice.android.mdx.,needs-directive-rewrite|needs-table-normalization|needs-anchor-normalization|needs-api-reference-source,not_started,not_started,,,,
docs-api-reference/aigc/aigcservice.ios.mdx,,classify_api_reference_then_migrate_or_defer,blocked,high,no,No approved API Reference target directory found for legacy docs-api-reference/aigc; decide API lane/product owner.,Confirm target IA and migration strategy for docs-api-reference/aigc/aigcservice.ios.mdx.,needs-directive-rewrite|needs-table-normalization|needs-anchor-normalization|needs-api-reference-source,not_started,not_started,,,,
docs-api-reference/cloud-recording/go-api/baseresponse.go.mdx,content/docs/zh-CN/api-reference/cloud-recording/go-api/baseresponse.go.mdx,classify_api_reference_then_migrate_or_defer,needs_review,high,no,,Review legacy JSX/shared/platform/API patterns before batching.,needs-directive-rewrite|needs-anchor-normalization|needs-api-reference-source,not_started,not_started,,,,
docs-api-reference/cloud-recording/go-api/basicauthcredential.go.mdx,content/docs/zh-CN/api-reference/cloud-recording/go-api/basicauthcredential.go.mdx,classify_api_reference_then_migrate_or_defer,needs_review,high,no,,Review legacy JSX/shared/platform/API patterns before batching.,needs-directive-rewrite|needs-table-normalization|needs-anchor-normalization|needs-api-reference-source,not_started,not_started,,,,
docs-api-reference/cloud-recording/go-api/client.go.mdx,content/docs/zh-CN/api-reference/cloud-recording/go-api/client.go.mdx,classify_api_reference_then_migrate_or_defer,needs_review,high,no,,Review legacy JSX/shared/platform/API patterns before batching.,needs-directive-rewrite|needs-table-normalization|needs-anchor-normalization|needs-api-reference-source,not_started,not_started,,,,
docs-api-reference/cloud-recording/go-api/enum.go.mdx,content/docs/zh-CN/api-reference/cloud-recording/go-api/enum.go.mdx,classify_api_reference_then_migrate_or_defer,needs_review,high,no,,Review legacy JSX/shared/platform/API patterns before batching.,needs-directive-rewrite|needs-table-normalization|needs-anchor-normalization|needs-api-reference-source,not_started,not_started,,,,
docs-api-reference/cloud-recording/go-api/individualrecording.go.mdx,content/docs/zh-CN/api-reference/cloud-recording/go-api/individualrecording.go.mdx,classify_api_reference_then_migrate_or_defer,needs_review,high,no,,Review legacy JSX/shared/platform/API patterns before batching.,needs-directive-rewrite|needs-table-normalization|needs-anchor-normalization|needs-api-reference-source,not_started,not_started,,,,
docs-api-reference/cloud-recording/go-api/mixrecording.go.mdx,content/docs/zh-CN/api-reference/cloud-recording/go-api/mixrecording.go.mdx,classify_api_reference_then_migrate_or_defer,needs_review,high,no,,Review legacy JSX/shared/platform/API patterns before batching.,needs-directive-rewrite|needs-table-normalization|needs-anchor-normalization|needs-api-reference-source,not_started,not_started,,,,
docs-api-reference/cloud-recording/go-api/overview.go.mdx,content/docs/zh-CN/api-reference/cloud-recording/go-api/overview.go.mdx,classify_api_reference_then_migrate_or_defer,needs_review,high,no,,Review legacy JSX/shared/platform/API patterns before batching.,needs-api-reference-source,not_started,not_started,,,,
docs-api-reference/cloud-recording/go-api/response.go.mdx,content/docs/zh-CN/api-reference/cloud-recording/go-api/response.go.mdx,classify_api_reference_then_migrate_or_defer,needs_review,high,no,,Review legacy JSX/shared/platform/API patterns before batching.,needs-directive-rewrite|needs-anchor-normalization|needs-api-reference-source,not_started,not_started,,,,
docs-api-reference/cloud-recording/go-api/samplelogger.go.mdx,content/docs/zh-CN/api-reference/cloud-recording/go-api/samplelogger.go.mdx,classify_api_reference_then_migrate_or_defer,needs_review,high,no,,Review legacy JSX/shared/platform/API patterns before batching.,needs-directive-rewrite|needs-table-normalization|needs-anchor-normalization|needs-api-reference-source,not_started,not_started,,,,
docs-api-reference/cloud-recording/go-api/struct.go.mdx,content/docs/zh-CN/api-reference/cloud-recording/go-api/struct.go.mdx,classify_api_reference_then_migrate_or_defer,needs_review,high,no,,Review legacy JSX/shared/platform/API patterns before batching.,needs-directive-rewrite|needs-table-normalization|needs-anchor-normalization|needs-api-reference-source,not_started,not_started,,,,
docs-api-reference/cloud-recording/go-api/webrecording.go.mdx,content/docs/zh-CN/api-reference/cloud-recording/go-api/webrecording.go.mdx,classify_api_reference_then_migrate_or_defer,needs_review,high,no,,Review legacy JSX/shared/platform/API patterns before batching.,needs-directive-rewrite|needs-table-normalization|needs-anchor-normalization|needs-api-reference-source,not_started,not_started,,,,
docs-api-reference/cloud-recording/java-api/basicauthcredential.java.mdx,content/docs/zh-CN/api-reference/cloud-recording/java-api/basicauthcredential.java.mdx,classify_api_reference_then_migrate_or_defer,needs_review,high,no,,Review legacy JSX/shared/platform/API patterns before batching.,needs-directive-rewrite|needs-table-normalization|needs-anchor-normalization|needs-api-reference-source,not_started,not_started,,,,
docs-api-reference/cloud-recording/java-api/cloudrecordingclient.java.mdx,content/docs/zh-CN/api-reference/cloud-recording/java-api/cloudrecordingclient.java.mdx,classify_api_reference_then_migrate_or_defer,needs_review,high,no,,Review legacy JSX/shared/platform/API patterns before batching.,needs-directive-rewrite|needs-table-normalization|needs-anchor-normalization|needs-api-reference-source,not_started,not_started,,,,
docs-api-reference/cloud-recording/java-api/enum.java.mdx,content/docs/zh-CN/api-reference/cloud-recording/java-api/enum.java.mdx,classify_api_reference_then_migrate_or_defer,needs_review,high,no,,Review legacy JSX/shared/platform/API patterns before batching.,needs-directive-rewrite|needs-table-normalization|needs-anchor-normalization|needs-api-reference-source,not_started,not_started,,,,
docs-api-reference/cloud-recording/java-api/individualscenario.java.mdx,content/docs/zh-CN/api-reference/cloud-recording/java-api/individualscenario.java.mdx,classify_api_reference_then_migrate_or_defer,needs_review,high,no,,Review legacy JSX/shared/platform/API patterns before batching.,needs-directive-rewrite|needs-table-normalization|needs-anchor-normalization|needs-api-reference-source,not_started,not_started,,,,
docs-api-reference/cloud-recording/java-api/mixscenario.java.mdx,content/docs/zh-CN/api-reference/cloud-recording/java-api/mixscenario.java.mdx,classify_api_reference_then_migrate_or_defer,needs_review,high,no,,Review legacy JSX/shared/platform/API patterns before batching.,needs-directive-rewrite|needs-table-normalization|needs-anchor-normalization|needs-api-reference-source,not_started,not_started,,,,
docs-api-reference/cloud-recording/java-api/overview.java.mdx,content/docs/zh-CN/api-reference/cloud-recording/java-api/overview.java.mdx,classify_api_reference_then_migrate_or_defer,needs_review,high,no,,Review legacy JSX/shared/platform/API patterns before batching.,needs-api-reference-source,not_started,not_started,,,,
docs-api-reference/cloud-recording/java-api/struct.java.mdx,content/docs/zh-CN/api-reference/cloud-recording/java-api/struct.java.mdx,classify_api_reference_then_migrate_or_defer,needs_review,high,no,,Review legacy JSX/shared/platform/API patterns before batching.,needs-directive-rewrite|needs-table-normalization|needs-anchor-normalization|needs-api-reference-source,not_started,not_started,,,,
docs-api-reference/cloud-recording/java-api/webscenario.java.mdx,content/docs/zh-CN/api-reference/cloud-recording/java-api/webscenario.java.mdx,classify_api_reference_then_migrate_or_defer,needs_review,high,no,,Review legacy JSX/shared/platform/API patterns before batching.,needs-directive-rewrite|needs-table-normalization|needs-anchor-normalization|needs-api-reference-source,not_started,not_started,,,,
docs-api-reference/convoai/agent-sdk-api/overview.agent-go.mdx,content/docs/zh-CN/api-reference/conversational-ai/agent-sdk-api/overview.agent-go.mdx,classify_api_reference_then_migrate_or_defer,needs_review,high,no,,Review legacy JSX/shared/platform/API patterns before batching.,needs-api-reference-source,not_started,not_started,,,,
docs-api-reference/convoai/agent-sdk-api/overview.agent-python.mdx,content/docs/zh-CN/api-reference/conversational-ai/agent-sdk-api/overview.agent-python.mdx,classify_api_reference_then_migrate_or_defer,needs_review,high,no,,Review legacy JSX/shared/platform/API patterns before batching.,needs-directive-rewrite|needs-api-reference-source,not_started,not_started,,,,
docs-api-reference/convoai/agent-sdk-api/overview.agent-typescript.mdx,content/docs/zh-CN/api-reference/conversational-ai/agent-sdk-api/overview.agent-typescript.mdx,classify_api_reference_then_migrate_or_defer,needs_review,high,no,,Review legacy JSX/shared/platform/API patterns before batching.,needs-directive-rewrite|needs-api-reference-source,not_started,not_started,,,,
docs-api-reference/convoai/android-component/enum.android.mdx,content/docs/zh-CN/api-reference/conversational-ai/android-component/enum.android.mdx,classify_api_reference_then_migrate_or_defer,needs_review,high,no,,Review legacy JSX/shared/platform/API patterns before batching.,needs-directive-rewrite|needs-table-normalization|needs-anchor-normalization|needs-api-reference-source,not_started,not_started,,,,
docs-api-reference/convoai/android-component/iconversationalaiapi.android.mdx,content/docs/zh-CN/api-reference/conversational-ai/android-component/iconversationalaiapi.android.mdx,classify_api_reference_then_migrate_or_defer,needs_review,high,no,,Review legacy JSX/shared/platform/API patterns before batching.,needs-directive-rewrite|needs-table-normalization|needs-anchor-normalization|needs-api-reference-source,not_started,not_started,,,,
docs-api-reference/convoai/android-component/iconversationalaiapieventhandler.android.mdx,content/docs/zh-CN/api-reference/conversational-ai/android-component/iconversationalaiapieventhandler.android.mdx,classify_api_reference_then_migrate_or_defer,needs_review,high,no,,Review legacy JSX/shared/platform/API patterns before batching.,needs-directive-rewrite|needs-table-normalization|needs-anchor-normalization|needs-api-reference-source,not_started,not_started,,,,
docs-api-reference/convoai/android-component/overview.android.mdx,content/docs/zh-CN/api-reference/conversational-ai/android-component/overview.android.mdx,classify_api_reference_then_migrate_or_defer,needs_review,high,no,,Review legacy JSX/shared/platform/API patterns before batching.,needs-api-reference-source,not_started,not_started,,,,
docs-api-reference/convoai/android-component/struct.android.mdx,content/docs/zh-CN/api-reference/conversational-ai/android-component/struct.android.mdx,classify_api_reference_then_migrate_or_defer,needs_review,high,no,,Review legacy JSX/shared/platform/API patterns before batching.,needs-directive-rewrite|needs-table-normalization|needs-anchor-normalization|needs-api-reference-source,not_started,not_started,,,,
docs-api-reference/convoai/go-api/baseresponse.go.mdx,content/docs/zh-CN/api-reference/conversational-ai/go-api/baseresponse.go.mdx,classify_api_reference_then_migrate_or_defer,needs_review,high,no,,Review legacy JSX/shared/platform/API patterns before batching.,needs-directive-rewrite|needs-anchor-normalization|needs-api-reference-source,not_started,not_started,,,,
docs-api-reference/convoai/go-api/basicauthcredential.go.mdx,content/docs/zh-CN/api-reference/conversational-ai/go-api/basicauthcredential.go.mdx,classify_api_reference_then_migrate_or_defer,needs_review,high,no,,Review legacy JSX/shared/platform/API patterns before batching.,needs-directive-rewrite|needs-table-normalization|needs-anchor-normalization|needs-api-reference-source,not_started,not_started,,,,
docs-api-reference/convoai/go-api/client.go.mdx,content/docs/zh-CN/api-reference/conversational-ai/go-api/client.go.mdx,classify_api_reference_then_migrate_or_defer,needs_review,high,no,,Review legacy JSX/shared/platform/API patterns before batching.,needs-directive-rewrite|needs-table-normalization|needs-anchor-normalization|needs-api-reference-source,not_started,not_started,,,,
docs-api-reference/convoai/go-api/enum.go.mdx,content/docs/zh-CN/api-reference/conversational-ai/go-api/enum.go.mdx,classify_api_reference_then_migrate_or_defer,needs_review,high,no,,Review legacy JSX/shared/platform/API patterns before batching.,needs-directive-rewrite|needs-table-normalization|needs-anchor-normalization|needs-api-reference-source,not_started,not_started,,,,
docs-api-reference/convoai/go-api/listoptions.go.mdx,content/docs/zh-CN/api-reference/conversational-ai/go-api/listoptions.go.mdx,classify_api_reference_then_migrate_or_defer,needs_review,high,no,,Review legacy JSX/shared/platform/API patterns before batching.,needs-directive-rewrite|needs-table-normalization|needs-anchor-normalization|needs-api-reference-source,not_started,not_started,,,,
docs-api-reference/convoai/go-api/overview.go.mdx,content/docs/zh-CN/api-reference/conversational-ai/go-api/overview.go.mdx,classify_api_reference_then_migrate_or_defer,needs_review,high,no,,Review legacy JSX/shared/platform/API patterns before batching.,needs-api-reference-source,not_started,not_started,,,,
docs-api-reference/convoai/go-api/response.go.mdx,content/docs/zh-CN/api-reference/conversational-ai/go-api/response.go.mdx,classify_api_reference_then_migrate_or_defer,needs_review,high,no,,Review legacy JSX/shared/platform/API patterns before batching.,needs-directive-rewrite|needs-anchor-normalization|needs-api-reference-source,not_started,not_started,,,,
docs-api-reference/convoai/go-api/samplelogger.go.mdx,content/docs/zh-CN/api-reference/conversational-ai/go-api/samplelogger.go.mdx,classify_api_reference_then_migrate_or_defer,needs_review,high,no,,Review legacy JSX/shared/platform/API patterns before batching.,needs-directive-rewrite|needs-table-normalization|needs-anchor-normalization|needs-api-reference-source,not_started,not_started,,,,
docs-api-reference/convoai/go-api/struct.go.mdx,content/docs/zh-CN/api-reference/conversational-ai/go-api/struct.go.mdx,classify_api_reference_then_migrate_or_defer,needs_review,high,no,,Review legacy JSX/shared/platform/API patterns before batching.,needs-directive-rewrite|needs-table-normalization|needs-anchor-normalization|needs-api-reference-source,not_started,not_started,,,,
docs-api-reference/convoai/ios-component/conversationalaiapi.ios.mdx,content/docs/zh-CN/api-reference/conversational-ai/ios-component/conversationalaiapi.ios.mdx,classify_api_reference_then_migrate_or_defer,needs_review,high,no,,Review legacy JSX/shared/platform/API patterns before batching.,needs-directive-rewrite|needs-table-normalization|needs-anchor-normalization|needs-api-reference-source,not_started,not_started,,,,
docs-api-reference/convoai/ios-component/conversationalaiapieventhandler.ios.mdx,content/docs/zh-CN/api-reference/conversational-ai/ios-component/conversationalaiapieventhandler.ios.mdx,classify_api_reference_then_migrate_or_defer,needs_review,high,no,,Review legacy JSX/shared/platform/API patterns before batching.,needs-directive-rewrite|needs-table-normalization|needs-anchor-normalization|needs-api-reference-source,not_started,not_started,,,,
docs-api-reference/convoai/ios-component/enum.ios.mdx,content/docs/zh-CN/api-reference/conversational-ai/ios-component/enum.ios.mdx,classify_api_reference_then_migrate_or_defer,needs_review,high,no,,Review legacy JSX/shared/platform/API patterns before batching.,needs-directive-rewrite|needs-table-normalization|needs-anchor-normalization|needs-api-reference-source,not_started,not_started,,,,
docs-api-reference/convoai/ios-component/overview.ios.mdx,content/docs/zh-CN/api-reference/conversational-ai/ios-component/overview.ios.mdx,classify_api_reference_then_migrate_or_defer,needs_review,high,no,,Review legacy JSX/shared/platform/API patterns before batching.,needs-api-reference-source,not_started,not_started,,,,
docs-api-reference/convoai/ios-component/struct.ios.mdx,content/docs/zh-CN/api-reference/conversational-ai/ios-component/struct.ios.mdx,classify_api_reference_then_migrate_or_defer,needs_review,high,no,,Review legacy JSX/shared/platform/API patterns before batching.,needs-directive-rewrite|needs-table-normalization|needs-anchor-normalization|needs-api-reference-source,not_started,not_started,,,,
docs-api-reference/convoai/java-api/basicauthcredential.java.mdx,content/docs/zh-CN/api-reference/conversational-ai/java-api/basicauthcredential.java.mdx,classify_api_reference_then_migrate_or_defer,needs_review,high,no,,Review legacy JSX/shared/platform/API patterns before batching.,needs-directive-rewrite|needs-table-normalization|needs-anchor-normalization|needs-api-reference-source,not_started,not_started,,,,
docs-api-reference/convoai/java-api/convoaiclient.java.mdx,content/docs/zh-CN/api-reference/conversational-ai/java-api/convoaiclient.java.mdx,classify_api_reference_then_migrate_or_defer,needs_review,high,no,,Review legacy JSX/shared/platform/API patterns before batching.,needs-directive-rewrite|needs-table-normalization|needs-anchor-normalization|needs-api-reference-source,not_started,not_started,,,,
docs-api-reference/convoai/java-api/enum.java.mdx,content/docs/zh-CN/api-reference/conversational-ai/java-api/enum.java.mdx,classify_api_reference_then_migrate_or_defer,needs_review,high,no,,Review legacy JSX/shared/platform/API patterns before batching.,needs-directive-rewrite|needs-table-normalization|needs-anchor-normalization|needs-api-reference-source,not_started,not_started,,,,
docs-api-reference/convoai/java-api/overview.java.mdx,content/docs/zh-CN/api-reference/conversational-ai/java-api/overview.java.mdx,classify_api_reference_then_migrate_or_defer,needs_review,high,no,,Review legacy JSX/shared/platform/API patterns before batching.,needs-directive-rewrite|needs-api-reference-source,not_started,not_started,,,,
docs-api-reference/convoai/java-api/struct.java.mdx,content/docs/zh-CN/api-reference/conversational-ai/java-api/struct.java.mdx,classify_api_reference_then_migrate_or_defer,needs_review,high,no,,Review legacy JSX/shared/platform/API patterns before batching.,needs-directive-rewrite|needs-table-normalization|needs-anchor-normalization|needs-api-reference-source,not_started,not_started,,,,
docs-api-reference/convoai/web-component/conversationalaiapi.typescript.mdx,content/docs/zh-CN/api-reference/conversational-ai/web-component/conversationalaiapi.typescript.mdx,classify_api_reference_then_migrate_or_defer,needs_review,high,no,,Review legacy JSX/shared/platform/API patterns before batching.,needs-directive-rewrite|needs-table-normalization|needs-anchor-normalization|needs-api-reference-source,not_started,not_started,,,,
docs-api-reference/convoai/web-component/enum.typescript.mdx,content/docs/zh-CN/api-reference/conversational-ai/web-component/enum.typescript.mdx,classify_api_reference_then_migrate_or_defer,needs_review,high,no,,Review legacy JSX/shared/platform/API patterns before batching.,needs-directive-rewrite|needs-table-normalization|needs-anchor-normalization|needs-api-reference-source,not_started,not_started,,,,
docs-api-reference/convoai/web-component/overview.typescript.mdx,content/docs/zh-CN/api-reference/conversational-ai/web-component/overview.typescript.mdx,classify_api_reference_then_migrate_or_defer,needs_review,high,no,,Review legacy JSX/shared/platform/API patterns before batching.,needs-api-reference-source,not_started,not_started,,,,
docs-api-reference/convoai/web-component/struct.typescript.mdx,content/docs/zh-CN/api-reference/conversational-ai/web-component/struct.typescript.mdx,classify_api_reference_then_migrate_or_defer,needs_review,high,no,,Review legacy JSX/shared/platform/API patterns before batching.,needs-directive-rewrite|needs-table-normalization|needs-anchor-normalization|needs-api-reference-source,not_started,not_started,,,,
docs-api-reference/dummy-product/test.ios.web.mdx,,classify_api_reference_then_migrate_or_defer,blocked,high,no,No approved API Reference target directory found for legacy docs-api-reference/dummy-product; decide API lane/product owner.,Confirm target IA and migration strategy for docs-api-reference/dummy-product/test.ios.web.mdx.,needs-api-reference-source,not_started,not_started,,,,
docs-api-reference/dummy-product/test.mdx,,classify_api_reference_then_migrate_or_defer,blocked,high,no,No approved API Reference target directory found for legacy docs-api-reference/dummy-product; decide API lane/product owner.,Confirm target IA and migration strategy for docs-api-reference/dummy-product/test.mdx.,needs-api-reference-source,not_started,not_started,,,,
docs-api-reference/dummy-product/test/overload-method-card.mdx,,classify_api_reference_then_migrate_or_defer,blocked,high,no,No approved API Reference target directory found for legacy docs-api-reference/dummy-product; decide API lane/product owner.,Confirm target IA and migration strategy for docs-api-reference/dummy-product/test/overload-method-card.mdx.,needs-directive-rewrite|needs-api-reference-source,not_started,not_started,,,,
docs-api-reference/dummy-product/toc-configuration/configuration.unity.mdx,,classify_api_reference_then_migrate_or_defer,blocked,high,no,No approved API Reference target directory found for legacy docs-api-reference/dummy-product; decide API lane/product owner.,Confirm target IA and migration strategy for docs-api-reference/dummy-product/toc-configuration/configuration.unity.mdx.,needs-directive-rewrite|needs-include-standardization|needs-anchor-normalization|needs-api-reference-source,not_started,not_started,,,,
docs-api-reference/fastboard/fastboard-api.ios.mdx,content/docs/zh-CN/api-reference/whiteboard/fastboard-api.ios.mdx,classify_api_reference_then_migrate_or_defer,needs_review,high,no,,Review legacy JSX/shared/platform/API patterns before batching.,needs-directive-rewrite|needs-anchor-normalization|needs-api-reference-source,not_started,not_started,,,,
docs-api-reference/fastboard/fastboard-api.javascript.mdx,content/docs/zh-CN/api-reference/whiteboard/fastboard-api.javascript.mdx,classify_api_reference_then_migrate_or_defer,needs_review,high,no,,Review legacy JSX/shared/platform/API patterns before batching.,needs-directive-rewrite|needs-anchor-normalization|needs-api-reference-source,not_started,not_started,,,,
docs-api-reference/fastboard/fastboard-api.mdx,content/docs/zh-CN/api-reference/whiteboard/fastboard-api.mdx,classify_api_reference_then_migrate_or_defer,needs_review,high,no,,Review legacy JSX/shared/platform/API patterns before batching.,needs-directive-rewrite|needs-anchor-normalization|needs-api-reference-source,not_started,not_started,,,,
docs-api-reference/flexible-classroom/classroom-sdk.android.mdx,,classify_api_reference_then_migrate_or_defer,blocked,high,no,No approved API Reference target directory found for legacy docs-api-reference/flexible-classroom; decide API lane/product owner.,Confirm target IA and migration strategy for docs-api-reference/flexible-classroom/classroom-sdk.android.mdx.,needs-directive-rewrite|needs-include-standardization|needs-anchor-normalization|needs-api-reference-source,not_started,not_started,,,,
docs-api-reference/flexible-classroom/classroom-sdk.ios.mdx,,classify_api_reference_then_migrate_or_defer,blocked,high,no,No approved API Reference target directory found for legacy docs-api-reference/flexible-classroom; decide API lane/product owner.,Confirm target IA and migration strategy for docs-api-reference/flexible-classroom/classroom-sdk.ios.mdx.,needs-directive-rewrite|needs-include-standardization|needs-anchor-normalization|needs-api-reference-source,not_started,not_started,,,,
docs-api-reference/flexible-classroom/classroom-sdk.javascript.electron.mdx,,classify_api_reference_then_migrate_or_defer,blocked,high,no,No approved API Reference target directory found for legacy docs-api-reference/flexible-classroom; decide API lane/product owner.,Confirm target IA and migration strategy for docs-api-reference/flexible-classroom/classroom-sdk.javascript.electron.mdx.,needs-directive-rewrite|needs-include-standardization|needs-table-normalization|needs-anchor-normalization|needs-api-reference-source,not_started,not_started,,,,
docs-api-reference/flexible-classroom/edu-context/dummy.mdx,,classify_api_reference_then_migrate_or_defer,blocked,high,no,No approved API Reference target directory found for legacy docs-api-reference/flexible-classroom; decide API lane/product owner.,Confirm target IA and migration strategy for docs-api-reference/flexible-classroom/edu-context/dummy.mdx.,needs-api-reference-source,not_started,not_started,,,,
docs-api-reference/flexible-classroom/fcr-ui-scene.javascript.electron.mdx,,classify_api_reference_then_migrate_or_defer,blocked,high,no,No approved API Reference target directory found for legacy docs-api-reference/flexible-classroom; decide API lane/product owner.,Confirm target IA and migration strategy for docs-api-reference/flexible-classroom/fcr-ui-scene.javascript.electron.mdx.,needs-directive-rewrite|needs-include-standardization|needs-platform-expansion|needs-anchor-normalization|needs-api-reference-source,not_started,not_started,,,,
docs-api-reference/flexible-classroom/proctor-sdk.ios.mdx,,classify_api_reference_then_migrate_or_defer,blocked,high,no,No approved API Reference target directory found for legacy docs-api-reference/flexible-classroom; decide API lane/product owner.,Confirm target IA and migration strategy for docs-api-reference/flexible-classroom/proctor-sdk.ios.mdx.,needs-directive-rewrite|needs-include-standardization|needs-anchor-normalization|needs-api-reference-source,not_started,not_started,,,,
docs-api-reference/flexible-classroom/proctor-sdk.javascript.electron.mdx,,classify_api_reference_then_migrate_or_defer,blocked,high,no,No approved API Reference target directory found for legacy docs-api-reference/flexible-classroom; decide API lane/product owner.,Confirm target IA and migration strategy for docs-api-reference/flexible-classroom/proctor-sdk.javascript.electron.mdx.,needs-directive-rewrite|needs-include-standardization|needs-anchor-normalization|needs-api-reference-source,not_started,not_started,,,,
docs-api-reference/iot-apaas/client-api/call.android.mdx,,classify_api_reference_then_migrate_or_defer,blocked,high,no,No approved API Reference target directory found for legacy docs-api-reference/iot-apaas; decide API lane/product owner.,Confirm target IA and migration strategy for docs-api-reference/iot-apaas/client-api/call.android.mdx.,needs-directive-rewrite|needs-table-normalization|needs-anchor-normalization|needs-api-reference-source,not_started,not_started,,,,
docs-api-reference/iot-apaas/client-api/call.ios.mdx,,classify_api_reference_then_migrate_or_defer,blocked,high,no,No approved API Reference target directory found for legacy docs-api-reference/iot-apaas; decide API lane/product owner.,Confirm target IA and migration strategy for docs-api-reference/iot-apaas/client-api/call.ios.mdx.,needs-directive-rewrite|needs-table-normalization|needs-anchor-normalization|needs-api-reference-source,not_started,not_started,,,,
docs-api-reference/iot-apaas/client-api/call.wechat.mdx,,classify_api_reference_then_migrate_or_defer,blocked,high,no,No approved API Reference target directory found for legacy docs-api-reference/iot-apaas; decide API lane/product owner.,Confirm target IA and migration strategy for docs-api-reference/iot-apaas/client-api/call.wechat.mdx.,needs-directive-rewrite|needs-anchor-normalization|needs-api-reference-source,not_started,not_started,,,,
docs-api-reference/iot-apaas/client-api/full.ios.mdx,,classify_api_reference_then_migrate_or_defer,blocked,high,no,No approved API Reference target directory found for legacy docs-api-reference/iot-apaas; decide API lane/product owner.,Confirm target IA and migration strategy for docs-api-reference/iot-apaas/client-api/full.ios.mdx.,needs-directive-rewrite|needs-table-normalization|needs-anchor-normalization|needs-api-reference-source,not_started,not_started,,,,
docs-api-reference/iot-apaas/device-sdk/call/base.mdx,,classify_api_reference_then_migrate_or_defer,blocked,high,no,No approved API Reference target directory found for legacy docs-api-reference/iot-apaas; decide API lane/product owner.,Confirm target IA and migration strategy for docs-api-reference/iot-apaas/device-sdk/call/base.mdx.,needs-directive-rewrite|needs-include-standardization|needs-api-reference-source,not_started,not_started,,,,
docs-api-reference/iot-apaas/device-sdk/call/config.mdx,,classify_api_reference_then_migrate_or_defer,blocked,high,no,No approved API Reference target directory found for legacy docs-api-reference/iot-apaas; decide API lane/product owner.,Confirm target IA and migration strategy for docs-api-reference/iot-apaas/device-sdk/call/config.mdx.,needs-directive-rewrite|needs-include-standardization|needs-platform-expansion|needs-api-reference-source,not_started,not_started,,,,
docs-api-reference/iot-apaas/device-sdk/call/device-manager.mdx,,classify_api_reference_then_migrate_or_defer,blocked,high,no,No approved API Reference target directory found for legacy docs-api-reference/iot-apaas; decide API lane/product owner.,Confirm target IA and migration strategy for docs-api-reference/iot-apaas/device-sdk/call/device-manager.mdx.,needs-directive-rewrite|needs-include-standardization|needs-platform-expansion|needs-api-reference-source,not_started,not_started,,,,
docs-api-reference/iot-apaas/device-sdk/call/make-call.mdx,,classify_api_reference_then_migrate_or_defer,blocked,high,no,No approved API Reference target directory found for legacy docs-api-reference/iot-apaas; decide API lane/product owner.,Confirm target IA and migration strategy for docs-api-reference/iot-apaas/device-sdk/call/make-call.mdx.,needs-directive-rewrite|needs-include-standardization|needs-api-reference-source,not_started,not_started,,,,
docs-api-reference/iot-apaas/device-sdk/full/base.mdx,,classify_api_reference_then_migrate_or_defer,blocked,high,no,No approved API Reference target directory found for legacy docs-api-reference/iot-apaas; decide API lane/product owner.,Confirm target IA and migration strategy for docs-api-reference/iot-apaas/device-sdk/full/base.mdx.,needs-directive-rewrite|needs-include-standardization|needs-api-reference-source,not_started,not_started,,,,
docs-api-reference/iot-apaas/device-sdk/full/config.mdx,,classify_api_reference_then_migrate_or_defer,blocked,high,no,No approved API Reference target directory found for legacy docs-api-reference/iot-apaas; decide API lane/product owner.,Confirm target IA and migration strategy for docs-api-reference/iot-apaas/device-sdk/full/config.mdx.,needs-directive-rewrite|needs-include-standardization|needs-platform-expansion|needs-api-reference-source,not_started,not_started,,,,
docs-api-reference/iot-apaas/device-sdk/full/device-manager.mdx,,classify_api_reference_then_migrate_or_defer,blocked,high,no,No approved API Reference target directory found for legacy docs-api-reference/iot-apaas; decide API lane/product owner.,Confirm target IA and migration strategy for docs-api-reference/iot-apaas/device-sdk/full/device-manager.mdx.,needs-directive-rewrite|needs-include-standardization|needs-platform-expansion|needs-api-reference-source,not_started,not_started,,,,
docs-api-reference/iot-apaas/device-sdk/full/dp.mdx,,classify_api_reference_then_migrate_or_defer,blocked,high,no,No approved API Reference target directory found for legacy docs-api-reference/iot-apaas; decide API lane/product owner.,Confirm target IA and migration strategy for docs-api-reference/iot-apaas/device-sdk/full/dp.mdx.,needs-directive-rewrite|needs-anchor-normalization|needs-api-reference-source,not_started,not_started,,,,
docs-api-reference/iot-apaas/device-sdk/full/file-player.mdx,,classify_api_reference_then_migrate_or_defer,blocked,high,no,No approved API Reference target directory found for legacy docs-api-reference/iot-apaas; decide API lane/product owner.,Confirm target IA and migration strategy for docs-api-reference/iot-apaas/device-sdk/full/file-player.mdx.,needs-directive-rewrite|needs-anchor-normalization|needs-api-reference-source,not_started,not_started,,,,
docs-api-reference/iot-apaas/device-sdk/full/make-call.mdx,,classify_api_reference_then_migrate_or_defer,blocked,high,no,No approved API Reference target directory found for legacy docs-api-reference/iot-apaas; decide API lane/product owner.,Confirm target IA and migration strategy for docs-api-reference/iot-apaas/device-sdk/full/make-call.mdx.,needs-directive-rewrite|needs-include-standardization|needs-api-reference-source,not_started,not_started,,,,
docs-api-reference/meeting/client-api.android.mdx,content/docs/zh-CN/api-reference/meeting/client-api.android.mdx,classify_api_reference_then_migrate_or_defer,needs_review,high,no,,Review legacy JSX/shared/platform/API patterns before batching.,needs-directive-rewrite|needs-include-standardization|needs-anchor-normalization|needs-api-reference-source,not_started,not_started,,,,
docs-api-reference/meeting/client-api.electron.mdx,content/docs/zh-CN/api-reference/meeting/client-api.electron.mdx,classify_api_reference_then_migrate_or_defer,needs_review,high,no,,Review legacy JSX/shared/platform/API patterns before batching.,needs-directive-rewrite|needs-include-standardization|needs-anchor-normalization|needs-api-reference-source,not_started,not_started,,,,
docs-api-reference/meeting/client-api.ios.mdx,content/docs/zh-CN/api-reference/meeting/client-api.ios.mdx,classify_api_reference_then_migrate_or_defer,needs_review,high,no,,Review legacy JSX/shared/platform/API patterns before batching.,needs-directive-rewrite|needs-include-standardization|needs-anchor-normalization|needs-api-reference-source,not_started,not_started,,,,
docs-api-reference/one-to-one-live/call-api.android.mdx,,classify_api_reference_then_migrate_or_defer,blocked,high,no,No approved API Reference target directory found for legacy docs-api-reference/one-to-one-live; decide API lane/product owner.,Confirm target IA and migration strategy for docs-api-reference/one-to-one-live/call-api.android.mdx.,needs-directive-rewrite|needs-table-normalization|needs-anchor-normalization|needs-api-reference-source,not_started,not_started,,,,
docs-api-reference/one-to-one-live/call-api.ios.mdx,,classify_api_reference_then_migrate_or_defer,blocked,high,no,No approved API Reference target directory found for legacy docs-api-reference/one-to-one-live; decide API lane/product owner.,Confirm target IA and migration strategy for docs-api-reference/one-to-one-live/call-api.ios.mdx.,needs-directive-rewrite|needs-table-normalization|needs-anchor-normalization|needs-api-reference-source,not_started,not_started,,,,
docs-api-reference/recording/_en/_cpp/enum.mdx,,classify_api_reference_then_migrate_or_defer,blocked,high,no,No approved API Reference target directory found for legacy docs-api-reference/recording; decide API lane/product owner.,Confirm target IA and migration strategy for docs-api-reference/recording/_en/_cpp/enum.mdx.,needs-directive-rewrite|needs-table-normalization|needs-anchor-normalization|needs-api-reference-source,not_started,not_started,,,,
docs-api-reference/recording/_en/_cpp/iagoramediacomponentfactory.mdx,,classify_api_reference_then_migrate_or_defer,blocked,high,no,No approved API Reference target directory found for legacy docs-api-reference/recording; decide API lane/product owner.,Confirm target IA and migration strategy for docs-api-reference/recording/_en/_cpp/iagoramediacomponentfactory.mdx.,needs-anchor-normalization|needs-api-reference-source,not_started,not_started,,,,
docs-api-reference/recording/_en/_cpp/iagoramediarecorder.mdx,,classify_api_reference_then_migrate_or_defer,blocked,high,no,No approved API Reference target directory found for legacy docs-api-reference/recording; decide API lane/product owner.,Confirm target IA and migration strategy for docs-api-reference/recording/_en/_cpp/iagoramediarecorder.mdx.,needs-directive-rewrite|needs-table-normalization|needs-anchor-normalization|needs-api-reference-source,not_started,not_started,,,,
docs-api-reference/recording/_en/_cpp/iagoramediartcrecordereventhandler.mdx,,classify_api_reference_then_migrate_or_defer,blocked,high,no,No approved API Reference target directory found for legacy docs-api-reference/recording; decide API lane/product owner.,Confirm target IA and migration strategy for docs-api-reference/recording/_en/_cpp/iagoramediartcrecordereventhandler.mdx.,needs-directive-rewrite|needs-table-normalization|needs-anchor-normalization|needs-api-reference-source,not_started,not_started,,,,
docs-api-reference/recording/_en/_cpp/iagoraservice.mdx,,classify_api_reference_then_migrate_or_defer,blocked,high,no,No approved API Reference target directory found for legacy docs-api-reference/recording; decide API lane/product owner.,Confirm target IA and migration strategy for docs-api-reference/recording/_en/_cpp/iagoraservice.mdx.,needs-directive-rewrite|needs-table-normalization|needs-anchor-normalization|needs-api-reference-source,not_started,not_started,,,,
docs-api-reference/recording/_en/_cpp/irecordervideoframeobserver.mdx,,classify_api_reference_then_migrate_or_defer,blocked,high,no,No approved API Reference target directory found for legacy docs-api-reference/recording; decide API lane/product owner.,Confirm target IA and migration strategy for docs-api-reference/recording/_en/_cpp/irecordervideoframeobserver.mdx.,needs-directive-rewrite|needs-table-normalization|needs-anchor-normalization|needs-api-reference-source,not_started,not_started,,,,
docs-api-reference/recording/_en/_cpp/overview.mdx,,classify_api_reference_then_migrate_or_defer,blocked,high,no,No approved API Reference target directory found for legacy docs-api-reference/recording; decide API lane/product owner.,Confirm target IA and migration strategy for docs-api-reference/recording/_en/_cpp/overview.mdx.,needs-directive-rewrite|needs-api-reference-source,not_started,not_started,,,,
docs-api-reference/recording/_en/_cpp/struct.mdx,,classify_api_reference_then_migrate_or_defer,blocked,high,no,No approved API Reference target directory found for legacy docs-api-reference/recording; decide API lane/product owner.,Confirm target IA and migration strategy for docs-api-reference/recording/_en/_cpp/struct.mdx.,needs-directive-rewrite|needs-table-normalization|needs-anchor-normalization|needs-api-reference-source,not_started,not_started,,,,
docs-api-reference/recording/_en/_java/agoramediarecorder.mdx,,classify_api_reference_then_migrate_or_defer,blocked,high,no,No approved API Reference target directory found for legacy docs-api-reference/recording; decide API lane/product owner.,Confirm target IA and migration strategy for docs-api-reference/recording/_en/_java/agoramediarecorder.mdx.,needs-directive-rewrite|needs-table-normalization|needs-anchor-normalization|needs-api-reference-source,not_started,not_started,,,,
docs-api-reference/recording/_en/_java/agoraservice.mdx,,classify_api_reference_then_migrate_or_defer,blocked,high,no,No approved API Reference target directory found for legacy docs-api-reference/recording; decide API lane/product owner.,Confirm target IA and migration strategy for docs-api-reference/recording/_en/_java/agoraservice.mdx.,needs-directive-rewrite|needs-table-normalization|needs-anchor-normalization|needs-api-reference-source,not_started,not_started,,,,
docs-api-reference/recording/_en/_java/enum.mdx,,classify_api_reference_then_migrate_or_defer,blocked,high,no,No approved API Reference target directory found for legacy docs-api-reference/recording; decide API lane/product owner.,Confirm target IA and migration strategy for docs-api-reference/recording/_en/_java/enum.mdx.,needs-directive-rewrite|needs-table-normalization|needs-anchor-normalization|needs-api-reference-source,not_started,not_started,,,,
docs-api-reference/recording/_en/_java/iagoramediartcrecordereventhandler.mdx,,classify_api_reference_then_migrate_or_defer,blocked,high,no,No approved API Reference target directory found for legacy docs-api-reference/recording; decide API lane/product owner.,Confirm target IA and migration strategy for docs-api-reference/recording/_en/_java/iagoramediartcrecordereventhandler.mdx.,needs-directive-rewrite|needs-table-normalization|needs-anchor-normalization|needs-api-reference-source,not_started,not_started,,,,
docs-api-reference/recording/_en/_java/irecordervideoframeobserver.mdx,,classify_api_reference_then_migrate_or_defer,blocked,high,no,No approved API Reference target directory found for legacy docs-api-reference/recording; decide API lane/product owner.,Confirm target IA and migration strategy for docs-api-reference/recording/_en/_java/irecordervideoframeobserver.mdx.,needs-directive-rewrite|needs-table-normalization|needs-anchor-normalization|needs-api-reference-source,not_started,not_started,,,,
docs-api-reference/recording/_en/_java/overview.mdx,,classify_api_reference_then_migrate_or_defer,blocked,high,no,No approved API Reference target directory found for legacy docs-api-reference/recording; decide API lane/product owner.,Confirm target IA and migration strategy for docs-api-reference/recording/_en/_java/overview.mdx.,needs-directive-rewrite|needs-api-reference-source,not_started,not_started,,,,
docs-api-reference/recording/_en/_java/struct.mdx,,classify_api_reference_then_migrate_or_defer,blocked,high,no,No approved API Reference target directory found for legacy docs-api-reference/recording; decide API lane/product owner.,Confirm target IA and migration strategy for docs-api-reference/recording/_en/_java/struct.mdx.,needs-directive-rewrite|needs-table-normalization|needs-anchor-normalization|needs-api-reference-source,not_started,not_started,,,,
docs-api-reference/recording/agoramediartcrecorder.java.mdx,,classify_api_reference_then_migrate_or_defer,blocked,high,no,No approved API Reference target directory found for legacy docs-api-reference/recording; decide API lane/product owner.,Confirm target IA and migration strategy for docs-api-reference/recording/agoramediartcrecorder.java.mdx.,needs-directive-rewrite|needs-table-normalization|needs-anchor-normalization|needs-api-reference-source,not_started,not_started,,,,
docs-api-reference/recording/agoraservice.java.mdx,,classify_api_reference_then_migrate_or_defer,blocked,high,no,No approved API Reference target directory found for legacy docs-api-reference/recording; decide API lane/product owner.,Confirm target IA and migration strategy for docs-api-reference/recording/agoraservice.java.mdx.,needs-directive-rewrite|needs-table-normalization|needs-anchor-normalization|needs-api-reference-source,not_started,not_started,,,,
docs-api-reference/recording/api-overview.cpp.mdx,,classify_api_reference_then_migrate_or_defer,blocked,high,no,No approved API Reference target directory found for legacy docs-api-reference/recording; decide API lane/product owner.,Confirm target IA and migration strategy for docs-api-reference/recording/api-overview.cpp.mdx.,needs-directive-rewrite|needs-api-reference-source,not_started,not_started,,,,
docs-api-reference/recording/api-overview.java.mdx,,classify_api_reference_then_migrate_or_defer,blocked,high,no,No approved API Reference target directory found for legacy docs-api-reference/recording; decide API lane/product owner.,Confirm target IA and migration strategy for docs-api-reference/recording/api-overview.java.mdx.,needs-directive-rewrite|needs-api-reference-source,not_started,not_started,,,,
docs-api-reference/recording/enum.cpp.mdx,,classify_api_reference_then_migrate_or_defer,blocked,high,no,No approved API Reference target directory found for legacy docs-api-reference/recording; decide API lane/product owner.,Confirm target IA and migration strategy for docs-api-reference/recording/enum.cpp.mdx.,needs-directive-rewrite|needs-table-normalization|needs-anchor-normalization|needs-api-reference-source,not_started,not_started,,,,
docs-api-reference/recording/enum.java.mdx,,classify_api_reference_then_migrate_or_defer,blocked,high,no,No approved API Reference target directory found for legacy docs-api-reference/recording; decide API lane/product owner.,Confirm target IA and migration strategy for docs-api-reference/recording/enum.java.mdx.,needs-directive-rewrite|needs-table-normalization|needs-anchor-normalization|needs-api-reference-source,not_started,not_started,,,,
docs-api-reference/recording/iagoramediacomponentfactory.cpp.mdx,,classify_api_reference_then_migrate_or_defer,blocked,high,no,No approved API Reference target directory found for legacy docs-api-reference/recording; decide API lane/product owner.,Confirm target IA and migration strategy for docs-api-reference/recording/iagoramediacomponentfactory.cpp.mdx.,needs-anchor-normalization|needs-api-reference-source,not_started,not_started,,,,
docs-api-reference/recording/iagoramediartcrecorder.cpp.mdx,,classify_api_reference_then_migrate_or_defer,blocked,high,no,No approved API Reference target directory found for legacy docs-api-reference/recording; decide API lane/product owner.,Confirm target IA and migration strategy for docs-api-reference/recording/iagoramediartcrecorder.cpp.mdx.,needs-directive-rewrite|needs-table-normalization|needs-anchor-normalization|needs-api-reference-source,not_started,not_started,,,,
docs-api-reference/recording/iagoramediartcrecordereventhandler.cpp.mdx,,classify_api_reference_then_migrate_or_defer,blocked,high,no,No approved API Reference target directory found for legacy docs-api-reference/recording; decide API lane/product owner.,Confirm target IA and migration strategy for docs-api-reference/recording/iagoramediartcrecordereventhandler.cpp.mdx.,needs-directive-rewrite|needs-table-normalization|needs-anchor-normalization|needs-api-reference-source,not_started,not_started,,,,
docs-api-reference/recording/iagoramediartcrecordereventhandler.java.mdx,,classify_api_reference_then_migrate_or_defer,blocked,high,no,No approved API Reference target directory found for legacy docs-api-reference/recording; decide API lane/product owner.,Confirm target IA and migration strategy for docs-api-reference/recording/iagoramediartcrecordereventhandler.java.mdx.,needs-directive-rewrite|needs-table-normalization|needs-anchor-normalization|needs-api-reference-source,not_started,not_started,,,,
docs-api-reference/recording/iagoraservice.cpp.mdx,,classify_api_reference_then_migrate_or_defer,blocked,high,no,No approved API Reference target directory found for legacy docs-api-reference/recording; decide API lane/product owner.,Confirm target IA and migration strategy for docs-api-reference/recording/iagoraservice.cpp.mdx.,needs-directive-rewrite|needs-table-normalization|needs-anchor-normalization|needs-api-reference-source,not_started,not_started,,,,
docs-api-reference/recording/irecordervideoframeobserver.cpp.mdx,,classify_api_reference_then_migrate_or_defer,blocked,high,no,No approved API Reference target directory found for legacy docs-api-reference/recording; decide API lane/product owner.,Confirm target IA and migration strategy for docs-api-reference/recording/irecordervideoframeobserver.cpp.mdx.,needs-directive-rewrite|needs-table-normalization|needs-anchor-normalization|needs-api-reference-source,not_started,not_started,,,,
docs-api-reference/recording/irecordervideoframeobserver.java.mdx,,classify_api_reference_then_migrate_or_defer,blocked,high,no,No approved API Reference target directory found for legacy docs-api-reference/recording; decide API lane/product owner.,Confirm target IA and migration strategy for docs-api-reference/recording/irecordervideoframeobserver.java.mdx.,needs-directive-rewrite|needs-table-normalization|needs-anchor-normalization|needs-api-reference-source,not_started,not_started,,,,
docs-api-reference/recording/struct.cpp.mdx,,classify_api_reference_then_migrate_or_defer,blocked,high,no,No approved API Reference target directory found for legacy docs-api-reference/recording; decide API lane/product owner.,Confirm target IA and migration strategy for docs-api-reference/recording/struct.cpp.mdx.,needs-directive-rewrite|needs-table-normalization|needs-anchor-normalization|needs-api-reference-source,not_started,not_started,,,,
docs-api-reference/recording/struct.java.mdx,,classify_api_reference_then_migrate_or_defer,blocked,high,no,No approved API Reference target directory found for legacy docs-api-reference/recording; decide API lane/product owner.,Confirm target IA and migration strategy for docs-api-reference/recording/struct.java.mdx.,needs-directive-rewrite|needs-table-normalization|needs-anchor-normalization|needs-api-reference-source,not_started,not_started,,,,
docs-api-reference/rtc-server-sdk/_en/go-api/agoraservice-en.mdx,content/docs/zh-CN/api-reference/rtc-server-sdk/_en/go-api/agoraservice-en.mdx,classify_api_reference_then_migrate_or_defer,needs_review,high,no,,Review legacy JSX/shared/platform/API patterns before batching.,needs-anchor-normalization|needs-api-reference-source,not_started,not_started,,,,
docs-api-reference/rtc-server-sdk/_en/go-api/apidatatype-en.mdx,content/docs/zh-CN/api-reference/rtc-server-sdk/_en/go-api/apidatatype-en.mdx,classify_api_reference_then_migrate_or_defer,needs_review,high,no,,Review legacy JSX/shared/platform/API patterns before batching.,needs-directive-rewrite|needs-table-normalization|needs-anchor-normalization|needs-api-reference-source,not_started,not_started,,,,
docs-api-reference/rtc-server-sdk/_en/go-api/audioencodedframesender-en.mdx,content/docs/zh-CN/api-reference/rtc-server-sdk/_en/go-api/audioencodedframesender-en.mdx,classify_api_reference_then_migrate_or_defer,needs_review,high,no,,Review legacy JSX/shared/platform/API patterns before batching.,needs-anchor-normalization|needs-api-reference-source,not_started,not_started,,,,
docs-api-reference/rtc-server-sdk/_en/go-api/audioframeobserver-en.mdx,content/docs/zh-CN/api-reference/rtc-server-sdk/_en/go-api/audioframeobserver-en.mdx,classify_api_reference_then_migrate_or_defer,needs_review,high,no,,Review legacy JSX/shared/platform/API patterns before batching.,needs-anchor-normalization|needs-api-reference-source,not_started,not_started,,,,
docs-api-reference/rtc-server-sdk/_en/go-api/audiopcmdatasender-en.mdx,content/docs/zh-CN/api-reference/rtc-server-sdk/_en/go-api/audiopcmdatasender-en.mdx,classify_api_reference_then_migrate_or_defer,needs_review,high,no,,Review legacy JSX/shared/platform/API patterns before batching.,needs-anchor-normalization|needs-api-reference-source,not_started,not_started,,,,
docs-api-reference/rtc-server-sdk/_en/go-api/localaudiotrack-en.mdx,content/docs/zh-CN/api-reference/rtc-server-sdk/_en/go-api/localaudiotrack-en.mdx,classify_api_reference_then_migrate_or_defer,needs_review,high,no,,Review legacy JSX/shared/platform/API patterns before batching.,needs-directive-rewrite|needs-table-normalization|needs-anchor-normalization|needs-api-reference-source,not_started,not_started,,,,
docs-api-reference/rtc-server-sdk/_en/go-api/localuser-en.mdx,content/docs/zh-CN/api-reference/rtc-server-sdk/_en/go-api/localuser-en.mdx,classify_api_reference_then_migrate_or_defer,needs_review,high,no,,Review legacy JSX/shared/platform/API patterns before batching.,needs-directive-rewrite|needs-table-normalization|needs-anchor-normalization|needs-api-reference-source,not_started,not_started,,,,
docs-api-reference/rtc-server-sdk/_en/go-api/localuserobserver-en.mdx,content/docs/zh-CN/api-reference/rtc-server-sdk/_en/go-api/localuserobserver-en.mdx,classify_api_reference_then_migrate_or_defer,needs_review,high,no,,Review legacy JSX/shared/platform/API patterns before batching.,needs-directive-rewrite|needs-table-normalization|needs-anchor-normalization|needs-api-reference-source,not_started,not_started,,,,
docs-api-reference/rtc-server-sdk/_en/go-api/localvideotrack-en.mdx,content/docs/zh-CN/api-reference/rtc-server-sdk/_en/go-api/localvideotrack-en.mdx,classify_api_reference_then_migrate_or_defer,needs_review,high,no,,Review legacy JSX/shared/platform/API patterns before batching.,needs-directive-rewrite|needs-table-normalization|needs-anchor-normalization|needs-api-reference-source,not_started,not_started,,,,
docs-api-reference/rtc-server-sdk/_en/go-api/medianodefactory-en.mdx,content/docs/zh-CN/api-reference/rtc-server-sdk/_en/go-api/medianodefactory-en.mdx,classify_api_reference_then_migrate_or_defer,needs_review,high,no,,Review legacy JSX/shared/platform/API patterns before batching.,needs-anchor-normalization|needs-api-reference-source,not_started,not_started,,,,
docs-api-reference/rtc-server-sdk/_en/go-api/overview-en.mdx,content/docs/zh-CN/api-reference/rtc-server-sdk/_en/go-api/overview-en.mdx,classify_api_reference_then_migrate_or_defer,needs_review,high,no,,Review legacy JSX/shared/platform/API patterns before batching.,needs-api-reference-source,not_started,not_started,,,,
docs-api-reference/rtc-server-sdk/_en/go-api/rtcconnection-en.mdx,content/docs/zh-CN/api-reference/rtc-server-sdk/_en/go-api/rtcconnection-en.mdx,classify_api_reference_then_migrate_or_defer,needs_review,high,no,,Review legacy JSX/shared/platform/API patterns before batching.,needs-directive-rewrite|needs-table-normalization|needs-anchor-normalization|needs-api-reference-source,not_started,not_started,,,,
docs-api-reference/rtc-server-sdk/_en/go-api/rtcconnectionobserver-en.mdx,content/docs/zh-CN/api-reference/rtc-server-sdk/_en/go-api/rtcconnectionobserver-en.mdx,classify_api_reference_then_migrate_or_defer,needs_review,high,no,,Review legacy JSX/shared/platform/API patterns before batching.,needs-directive-rewrite|needs-table-normalization|needs-anchor-normalization|needs-api-reference-source,not_started,not_started,,,,
docs-api-reference/rtc-server-sdk/_en/go-api/videoencodedframeobserver-en.mdx,content/docs/zh-CN/api-reference/rtc-server-sdk/_en/go-api/videoencodedframeobserver-en.mdx,classify_api_reference_then_migrate_or_defer,needs_review,high,no,,Review legacy JSX/shared/platform/API patterns before batching.,needs-anchor-normalization|needs-api-reference-source,not_started,not_started,,,,
docs-api-reference/rtc-server-sdk/_en/go-api/videoencodedimagesender-en.mdx,content/docs/zh-CN/api-reference/rtc-server-sdk/_en/go-api/videoencodedimagesender-en.mdx,classify_api_reference_then_migrate_or_defer,needs_review,high,no,,Review legacy JSX/shared/platform/API patterns before batching.,needs-anchor-normalization|needs-api-reference-source,not_started,not_started,,,,
docs-api-reference/rtc-server-sdk/_en/go-api/videoframeobserver-en.mdx,content/docs/zh-CN/api-reference/rtc-server-sdk/_en/go-api/videoframeobserver-en.mdx,classify_api_reference_then_migrate_or_defer,needs_review,high,no,,Review legacy JSX/shared/platform/API patterns before batching.,needs-anchor-normalization|needs-api-reference-source,not_started,not_started,,,,
docs-api-reference/rtc-server-sdk/_en/go-api/videoframesender-en.mdx,content/docs/zh-CN/api-reference/rtc-server-sdk/_en/go-api/videoframesender-en.mdx,classify_api_reference_then_migrate_or_defer,needs_review,high,no,,Review legacy JSX/shared/platform/API patterns before batching.,needs-anchor-normalization|needs-api-reference-source,not_started,not_started,,,,
docs-api-reference/rtc-server-sdk/_en/python-api/agoraservice-en.mdx,content/docs/zh-CN/api-reference/rtc-server-sdk/_en/python-api/agoraservice-en.mdx,classify_api_reference_then_migrate_or_defer,needs_review,high,no,,Review legacy JSX/shared/platform/API patterns before batching.,needs-directive-rewrite|needs-table-normalization|needs-anchor-normalization|needs-api-reference-source,not_started,not_started,,,,
docs-api-reference/rtc-server-sdk/_en/python-api/apidatatype-en.mdx,content/docs/zh-CN/api-reference/rtc-server-sdk/_en/python-api/apidatatype-en.mdx,classify_api_reference_then_migrate_or_defer,needs_review,high,no,,Review legacy JSX/shared/platform/API patterns before batching.,needs-directive-rewrite|needs-table-normalization|needs-anchor-normalization|needs-api-reference-source,not_started,not_started,,,,
docs-api-reference/rtc-server-sdk/_en/python-api/audioencodedframesender-en.mdx,content/docs/zh-CN/api-reference/rtc-server-sdk/_en/python-api/audioencodedframesender-en.mdx,classify_api_reference_then_migrate_or_defer,needs_review,high,no,,Review legacy JSX/shared/platform/API patterns before batching.,needs-anchor-normalization|needs-api-reference-source,not_started,not_started,,,,
docs-api-reference/rtc-server-sdk/_en/python-api/audiopcmdatasender-en.mdx,content/docs/zh-CN/api-reference/rtc-server-sdk/_en/python-api/audiopcmdatasender-en.mdx,classify_api_reference_then_migrate_or_defer,needs_review,high,no,,Review legacy JSX/shared/platform/API patterns before batching.,needs-anchor-normalization|needs-api-reference-source,not_started,not_started,,,,
docs-api-reference/rtc-server-sdk/_en/python-api/iaudioframeobserver-en.mdx,content/docs/zh-CN/api-reference/rtc-server-sdk/_en/python-api/iaudioframeobserver-en.mdx,classify_api_reference_then_migrate_or_defer,needs_review,high,no,,Review legacy JSX/shared/platform/API patterns before batching.,needs-anchor-normalization|needs-api-reference-source,not_started,not_started,,,,
docs-api-reference/rtc-server-sdk/_en/python-api/irtcconnectionobserver-en.mdx,content/docs/zh-CN/api-reference/rtc-server-sdk/_en/python-api/irtcconnectionobserver-en.mdx,classify_api_reference_then_migrate_or_defer,needs_review,high,no,,Review legacy JSX/shared/platform/API patterns before batching.,needs-directive-rewrite|needs-table-normalization|needs-anchor-normalization|needs-api-reference-source,not_started,not_started,,,,
docs-api-reference/rtc-server-sdk/_en/python-api/ivideoencodedframeobserver-en.mdx,content/docs/zh-CN/api-reference/rtc-server-sdk/_en/python-api/ivideoencodedframeobserver-en.mdx,classify_api_reference_then_migrate_or_defer,needs_review,high,no,,Review legacy JSX/shared/platform/API patterns before batching.,needs-anchor-normalization|needs-api-reference-source,not_started,not_started,,,,
docs-api-reference/rtc-server-sdk/_en/python-api/ivideoframeobserver-en.mdx,content/docs/zh-CN/api-reference/rtc-server-sdk/_en/python-api/ivideoframeobserver-en.mdx,classify_api_reference_then_migrate_or_defer,needs_review,high,no,,Review legacy JSX/shared/platform/API patterns before batching.,needs-anchor-normalization|needs-api-reference-source,not_started,not_started,,,,
docs-api-reference/rtc-server-sdk/_en/python-api/localaudiotrack-en.mdx,content/docs/zh-CN/api-reference/rtc-server-sdk/_en/python-api/localaudiotrack-en.mdx,classify_api_reference_then_migrate_or_defer,needs_review,high,no,,Review legacy JSX/shared/platform/API patterns before batching.,needs-directive-rewrite|needs-table-normalization|needs-anchor-normalization|needs-api-reference-source,not_started,not_started,,,,
docs-api-reference/rtc-server-sdk/_en/python-api/localuser-en.mdx,content/docs/zh-CN/api-reference/rtc-server-sdk/_en/python-api/localuser-en.mdx,classify_api_reference_then_migrate_or_defer,needs_review,high,no,,Review legacy JSX/shared/platform/API patterns before batching.,needs-directive-rewrite|needs-table-normalization|needs-anchor-normalization|needs-api-reference-source,not_started,not_started,,,,
docs-api-reference/rtc-server-sdk/_en/python-api/localuserobserver-en.mdx,content/docs/zh-CN/api-reference/rtc-server-sdk/_en/python-api/localuserobserver-en.mdx,classify_api_reference_then_migrate_or_defer,needs_review,high,no,,Review legacy JSX/shared/platform/API patterns before batching.,needs-directive-rewrite|needs-table-normalization|needs-anchor-normalization|needs-api-reference-source,not_started,not_started,,,,
docs-api-reference/rtc-server-sdk/_en/python-api/localvideotrack-en.mdx,content/docs/zh-CN/api-reference/rtc-server-sdk/_en/python-api/localvideotrack-en.mdx,classify_api_reference_then_migrate_or_defer,needs_review,high,no,,Review legacy JSX/shared/platform/API patterns before batching.,needs-directive-rewrite|needs-table-normalization|needs-anchor-normalization|needs-api-reference-source,not_started,not_started,,,,
docs-api-reference/rtc-server-sdk/_en/python-api/medianodefactory-en.mdx,content/docs/zh-CN/api-reference/rtc-server-sdk/_en/python-api/medianodefactory-en.mdx,classify_api_reference_then_migrate_or_defer,needs_review,high,no,,Review legacy JSX/shared/platform/API patterns before batching.,needs-anchor-normalization|needs-api-reference-source,not_started,not_started,,,,
docs-api-reference/rtc-server-sdk/_en/python-api/overview-en.mdx,content/docs/zh-CN/api-reference/rtc-server-sdk/_en/python-api/overview-en.mdx,classify_api_reference_then_migrate_or_defer,needs_review,high,no,,Review legacy JSX/shared/platform/API patterns before batching.,needs-api-reference-source,not_started,not_started,,,,
docs-api-reference/rtc-server-sdk/_en/python-api/rtcconnection-en.mdx,content/docs/zh-CN/api-reference/rtc-server-sdk/_en/python-api/rtcconnection-en.mdx,classify_api_reference_then_migrate_or_defer,needs_review,high,no,,Review legacy JSX/shared/platform/API patterns before batching.,needs-directive-rewrite|needs-table-normalization|needs-anchor-normalization|needs-api-reference-source,not_started,not_started,,,,
docs-api-reference/rtc-server-sdk/_en/python-api/videoencodedimagesender-en.mdx,content/docs/zh-CN/api-reference/rtc-server-sdk/_en/python-api/videoencodedimagesender-en.mdx,classify_api_reference_then_migrate_or_defer,needs_review,high,no,,Review legacy JSX/shared/platform/API patterns before batching.,needs-anchor-normalization|needs-api-reference-source,not_started,not_started,,,,
docs-api-reference/rtc-server-sdk/_en/python-api/videoframesender-en.mdx,content/docs/zh-CN/api-reference/rtc-server-sdk/_en/python-api/videoframesender-en.mdx,classify_api_reference_then_migrate_or_defer,needs_review,high,no,,Review legacy JSX/shared/platform/API patterns before batching.,needs-anchor-normalization|needs-api-reference-source,not_started,not_started,,,,
docs-api-reference/rtc-server-sdk/error-code.mdx,content/docs/zh-CN/api-reference/rtc-server-sdk/error-code.mdx,classify_api_reference_then_migrate_or_defer,needs_review,high,no,,Review legacy JSX/shared/platform/API patterns before batching.,needs-directive-rewrite|needs-include-standardization|needs-api-reference-source,not_started,not_started,,,,
docs-api-reference/rtc-server-sdk/go-api/_remotevideotrack.go.mdx,content/docs/zh-CN/api-reference/rtc-server-sdk/go-api/_remotevideotrack.go.mdx,classify_api_reference_then_migrate_or_defer,needs_review,high,no,,Review legacy JSX/shared/platform/API patterns before batching.,needs-anchor-normalization|needs-api-reference-source,not_started,not_started,,,,
docs-api-reference/rtc-server-sdk/go-api/_videoencodedimagereceiver.go.mdx,content/docs/zh-CN/api-reference/rtc-server-sdk/go-api/_videoencodedimagereceiver.go.mdx,classify_api_reference_then_migrate_or_defer,needs_review,high,no,,Review legacy JSX/shared/platform/API patterns before batching.,needs-anchor-normalization|needs-api-reference-source,not_started,not_started,,,,
docs-api-reference/rtc-server-sdk/go-api/agoraservice.go.mdx,content/docs/zh-CN/api-reference/rtc-server-sdk/go-api/agoraservice.go.mdx,classify_api_reference_then_migrate_or_defer,needs_review,high,no,,Review legacy JSX/shared/platform/API patterns before batching.,needs-directive-rewrite|needs-anchor-normalization|needs-api-reference-source,not_started,not_started,,,,
docs-api-reference/rtc-server-sdk/go-api/apidatatype.go.mdx,content/docs/zh-CN/api-reference/rtc-server-sdk/go-api/apidatatype.go.mdx,classify_api_reference_then_migrate_or_defer,needs_review,high,no,,Review legacy JSX/shared/platform/API patterns before batching.,needs-directive-rewrite|needs-table-normalization|needs-anchor-normalization|needs-api-reference-source,not_started,not_started,,,,
docs-api-reference/rtc-server-sdk/go-api/audioencodedframesender.go.mdx,content/docs/zh-CN/api-reference/rtc-server-sdk/go-api/audioencodedframesender.go.mdx,classify_api_reference_then_migrate_or_defer,needs_review,high,no,,Review legacy JSX/shared/platform/API patterns before batching.,needs-anchor-normalization|needs-api-reference-source,not_started,not_started,,,,
docs-api-reference/rtc-server-sdk/go-api/audioframeobserver.go.mdx,content/docs/zh-CN/api-reference/rtc-server-sdk/go-api/audioframeobserver.go.mdx,classify_api_reference_then_migrate_or_defer,needs_review,high,no,,Review legacy JSX/shared/platform/API patterns before batching.,needs-anchor-normalization|needs-api-reference-source,not_started,not_started,,,,
docs-api-reference/rtc-server-sdk/go-api/audiopcmdatasender.go.mdx,content/docs/zh-CN/api-reference/rtc-server-sdk/go-api/audiopcmdatasender.go.mdx,classify_api_reference_then_migrate_or_defer,needs_review,high,no,,Review legacy JSX/shared/platform/API patterns before batching.,needs-anchor-normalization|needs-api-reference-source,not_started,not_started,,,,
docs-api-reference/rtc-server-sdk/go-api/localaudiotrack.go.mdx,content/docs/zh-CN/api-reference/rtc-server-sdk/go-api/localaudiotrack.go.mdx,classify_api_reference_then_migrate_or_defer,needs_review,high,no,,Review legacy JSX/shared/platform/API patterns before batching.,needs-directive-rewrite|needs-table-normalization|needs-anchor-normalization|needs-api-reference-source,not_started,not_started,,,,
docs-api-reference/rtc-server-sdk/go-api/localuser.go.mdx,content/docs/zh-CN/api-reference/rtc-server-sdk/go-api/localuser.go.mdx,classify_api_reference_then_migrate_or_defer,needs_review,high,no,,Review legacy JSX/shared/platform/API patterns before batching.,needs-directive-rewrite|needs-table-normalization|needs-anchor-normalization|needs-api-reference-source,not_started,not_started,,,,
docs-api-reference/rtc-server-sdk/go-api/localuserobserver.go.mdx,content/docs/zh-CN/api-reference/rtc-server-sdk/go-api/localuserobserver.go.mdx,classify_api_reference_then_migrate_or_defer,needs_review,high,no,,Review legacy JSX/shared/platform/API patterns before batching.,needs-directive-rewrite|needs-table-normalization|needs-anchor-normalization|needs-api-reference-source,not_started,not_started,,,,
docs-api-reference/rtc-server-sdk/go-api/localvideotrack.go.mdx,content/docs/zh-CN/api-reference/rtc-server-sdk/go-api/localvideotrack.go.mdx,classify_api_reference_then_migrate_or_defer,needs_review,high,no,,Review legacy JSX/shared/platform/API patterns before batching.,needs-directive-rewrite|needs-table-normalization|needs-anchor-normalization|needs-api-reference-source,not_started,not_started,,,,
docs-api-reference/rtc-server-sdk/go-api/medianodefactory.go.mdx,content/docs/zh-CN/api-reference/rtc-server-sdk/go-api/medianodefactory.go.mdx,classify_api_reference_then_migrate_or_defer,needs_review,high,no,,Review legacy JSX/shared/platform/API patterns before batching.,needs-anchor-normalization|needs-api-reference-source,not_started,not_started,,,,
docs-api-reference/rtc-server-sdk/go-api/overview.go.mdx,content/docs/zh-CN/api-reference/rtc-server-sdk/go-api/overview.go.mdx,classify_api_reference_then_migrate_or_defer,needs_review,high,no,,Review legacy JSX/shared/platform/API patterns before batching.,needs-api-reference-source,not_started,not_started,,,,
docs-api-reference/rtc-server-sdk/go-api/rtcconnection.go.mdx,content/docs/zh-CN/api-reference/rtc-server-sdk/go-api/rtcconnection.go.mdx,classify_api_reference_then_migrate_or_defer,needs_review,high,no,,Review legacy JSX/shared/platform/API patterns before batching.,needs-directive-rewrite|needs-table-normalization|needs-anchor-normalization|needs-api-reference-source,not_started,not_started,,,,
docs-api-reference/rtc-server-sdk/go-api/rtcconnectionobserver.go.mdx,content/docs/zh-CN/api-reference/rtc-server-sdk/go-api/rtcconnectionobserver.go.mdx,classify_api_reference_then_migrate_or_defer,needs_review,high,no,,Review legacy JSX/shared/platform/API patterns before batching.,needs-directive-rewrite|needs-table-normalization|needs-anchor-normalization|needs-api-reference-source,not_started,not_started,,,,
docs-api-reference/rtc-server-sdk/go-api/videoencodedframeobserver.go.mdx,content/docs/zh-CN/api-reference/rtc-server-sdk/go-api/videoencodedframeobserver.go.mdx,classify_api_reference_then_migrate_or_defer,needs_review,high,no,,Review legacy JSX/shared/platform/API patterns before batching.,needs-anchor-normalization|needs-api-reference-source,not_started,not_started,,,,
docs-api-reference/rtc-server-sdk/go-api/videoencodedimagesender.go.mdx,content/docs/zh-CN/api-reference/rtc-server-sdk/go-api/videoencodedimagesender.go.mdx,classify_api_reference_then_migrate_or_defer,needs_review,high,no,,Review legacy JSX/shared/platform/API patterns before batching.,needs-anchor-normalization|needs-api-reference-source,not_started,not_started,,,,
docs-api-reference/rtc-server-sdk/go-api/videoframeobserver.go.mdx,content/docs/zh-CN/api-reference/rtc-server-sdk/go-api/videoframeobserver.go.mdx,classify_api_reference_then_migrate_or_defer,needs_review,high,no,,Review legacy JSX/shared/platform/API patterns before batching.,needs-anchor-normalization|needs-api-reference-source,not_started,not_started,,,,
docs-api-reference/rtc-server-sdk/go-api/videoframesender.go.mdx,content/docs/zh-CN/api-reference/rtc-server-sdk/go-api/videoframesender.go.mdx,classify_api_reference_then_migrate_or_defer,needs_review,high,no,,Review legacy JSX/shared/platform/API patterns before batching.,needs-anchor-normalization|needs-api-reference-source,not_started,not_started,,,,
docs-api-reference/rtc-server-sdk/python-api/_ivideoencodedimagereceiver.python.mdx,content/docs/zh-CN/api-reference/rtc-server-sdk/python-api/_ivideoencodedimagereceiver.python.mdx,classify_api_reference_then_migrate_or_defer,needs_review,high,no,,Review legacy JSX/shared/platform/API patterns before batching.,needs-anchor-normalization|needs-api-reference-source,not_started,not_started,,,,
docs-api-reference/rtc-server-sdk/python-api/_localusercopy.python.mdx,content/docs/zh-CN/api-reference/rtc-server-sdk/python-api/_localusercopy.python.mdx,classify_api_reference_then_migrate_or_defer,needs_review,high,no,,Review legacy JSX/shared/platform/API patterns before batching.,needs-anchor-normalization|needs-api-reference-source,not_started,not_started,,,,
docs-api-reference/rtc-server-sdk/python-api/_remotevideotrack.python.mdx,content/docs/zh-CN/api-reference/rtc-server-sdk/python-api/_remotevideotrack.python.mdx,classify_api_reference_then_migrate_or_defer,needs_review,high,no,,Review legacy JSX/shared/platform/API patterns before batching.,needs-anchor-normalization|needs-api-reference-source,not_started,not_started,,,,
docs-api-reference/rtc-server-sdk/python-api/_rtcconnectionobserver_backup.python.mdx,content/docs/zh-CN/api-reference/rtc-server-sdk/python-api/_rtcconnectionobserver_backup.python.mdx,classify_api_reference_then_migrate_or_defer,needs_review,high,no,,Review legacy JSX/shared/platform/API patterns before batching.,needs-directive-rewrite|needs-table-normalization|needs-anchor-normalization|needs-api-reference-source,not_started,not_started,,,,
docs-api-reference/rtc-server-sdk/python-api/agoraservice.python.mdx,content/docs/zh-CN/api-reference/rtc-server-sdk/python-api/agoraservice.python.mdx,classify_api_reference_then_migrate_or_defer,needs_review,high,no,,Review legacy JSX/shared/platform/API patterns before batching.,needs-directive-rewrite|needs-table-normalization|needs-anchor-normalization|needs-api-reference-source,not_started,not_started,,,,
docs-api-reference/rtc-server-sdk/python-api/apidatatype.python.mdx,content/docs/zh-CN/api-reference/rtc-server-sdk/python-api/apidatatype.python.mdx,classify_api_reference_then_migrate_or_defer,needs_review,high,no,,Review legacy JSX/shared/platform/API patterns before batching.,needs-directive-rewrite|needs-table-normalization|needs-anchor-normalization|needs-api-reference-source,not_started,not_started,,,,
docs-api-reference/rtc-server-sdk/python-api/audioencodedframesender.python.mdx,content/docs/zh-CN/api-reference/rtc-server-sdk/python-api/audioencodedframesender.python.mdx,classify_api_reference_then_migrate_or_defer,needs_review,high,no,,Review legacy JSX/shared/platform/API patterns before batching.,needs-anchor-normalization|needs-api-reference-source,not_started,not_started,,,,
docs-api-reference/rtc-server-sdk/python-api/audiopcmdatasender.python.mdx,content/docs/zh-CN/api-reference/rtc-server-sdk/python-api/audiopcmdatasender.python.mdx,classify_api_reference_then_migrate_or_defer,needs_review,high,no,,Review legacy JSX/shared/platform/API patterns before batching.,needs-anchor-normalization|needs-api-reference-source,not_started,not_started,,,,
docs-api-reference/rtc-server-sdk/python-api/iaudioframeobserver.python.mdx,content/docs/zh-CN/api-reference/rtc-server-sdk/python-api/iaudioframeobserver.python.mdx,classify_api_reference_then_migrate_or_defer,needs_review,high,no,,Review legacy JSX/shared/platform/API patterns before batching.,needs-anchor-normalization|needs-api-reference-source,not_started,not_started,,,,
docs-api-reference/rtc-server-sdk/python-api/irtcconnectionobserver.python.mdx,content/docs/zh-CN/api-reference/rtc-server-sdk/python-api/irtcconnectionobserver.python.mdx,classify_api_reference_then_migrate_or_defer,needs_review,high,no,,Review legacy JSX/shared/platform/API patterns before batching.,needs-directive-rewrite|needs-table-normalization|needs-anchor-normalization|needs-api-reference-source,not_started,not_started,,,,
docs-api-reference/rtc-server-sdk/python-api/ivideoencodedframeobserver.python.mdx,content/docs/zh-CN/api-reference/rtc-server-sdk/python-api/ivideoencodedframeobserver.python.mdx,classify_api_reference_then_migrate_or_defer,needs_review,high,no,,Review legacy JSX/shared/platform/API patterns before batching.,needs-anchor-normalization|needs-api-reference-source,not_started,not_started,,,,
docs-api-reference/rtc-server-sdk/python-api/ivideoframeobserver.python.mdx,content/docs/zh-CN/api-reference/rtc-server-sdk/python-api/ivideoframeobserver.python.mdx,classify_api_reference_then_migrate_or_defer,needs_review,high,no,,Review legacy JSX/shared/platform/API patterns before batching.,needs-anchor-normalization|needs-api-reference-source,not_started,not_started,,,,
docs-api-reference/rtc-server-sdk/python-api/localaudiotrack.python.mdx,content/docs/zh-CN/api-reference/rtc-server-sdk/python-api/localaudiotrack.python.mdx,classify_api_reference_then_migrate_or_defer,needs_review,high,no,,Review legacy JSX/shared/platform/API patterns before batching.,needs-directive-rewrite|needs-table-normalization|needs-anchor-normalization|needs-api-reference-source,not_started,not_started,,,,
docs-api-reference/rtc-server-sdk/python-api/localuser.python.mdx,content/docs/zh-CN/api-reference/rtc-server-sdk/python-api/localuser.python.mdx,classify_api_reference_then_migrate_or_defer,needs_review,high,no,,Review legacy JSX/shared/platform/API patterns before batching.,needs-directive-rewrite|needs-table-normalization|needs-anchor-normalization|needs-api-reference-source,not_started,not_started,,,,
docs-api-reference/rtc-server-sdk/python-api/localuserobserver.python.mdx,content/docs/zh-CN/api-reference/rtc-server-sdk/python-api/localuserobserver.python.mdx,classify_api_reference_then_migrate_or_defer,needs_review,high,no,,Review legacy JSX/shared/platform/API patterns before batching.,needs-directive-rewrite|needs-table-normalization|needs-anchor-normalization|needs-api-reference-source,not_started,not_started,,,,
docs-api-reference/rtc-server-sdk/python-api/localvideotrack.python.mdx,content/docs/zh-CN/api-reference/rtc-server-sdk/python-api/localvideotrack.python.mdx,classify_api_reference_then_migrate_or_defer,needs_review,high,no,,Review legacy JSX/shared/platform/API patterns before batching.,needs-directive-rewrite|needs-table-normalization|needs-anchor-normalization|needs-api-reference-source,not_started,not_started,,,,
docs-api-reference/rtc-server-sdk/python-api/medianodefactory.python.mdx,content/docs/zh-CN/api-reference/rtc-server-sdk/python-api/medianodefactory.python.mdx,classify_api_reference_then_migrate_or_defer,needs_review,high,no,,Review legacy JSX/shared/platform/API patterns before batching.,needs-anchor-normalization|needs-api-reference-source,not_started,not_started,,,,
docs-api-reference/rtc-server-sdk/python-api/overview.python.mdx,content/docs/zh-CN/api-reference/rtc-server-sdk/python-api/overview.python.mdx,classify_api_reference_then_migrate_or_defer,needs_review,high,no,,Review legacy JSX/shared/platform/API patterns before batching.,needs-api-reference-source,not_started,not_started,,,,
docs-api-reference/rtc-server-sdk/python-api/rtcconnection.python.mdx,content/docs/zh-CN/api-reference/rtc-server-sdk/python-api/rtcconnection.python.mdx,classify_api_reference_then_migrate_or_defer,needs_review,high,no,,Review legacy JSX/shared/platform/API patterns before batching.,needs-directive-rewrite|needs-table-normalization|needs-anchor-normalization|needs-api-reference-source,not_started,not_started,,,,
docs-api-reference/rtc-server-sdk/python-api/videoencodedimagesender.python.mdx,content/docs/zh-CN/api-reference/rtc-server-sdk/python-api/videoencodedimagesender.python.mdx,classify_api_reference_then_migrate_or_defer,needs_review,high,no,,Review legacy JSX/shared/platform/API patterns before batching.,needs-anchor-normalization|needs-api-reference-source,not_started,not_started,,,,
docs-api-reference/rtc-server-sdk/python-api/videoframesender.python.mdx,content/docs/zh-CN/api-reference/rtc-server-sdk/python-api/videoframesender.python.mdx,classify_api_reference_then_migrate_or_defer,needs_review,high,no,,Review legacy JSX/shared/platform/API patterns before batching.,needs-anchor-normalization|needs-api-reference-source,not_started,not_started,,,,
docs-api-reference/rtc/error-code.mdx,content/docs/zh-CN/api-reference/rtc/error-code.mdx,classify_api_reference_then_migrate_or_defer,needs_review,high,no,,Review legacy JSX/shared/platform/API patterns before batching.,needs-directive-rewrite|needs-include-standardization|needs-platform-expansion|needs-api-reference-source,not_started,not_started,,,,
docs-api-reference/rtc/react-sdk/_components-en.react.mdx,content/docs/zh-CN/api-reference/rtc/react-sdk/_components-en.react.mdx,classify_api_reference_then_migrate_or_defer,needs_review,high,no,,Review legacy JSX/shared/platform/API patterns before batching.,needs-directive-rewrite|needs-anchor-normalization|needs-api-reference-source,not_started,not_started,,,,
docs-api-reference/rtc/react-sdk/_data-types-en.react.mdx,content/docs/zh-CN/api-reference/rtc/react-sdk/_data-types-en.react.mdx,classify_api_reference_then_migrate_or_defer,needs_review,high,no,,Review legacy JSX/shared/platform/API patterns before batching.,needs-directive-rewrite|needs-anchor-normalization|needs-api-reference-source,not_started,not_started,,,,
docs-api-reference/rtc/react-sdk/_hooks-en.react.mdx,content/docs/zh-CN/api-reference/rtc/react-sdk/_hooks-en.react.mdx,classify_api_reference_then_migrate_or_defer,needs_review,high,no,,Review legacy JSX/shared/platform/API patterns before batching.,needs-directive-rewrite|needs-anchor-normalization|needs-api-reference-source,not_started,not_started,,,,
docs-api-reference/rtc/react-sdk/components.react.mdx,content/docs/zh-CN/api-reference/rtc/react-sdk/components.react.mdx,classify_api_reference_then_migrate_or_defer,needs_review,high,no,,Review legacy JSX/shared/platform/API patterns before batching.,needs-directive-rewrite|needs-anchor-normalization|needs-api-reference-source,not_started,not_started,,,,
docs-api-reference/rtc/react-sdk/data-types.react.mdx,content/docs/zh-CN/api-reference/rtc/react-sdk/data-types.react.mdx,classify_api_reference_then_migrate_or_defer,needs_review,high,no,,Review legacy JSX/shared/platform/API patterns before batching.,needs-directive-rewrite|needs-anchor-normalization|needs-api-reference-source,not_started,not_started,,,,
docs-api-reference/rtc/react-sdk/hooks.react.mdx,content/docs/zh-CN/api-reference/rtc/react-sdk/hooks.react.mdx,classify_api_reference_then_migrate_or_defer,needs_review,high,no,,Review legacy JSX/shared/platform/API patterns before batching.,needs-directive-rewrite|needs-anchor-normalization|needs-api-reference-source,not_started,not_started,,,,
docs-api-reference/rtc/react-sdk/overview.react.mdx,content/docs/zh-CN/api-reference/rtc/react-sdk/overview.react.mdx,classify_api_reference_then_migrate_or_defer,needs_review,high,no,,Review legacy JSX/shared/platform/API patterns before batching.,needs-api-reference-source,not_started,not_started,,,,
docs-api-reference/rtm2/_en/_android/_channel-en.android.mdx,content/docs/zh-CN/api-reference/rtm/_en/_android/_channel-en.android.mdx,classify_api_reference_then_migrate_or_defer,needs_review,high,no,,Review legacy JSX/shared/platform/API patterns before batching.,needs-directive-rewrite|needs-include-standardization|needs-anchor-normalization|needs-api-reference-source,not_started,not_started,,,,
docs-api-reference/rtm2/_en/_android/_configuration-en.android.mdx,content/docs/zh-CN/api-reference/rtm/_en/_android/_configuration-en.android.mdx,classify_api_reference_then_migrate_or_defer,needs_review,high,no,,Review legacy JSX/shared/platform/API patterns before batching.,needs-directive-rewrite|needs-include-standardization|needs-anchor-normalization|needs-api-reference-source,not_started,not_started,,,,
docs-api-reference/rtm2/_en/_android/_enumv-en.mdx,content/docs/zh-CN/api-reference/rtm/_en/_android/_enumv-en.mdx,classify_api_reference_then_migrate_or_defer,needs_review,high,no,,Review legacy JSX/shared/platform/API patterns before batching.,needs-directive-rewrite|needs-include-standardization|needs-platform-expansion|needs-anchor-normalization|needs-api-reference-source,not_started,not_started,,,,
docs-api-reference/rtm2/_en/_android/_lock-en.android.mdx,content/docs/zh-CN/api-reference/rtm/_en/_android/_lock-en.android.mdx,classify_api_reference_then_migrate_or_defer,needs_review,high,no,,Review legacy JSX/shared/platform/API patterns before batching.,needs-directive-rewrite|needs-include-standardization|needs-anchor-normalization|needs-api-reference-source,not_started,not_started,,,,
docs-api-reference/rtm2/_en/_android/_message-en.android.mdx,content/docs/zh-CN/api-reference/rtm/_en/_android/_message-en.android.mdx,classify_api_reference_then_migrate_or_defer,needs_review,high,no,,Review legacy JSX/shared/platform/API patterns before batching.,needs-directive-rewrite|needs-include-standardization|needs-anchor-normalization|needs-api-reference-source,not_started,not_started,,,,
docs-api-reference/rtm2/_en/_android/_presence-en.android.mdx,content/docs/zh-CN/api-reference/rtm/_en/_android/_presence-en.android.mdx,classify_api_reference_then_migrate_or_defer,needs_review,high,no,,Review legacy JSX/shared/platform/API patterns before batching.,needs-directive-rewrite|needs-include-standardization|needs-anchor-normalization|needs-api-reference-source,not_started,not_started,,,,
docs-api-reference/rtm2/_en/_android/_storage-en.android.mdx,content/docs/zh-CN/api-reference/rtm/_en/_android/_storage-en.android.mdx,classify_api_reference_then_migrate_or_defer,needs_review,high,no,,Review legacy JSX/shared/platform/API patterns before batching.,needs-directive-rewrite|needs-include-standardization|needs-anchor-normalization|needs-api-reference-source,not_started,not_started,,,,
docs-api-reference/rtm2/_en/_android/_token-en.android.mdx,content/docs/zh-CN/api-reference/rtm/_en/_android/_token-en.android.mdx,classify_api_reference_then_migrate_or_defer,needs_review,high,no,,Review legacy JSX/shared/platform/API patterns before batching.,needs-directive-rewrite|needs-include-standardization|needs-anchor-normalization|needs-api-reference-source,not_started,not_started,,,,
docs-api-reference/rtm2/_en/_android/_topic-en.android.mdx,content/docs/zh-CN/api-reference/rtm/_en/_android/_topic-en.android.mdx,classify_api_reference_then_migrate_or_defer,needs_review,high,no,,Review legacy JSX/shared/platform/API patterns before batching.,needs-directive-rewrite|needs-include-standardization|needs-anchor-normalization|needs-api-reference-source,not_started,not_started,,,,
docs-api-reference/rtm2/_en/_cpp/_channel-en.cpp.mdx,content/docs/zh-CN/api-reference/rtm/_en/_cpp/_channel-en.cpp.mdx,classify_api_reference_then_migrate_or_defer,needs_review,high,no,,Review legacy JSX/shared/platform/API patterns before batching.,needs-directive-rewrite|needs-include-standardization|needs-anchor-normalization|needs-api-reference-source,not_started,not_started,,,,
docs-api-reference/rtm2/_en/_cpp/_configuration-en.cpp.mdx,content/docs/zh-CN/api-reference/rtm/_en/_cpp/_configuration-en.cpp.mdx,classify_api_reference_then_migrate_or_defer,needs_review,high,no,,Review legacy JSX/shared/platform/API patterns before batching.,needs-directive-rewrite|needs-include-standardization|needs-anchor-normalization|needs-api-reference-source,not_started,not_started,,,,
docs-api-reference/rtm2/_en/_cpp/_enumv-en.mdx,content/docs/zh-CN/api-reference/rtm/_en/_cpp/_enumv-en.mdx,classify_api_reference_then_migrate_or_defer,needs_review,high,no,,Review legacy JSX/shared/platform/API patterns before batching.,needs-directive-rewrite|needs-include-standardization|needs-platform-expansion|needs-anchor-normalization|needs-api-reference-source,not_started,not_started,,,,
docs-api-reference/rtm2/_en/_cpp/_lock-en.cpp.mdx,content/docs/zh-CN/api-reference/rtm/_en/_cpp/_lock-en.cpp.mdx,classify_api_reference_then_migrate_or_defer,needs_review,high,no,,Review legacy JSX/shared/platform/API patterns before batching.,needs-directive-rewrite|needs-include-standardization|needs-anchor-normalization|needs-api-reference-source,not_started,not_started,,,,
docs-api-reference/rtm2/_en/_cpp/_message-en.cpp.mdx,content/docs/zh-CN/api-reference/rtm/_en/_cpp/_message-en.cpp.mdx,classify_api_reference_then_migrate_or_defer,needs_review,high,no,,Review legacy JSX/shared/platform/API patterns before batching.,needs-directive-rewrite|needs-include-standardization|needs-anchor-normalization|needs-api-reference-source,not_started,not_started,,,,
docs-api-reference/rtm2/_en/_cpp/_presence-en.cpp.mdx,content/docs/zh-CN/api-reference/rtm/_en/_cpp/_presence-en.cpp.mdx,classify_api_reference_then_migrate_or_defer,needs_review,high,no,,Review legacy JSX/shared/platform/API patterns before batching.,needs-directive-rewrite|needs-include-standardization|needs-anchor-normalization|needs-api-reference-source,not_started,not_started,,,,
docs-api-reference/rtm2/_en/_cpp/_storage-en.cpp.mdx,content/docs/zh-CN/api-reference/rtm/_en/_cpp/_storage-en.cpp.mdx,classify_api_reference_then_migrate_or_defer,needs_review,high,no,,Review legacy JSX/shared/platform/API patterns before batching.,needs-directive-rewrite|needs-include-standardization|needs-anchor-normalization|needs-api-reference-source,not_started,not_started,,,,
docs-api-reference/rtm2/_en/_cpp/_token-en.cpp.mdx,content/docs/zh-CN/api-reference/rtm/_en/_cpp/_token-en.cpp.mdx,classify_api_reference_then_migrate_or_defer,needs_review,high,no,,Review legacy JSX/shared/platform/API patterns before batching.,needs-directive-rewrite|needs-include-standardization|needs-anchor-normalization|needs-api-reference-source,not_started,not_started,,,,
docs-api-reference/rtm2/_en/_cpp/_topic-en.cpp.mdx,content/docs/zh-CN/api-reference/rtm/_en/_cpp/_topic-en.cpp.mdx,classify_api_reference_then_migrate_or_defer,needs_review,high,no,,Review legacy JSX/shared/platform/API patterns before batching.,needs-directive-rewrite|needs-include-standardization|needs-anchor-normalization|needs-api-reference-source,not_started,not_started,,,,
docs-api-reference/rtm2/_en/_flutter/_channel-en.flutter.mdx,content/docs/zh-CN/api-reference/rtm/_en/_flutter/_channel-en.flutter.mdx,classify_api_reference_then_migrate_or_defer,needs_review,high,no,,Review legacy JSX/shared/platform/API patterns before batching.,needs-directive-rewrite|needs-include-standardization|needs-anchor-normalization|needs-api-reference-source,not_started,not_started,,,,
docs-api-reference/rtm2/_en/_flutter/_configuration-en.flutter.mdx,content/docs/zh-CN/api-reference/rtm/_en/_flutter/_configuration-en.flutter.mdx,classify_api_reference_then_migrate_or_defer,needs_review,high,no,,Review legacy JSX/shared/platform/API patterns before batching.,needs-directive-rewrite|needs-include-standardization|needs-anchor-normalization|needs-api-reference-source,not_started,not_started,,,,
docs-api-reference/rtm2/_en/_flutter/_enumv-en.mdx,content/docs/zh-CN/api-reference/rtm/_en/_flutter/_enumv-en.mdx,classify_api_reference_then_migrate_or_defer,needs_review,high,no,,Review legacy JSX/shared/platform/API patterns before batching.,needs-directive-rewrite|needs-include-standardization|needs-platform-expansion|needs-anchor-normalization|needs-api-reference-source,not_started,not_started,,,,
docs-api-reference/rtm2/_en/_flutter/_lock-en.flutter.mdx,content/docs/zh-CN/api-reference/rtm/_en/_flutter/_lock-en.flutter.mdx,classify_api_reference_then_migrate_or_defer,needs_review,high,no,,Review legacy JSX/shared/platform/API patterns before batching.,needs-directive-rewrite|needs-include-standardization|needs-anchor-normalization|needs-api-reference-source,not_started,not_started,,,,
docs-api-reference/rtm2/_en/_flutter/_message-en.flutter.mdx,content/docs/zh-CN/api-reference/rtm/_en/_flutter/_message-en.flutter.mdx,classify_api_reference_then_migrate_or_defer,needs_review,high,no,,Review legacy JSX/shared/platform/API patterns before batching.,needs-directive-rewrite|needs-include-standardization|needs-anchor-normalization|needs-api-reference-source,not_started,not_started,,,,
docs-api-reference/rtm2/_en/_flutter/_presence-en.flutter.mdx,content/docs/zh-CN/api-reference/rtm/_en/_flutter/_presence-en.flutter.mdx,classify_api_reference_then_migrate_or_defer,needs_review,high,no,,Review legacy JSX/shared/platform/API patterns before batching.,needs-directive-rewrite|needs-include-standardization|needs-anchor-normalization|needs-api-reference-source,not_started,not_started,,,,
docs-api-reference/rtm2/_en/_flutter/_storage-en.flutter.mdx,content/docs/zh-CN/api-reference/rtm/_en/_flutter/_storage-en.flutter.mdx,classify_api_reference_then_migrate_or_defer,needs_review,high,no,,Review legacy JSX/shared/platform/API patterns before batching.,needs-directive-rewrite|needs-include-standardization|needs-anchor-normalization|needs-api-reference-source,not_started,not_started,,,,
docs-api-reference/rtm2/_en/_flutter/_token-en.flutter.mdx,content/docs/zh-CN/api-reference/rtm/_en/_flutter/_token-en.flutter.mdx,classify_api_reference_then_migrate_or_defer,needs_review,high,no,,Review legacy JSX/shared/platform/API patterns before batching.,needs-directive-rewrite|needs-include-standardization|needs-anchor-normalization|needs-api-reference-source,not_started,not_started,,,,
docs-api-reference/rtm2/_en/_flutter/_topic-en.flutter.mdx,content/docs/zh-CN/api-reference/rtm/_en/_flutter/_topic-en.flutter.mdx,classify_api_reference_then_migrate_or_defer,needs_review,high,no,,Review legacy JSX/shared/platform/API patterns before batching.,needs-directive-rewrite|needs-include-standardization|needs-anchor-normalization|needs-api-reference-source,not_started,not_started,,,,
docs-api-reference/rtm2/_en/_harmonyos/_channel-en.harmonyos.mdx,content/docs/zh-CN/api-reference/rtm/_en/_harmonyos/_channel-en.harmonyos.mdx,classify_api_reference_then_migrate_or_defer,needs_review,high,no,,Review legacy JSX/shared/platform/API patterns before batching.,needs-directive-rewrite|needs-include-standardization|needs-anchor-normalization|needs-api-reference-source,not_started,not_started,,,,
docs-api-reference/rtm2/_en/_harmonyos/_configuration-en.harmonyos.mdx,content/docs/zh-CN/api-reference/rtm/_en/_harmonyos/_configuration-en.harmonyos.mdx,classify_api_reference_then_migrate_or_defer,needs_review,high,no,,Review legacy JSX/shared/platform/API patterns before batching.,needs-directive-rewrite|needs-include-standardization|needs-anchor-normalization|needs-api-reference-source,not_started,not_started,,,,
docs-api-reference/rtm2/_en/_harmonyos/_enumv-en.mdx,content/docs/zh-CN/api-reference/rtm/_en/_harmonyos/_enumv-en.mdx,classify_api_reference_then_migrate_or_defer,needs_review,high,no,,Review legacy JSX/shared/platform/API patterns before batching.,needs-directive-rewrite|needs-include-standardization|needs-platform-expansion|needs-anchor-normalization|needs-api-reference-source,not_started,not_started,,,,
docs-api-reference/rtm2/_en/_harmonyos/_lock-en.harmonyos.mdx,content/docs/zh-CN/api-reference/rtm/_en/_harmonyos/_lock-en.harmonyos.mdx,classify_api_reference_then_migrate_or_defer,needs_review,high,no,,Review legacy JSX/shared/platform/API patterns before batching.,needs-directive-rewrite|needs-include-standardization|needs-anchor-normalization|needs-api-reference-source,not_started,not_started,,,,
docs-api-reference/rtm2/_en/_harmonyos/_message-en.harmonyos.mdx,content/docs/zh-CN/api-reference/rtm/_en/_harmonyos/_message-en.harmonyos.mdx,classify_api_reference_then_migrate_or_defer,needs_review,high,no,,Review legacy JSX/shared/platform/API patterns before batching.,needs-directive-rewrite|needs-include-standardization|needs-anchor-normalization|needs-api-reference-source,not_started,not_started,,,,
docs-api-reference/rtm2/_en/_harmonyos/_presence-en.harmonyos.mdx,content/docs/zh-CN/api-reference/rtm/_en/_harmonyos/_presence-en.harmonyos.mdx,classify_api_reference_then_migrate_or_defer,needs_review,high,no,,Review legacy JSX/shared/platform/API patterns before batching.,needs-directive-rewrite|needs-include-standardization|needs-anchor-normalization|needs-api-reference-source,not_started,not_started,,,,
docs-api-reference/rtm2/_en/_harmonyos/_storage-en.harmonyos.mdx,content/docs/zh-CN/api-reference/rtm/_en/_harmonyos/_storage-en.harmonyos.mdx,classify_api_reference_then_migrate_or_defer,needs_review,high,no,,Review legacy JSX/shared/platform/API patterns before batching.,needs-directive-rewrite|needs-include-standardization|needs-anchor-normalization|needs-api-reference-source,not_started,not_started,,,,
docs-api-reference/rtm2/_en/_harmonyos/_token-en.harmonyos.mdx,content/docs/zh-CN/api-reference/rtm/_en/_harmonyos/_token-en.harmonyos.mdx,classify_api_reference_then_migrate_or_defer,needs_review,high,no,,Review legacy JSX/shared/platform/API patterns before batching.,needs-directive-rewrite|needs-include-standardization|needs-anchor-normalization|needs-api-reference-source,not_started,not_started,,,,
docs-api-reference/rtm2/_en/_harmonyos/_topic-en.harmonyos.mdx,content/docs/zh-CN/api-reference/rtm/_en/_harmonyos/_topic-en.harmonyos.mdx,classify_api_reference_then_migrate_or_defer,needs_review,high,no,,Review legacy JSX/shared/platform/API patterns before batching.,needs-directive-rewrite|needs-include-standardization|needs-anchor-normalization|needs-api-reference-source,not_started,not_started,,,,
docs-api-reference/rtm2/_en/_ios/_channel-en.ios.mdx,content/docs/zh-CN/api-reference/rtm/_en/_ios/_channel-en.ios.mdx,classify_api_reference_then_migrate_or_defer,needs_review,high,no,,Review legacy JSX/shared/platform/API patterns before batching.,needs-directive-rewrite|needs-include-standardization|needs-anchor-normalization|needs-api-reference-source,not_started,not_started,,,,
docs-api-reference/rtm2/_en/_ios/_configuration-en.ios.mdx,content/docs/zh-CN/api-reference/rtm/_en/_ios/_configuration-en.ios.mdx,classify_api_reference_then_migrate_or_defer,needs_review,high,no,,Review legacy JSX/shared/platform/API patterns before batching.,needs-directive-rewrite|needs-include-standardization|needs-anchor-normalization|needs-api-reference-source,not_started,not_started,,,,
docs-api-reference/rtm2/_en/_ios/_enumv-en.mdx,content/docs/zh-CN/api-reference/rtm/_en/_ios/_enumv-en.mdx,classify_api_reference_then_migrate_or_defer,needs_review,high,no,,Review legacy JSX/shared/platform/API patterns before batching.,needs-directive-rewrite|needs-include-standardization|needs-platform-expansion|needs-anchor-normalization|needs-api-reference-source,not_started,not_started,,,,
docs-api-reference/rtm2/_en/_ios/_lock-en.ios.mdx,content/docs/zh-CN/api-reference/rtm/_en/_ios/_lock-en.ios.mdx,classify_api_reference_then_migrate_or_defer,needs_review,high,no,,Review legacy JSX/shared/platform/API patterns before batching.,needs-directive-rewrite|needs-include-standardization|needs-anchor-normalization|needs-api-reference-source,not_started,not_started,,,,
docs-api-reference/rtm2/_en/_ios/_message-en.ios.mdx,content/docs/zh-CN/api-reference/rtm/_en/_ios/_message-en.ios.mdx,classify_api_reference_then_migrate_or_defer,needs_review,high,no,,Review legacy JSX/shared/platform/API patterns before batching.,needs-directive-rewrite|needs-include-standardization|needs-anchor-normalization|needs-api-reference-source,not_started,not_started,,,,
docs-api-reference/rtm2/_en/_ios/_presence-en.ios.mdx,content/docs/zh-CN/api-reference/rtm/_en/_ios/_presence-en.ios.mdx,classify_api_reference_then_migrate_or_defer,needs_review,high,no,,Review legacy JSX/shared/platform/API patterns before batching.,needs-directive-rewrite|needs-include-standardization|needs-anchor-normalization|needs-api-reference-source,not_started,not_started,,,,
docs-api-reference/rtm2/_en/_ios/_storage-en.ios.mdx,content/docs/zh-CN/api-reference/rtm/_en/_ios/_storage-en.ios.mdx,classify_api_reference_then_migrate_or_defer,needs_review,high,no,,Review legacy JSX/shared/platform/API patterns before batching.,needs-directive-rewrite|needs-include-standardization|needs-anchor-normalization|needs-api-reference-source,not_started,not_started,,,,
docs-api-reference/rtm2/_en/_ios/_token-en.ios.mdx,content/docs/zh-CN/api-reference/rtm/_en/_ios/_token-en.ios.mdx,classify_api_reference_then_migrate_or_defer,needs_review,high,no,,Review legacy JSX/shared/platform/API patterns before batching.,needs-directive-rewrite|needs-include-standardization|needs-anchor-normalization|needs-api-reference-source,not_started,not_started,,,,
docs-api-reference/rtm2/_en/_ios/_topic-en.ios.mdx,content/docs/zh-CN/api-reference/rtm/_en/_ios/_topic-en.ios.mdx,classify_api_reference_then_migrate_or_defer,needs_review,high,no,,Review legacy JSX/shared/platform/API patterns before batching.,needs-directive-rewrite|needs-include-standardization|needs-anchor-normalization|needs-api-reference-source,not_started,not_started,,,,
docs-api-reference/rtm2/_en/_javascript/_channel-en.javascript.mdx,content/docs/zh-CN/api-reference/rtm/_en/_javascript/_channel-en.javascript.mdx,classify_api_reference_then_migrate_or_defer,needs_review,high,no,,Review legacy JSX/shared/platform/API patterns before batching.,needs-directive-rewrite|needs-include-standardization|needs-anchor-normalization|needs-api-reference-source,not_started,not_started,,,,
docs-api-reference/rtm2/_en/_javascript/_configuration-en.javascript.mdx,content/docs/zh-CN/api-reference/rtm/_en/_javascript/_configuration-en.javascript.mdx,classify_api_reference_then_migrate_or_defer,needs_review,high,no,,Review legacy JSX/shared/platform/API patterns before batching.,needs-directive-rewrite|needs-include-standardization|needs-anchor-normalization|needs-api-reference-source,not_started,not_started,,,,
docs-api-reference/rtm2/_en/_javascript/_enumv-en.mdx,content/docs/zh-CN/api-reference/rtm/_en/_javascript/_enumv-en.mdx,classify_api_reference_then_migrate_or_defer,needs_review,high,no,,Review legacy JSX/shared/platform/API patterns before batching.,needs-directive-rewrite|needs-include-standardization|needs-anchor-normalization|needs-api-reference-source,not_started,not_started,,,,
docs-api-reference/rtm2/_en/_javascript/_lock-en.javascript.mdx,content/docs/zh-CN/api-reference/rtm/_en/_javascript/_lock-en.javascript.mdx,classify_api_reference_then_migrate_or_defer,needs_review,high,no,,Review legacy JSX/shared/platform/API patterns before batching.,needs-directive-rewrite|needs-include-standardization|needs-anchor-normalization|needs-api-reference-source,not_started,not_started,,,,
docs-api-reference/rtm2/_en/_javascript/_message-en.javascript.mdx,content/docs/zh-CN/api-reference/rtm/_en/_javascript/_message-en.javascript.mdx,classify_api_reference_then_migrate_or_defer,needs_review,high,no,,Review legacy JSX/shared/platform/API patterns before batching.,needs-directive-rewrite|needs-include-standardization|needs-anchor-normalization|needs-api-reference-source,not_started,not_started,,,,
docs-api-reference/rtm2/_en/_javascript/_presence-en.javascript.mdx,content/docs/zh-CN/api-reference/rtm/_en/_javascript/_presence-en.javascript.mdx,classify_api_reference_then_migrate_or_defer,needs_review,high,no,,Review legacy JSX/shared/platform/API patterns before batching.,needs-directive-rewrite|needs-include-standardization|needs-anchor-normalization|needs-api-reference-source,not_started,not_started,,,,
docs-api-reference/rtm2/_en/_javascript/_storage-en.javascript.mdx,content/docs/zh-CN/api-reference/rtm/_en/_javascript/_storage-en.javascript.mdx,classify_api_reference_then_migrate_or_defer,needs_review,high,no,,Review legacy JSX/shared/platform/API patterns before batching.,needs-directive-rewrite|needs-include-standardization|needs-anchor-normalization|needs-api-reference-source,not_started,not_started,,,,
docs-api-reference/rtm2/_en/_javascript/_token-en.javascript.mdx,content/docs/zh-CN/api-reference/rtm/_en/_javascript/_token-en.javascript.mdx,classify_api_reference_then_migrate_or_defer,needs_review,high,no,,Review legacy JSX/shared/platform/API patterns before batching.,needs-directive-rewrite|needs-include-standardization|needs-anchor-normalization|needs-api-reference-source,not_started,not_started,,,,
docs-api-reference/rtm2/_en/_javascript/_topic-en.javascript.mdx,content/docs/zh-CN/api-reference/rtm/_en/_javascript/_topic-en.javascript.mdx,classify_api_reference_then_migrate_or_defer,needs_review,high,no,,Review legacy JSX/shared/platform/API patterns before batching.,needs-directive-rewrite|needs-include-standardization|needs-anchor-normalization|needs-api-reference-source,not_started,not_started,,,,
docs-api-reference/rtm2/_en/_rn/channel.mdx,content/docs/zh-CN/api-reference/rtm/_en/_rn/channel.mdx,classify_api_reference_then_migrate_or_defer,needs_review,high,no,,Review legacy JSX/shared/platform/API patterns before batching.,needs-directive-rewrite|needs-include-standardization|needs-table-normalization|needs-anchor-normalization|needs-api-reference-source,not_started,not_started,,,,
docs-api-reference/rtm2/_en/_rn/components-hooks.mdx,content/docs/zh-CN/api-reference/rtm/_en/_rn/components-hooks.mdx,classify_api_reference_then_migrate_or_defer,needs_review,high,no,,Review legacy JSX/shared/platform/API patterns before batching.,needs-api-reference-source,not_started,not_started,,,,
docs-api-reference/rtm2/_en/_rn/configuration.mdx,content/docs/zh-CN/api-reference/rtm/_en/_rn/configuration.mdx,classify_api_reference_then_migrate_or_defer,needs_review,high,no,,Review legacy JSX/shared/platform/API patterns before batching.,needs-directive-rewrite|needs-include-standardization|needs-table-normalization|needs-anchor-normalization|needs-api-reference-source,not_started,not_started,,,,
docs-api-reference/rtm2/_en/_rn/enumv.mdx,content/docs/zh-CN/api-reference/rtm/_en/_rn/enumv.mdx,classify_api_reference_then_migrate_or_defer,needs_review,high,no,,Review legacy JSX/shared/platform/API patterns before batching.,needs-directive-rewrite|needs-anchor-normalization|needs-api-reference-source,not_started,not_started,,,,
docs-api-reference/rtm2/_en/_rn/error-codes.mdx,content/docs/zh-CN/api-reference/rtm/_en/_rn/error-codes.mdx,classify_api_reference_then_migrate_or_defer,needs_review,high,no,,Review legacy JSX/shared/platform/API patterns before batching.,needs-directive-rewrite|needs-table-normalization|needs-api-reference-source,not_started,not_started,,,,
docs-api-reference/rtm2/_en/_rn/lock.mdx,content/docs/zh-CN/api-reference/rtm/_en/_rn/lock.mdx,classify_api_reference_then_migrate_or_defer,needs_review,high,no,,Review legacy JSX/shared/platform/API patterns before batching.,needs-directive-rewrite|needs-include-standardization|needs-anchor-normalization|needs-api-reference-source,not_started,not_started,,,,
docs-api-reference/rtm2/_en/_rn/message.mdx,content/docs/zh-CN/api-reference/rtm/_en/_rn/message.mdx,classify_api_reference_then_migrate_or_defer,needs_review,high,no,,Review legacy JSX/shared/platform/API patterns before batching.,needs-directive-rewrite|needs-include-standardization|needs-table-normalization|needs-anchor-normalization|needs-api-reference-source,not_started,not_started,,,,
docs-api-reference/rtm2/_en/_rn/presence.mdx,content/docs/zh-CN/api-reference/rtm/_en/_rn/presence.mdx,classify_api_reference_then_migrate_or_defer,needs_review,high,no,,Review legacy JSX/shared/platform/API patterns before batching.,needs-directive-rewrite|needs-include-standardization|needs-anchor-normalization|needs-api-reference-source,not_started,not_started,,,,
docs-api-reference/rtm2/_en/_rn/storage.mdx,content/docs/zh-CN/api-reference/rtm/_en/_rn/storage.mdx,classify_api_reference_then_migrate_or_defer,needs_review,high,no,,Review legacy JSX/shared/platform/API patterns before batching.,needs-directive-rewrite|needs-include-standardization|needs-table-normalization|needs-anchor-normalization|needs-api-reference-source,not_started,not_started,,,,
docs-api-reference/rtm2/_en/_rn/token.mdx,content/docs/zh-CN/api-reference/rtm/_en/_rn/token.mdx,classify_api_reference_then_migrate_or_defer,needs_review,high,no,,Review legacy JSX/shared/platform/API patterns before batching.,needs-directive-rewrite|needs-include-standardization|needs-anchor-normalization|needs-api-reference-source,not_started,not_started,,,,
docs-api-reference/rtm2/_en/_rn/topic.mdx,content/docs/zh-CN/api-reference/rtm/_en/_rn/topic.mdx,classify_api_reference_then_migrate_or_defer,needs_review,high,no,,Review legacy JSX/shared/platform/API patterns before batching.,needs-directive-rewrite|needs-include-standardization|needs-anchor-normalization|needs-api-reference-source,not_started,not_started,,,,
docs-api-reference/rtm2/_en/_swift/_channel-en.swift.mdx,content/docs/zh-CN/api-reference/rtm/_en/_swift/_channel-en.swift.mdx,classify_api_reference_then_migrate_or_defer,needs_review,high,no,,Review legacy JSX/shared/platform/API patterns before batching.,needs-directive-rewrite|needs-include-standardization|needs-anchor-normalization|needs-api-reference-source,not_started,not_started,,,,
docs-api-reference/rtm2/_en/_swift/_configuration-en.swift.mdx,content/docs/zh-CN/api-reference/rtm/_en/_swift/_configuration-en.swift.mdx,classify_api_reference_then_migrate_or_defer,needs_review,high,no,,Review legacy JSX/shared/platform/API patterns before batching.,needs-directive-rewrite|needs-include-standardization|needs-anchor-normalization|needs-api-reference-source,not_started,not_started,,,,
docs-api-reference/rtm2/_en/_swift/_enumv-en.swift.mdx,content/docs/zh-CN/api-reference/rtm/_en/_swift/_enumv-en.swift.mdx,classify_api_reference_then_migrate_or_defer,needs_review,high,no,,Review legacy JSX/shared/platform/API patterns before batching.,needs-directive-rewrite|needs-include-standardization|needs-anchor-normalization|needs-api-reference-source,not_started,not_started,,,,
docs-api-reference/rtm2/_en/_swift/_lock-en.swift.mdx,content/docs/zh-CN/api-reference/rtm/_en/_swift/_lock-en.swift.mdx,classify_api_reference_then_migrate_or_defer,needs_review,high,no,,Review legacy JSX/shared/platform/API patterns before batching.,needs-directive-rewrite|needs-include-standardization|needs-anchor-normalization|needs-api-reference-source,not_started,not_started,,,,
docs-api-reference/rtm2/_en/_swift/_message-en.swift.mdx,content/docs/zh-CN/api-reference/rtm/_en/_swift/_message-en.swift.mdx,classify_api_reference_then_migrate_or_defer,needs_review,high,no,,Review legacy JSX/shared/platform/API patterns before batching.,needs-directive-rewrite|needs-include-standardization|needs-anchor-normalization|needs-api-reference-source,not_started,not_started,,,,
docs-api-reference/rtm2/_en/_swift/_presence-en.swift.mdx,content/docs/zh-CN/api-reference/rtm/_en/_swift/_presence-en.swift.mdx,classify_api_reference_then_migrate_or_defer,needs_review,high,no,,Review legacy JSX/shared/platform/API patterns before batching.,needs-directive-rewrite|needs-include-standardization|needs-anchor-normalization|needs-api-reference-source,not_started,not_started,,,,
docs-api-reference/rtm2/_en/_swift/_storage-en.swift.mdx,content/docs/zh-CN/api-reference/rtm/_en/_swift/_storage-en.swift.mdx,classify_api_reference_then_migrate_or_defer,needs_review,high,no,,Review legacy JSX/shared/platform/API patterns before batching.,needs-directive-rewrite|needs-include-standardization|needs-anchor-normalization|needs-api-reference-source,not_started,not_started,,,,
docs-api-reference/rtm2/_en/_swift/_token-en.swift.mdx,content/docs/zh-CN/api-reference/rtm/_en/_swift/_token-en.swift.mdx,classify_api_reference_then_migrate_or_defer,needs_review,high,no,,Review legacy JSX/shared/platform/API patterns before batching.,needs-directive-rewrite|needs-include-standardization|needs-anchor-normalization|needs-api-reference-source,not_started,not_started,,,,
docs-api-reference/rtm2/_en/_swift/_topic-en.swift.mdx,content/docs/zh-CN/api-reference/rtm/_en/_swift/_topic-en.swift.mdx,classify_api_reference_then_migrate_or_defer,needs_review,high,no,,Review legacy JSX/shared/platform/API patterns before batching.,needs-directive-rewrite|needs-include-standardization|needs-anchor-normalization|needs-api-reference-source,not_started,not_started,,,,
docs-api-reference/rtm2/_en/_unity/_channel-en.unity.mdx,content/docs/zh-CN/api-reference/rtm/_en/_unity/_channel-en.unity.mdx,classify_api_reference_then_migrate_or_defer,needs_review,high,no,,Review legacy JSX/shared/platform/API patterns before batching.,needs-directive-rewrite|needs-include-standardization|needs-anchor-normalization|needs-api-reference-source,not_started,not_started,,,,
docs-api-reference/rtm2/_en/_unity/_configuration-en.unity.mdx,content/docs/zh-CN/api-reference/rtm/_en/_unity/_configuration-en.unity.mdx,classify_api_reference_then_migrate_or_defer,needs_review,high,no,,Review legacy JSX/shared/platform/API patterns before batching.,needs-directive-rewrite|needs-include-standardization|needs-anchor-normalization|needs-api-reference-source,not_started,not_started,,,,
docs-api-reference/rtm2/_en/_unity/_enumv-en.mdx,content/docs/zh-CN/api-reference/rtm/_en/_unity/_enumv-en.mdx,classify_api_reference_then_migrate_or_defer,needs_review,high,no,,Review legacy JSX/shared/platform/API patterns before batching.,needs-directive-rewrite|needs-include-standardization|needs-platform-expansion|needs-anchor-normalization|needs-api-reference-source,not_started,not_started,,,,
docs-api-reference/rtm2/_en/_unity/_lock-en.unity.mdx,content/docs/zh-CN/api-reference/rtm/_en/_unity/_lock-en.unity.mdx,classify_api_reference_then_migrate_or_defer,needs_review,high,no,,Review legacy JSX/shared/platform/API patterns before batching.,needs-directive-rewrite|needs-include-standardization|needs-anchor-normalization|needs-api-reference-source,not_started,not_started,,,,
docs-api-reference/rtm2/_en/_unity/_message-en.unity.mdx,content/docs/zh-CN/api-reference/rtm/_en/_unity/_message-en.unity.mdx,classify_api_reference_then_migrate_or_defer,needs_review,high,no,,Review legacy JSX/shared/platform/API patterns before batching.,needs-directive-rewrite|needs-include-standardization|needs-anchor-normalization|needs-api-reference-source,not_started,not_started,,,,
docs-api-reference/rtm2/_en/_unity/_presence-en.unity.mdx,content/docs/zh-CN/api-reference/rtm/_en/_unity/_presence-en.unity.mdx,classify_api_reference_then_migrate_or_defer,needs_review,high,no,,Review legacy JSX/shared/platform/API patterns before batching.,needs-directive-rewrite|needs-include-standardization|needs-anchor-normalization|needs-api-reference-source,not_started,not_started,,,,
docs-api-reference/rtm2/_en/_unity/_storage-en.unity.mdx,content/docs/zh-CN/api-reference/rtm/_en/_unity/_storage-en.unity.mdx,classify_api_reference_then_migrate_or_defer,needs_review,high,no,,Review legacy JSX/shared/platform/API patterns before batching.,needs-directive-rewrite|needs-include-standardization|needs-anchor-normalization|needs-api-reference-source,not_started,not_started,,,,
docs-api-reference/rtm2/_en/_unity/_topic-en.unity.mdx,content/docs/zh-CN/api-reference/rtm/_en/_unity/_topic-en.unity.mdx,classify_api_reference_then_migrate_or_defer,needs_review,high,no,,Review legacy JSX/shared/platform/API patterns before batching.,needs-directive-rewrite|needs-include-standardization|needs-anchor-normalization|needs-api-reference-source,not_started,not_started,,,,
docs-api-reference/rtm2/components-hooks.rn.mdx,content/docs/zh-CN/api-reference/rtm/components-hooks.rn.mdx,classify_api_reference_then_migrate_or_defer,needs_review,high,no,,Review legacy JSX/shared/platform/API patterns before batching.,needs-api-reference-source,not_started,not_started,,,,
docs-api-reference/rtm2/enumv.android.ios.cpp.flutter.swift.harmonyos.mdx,content/docs/zh-CN/api-reference/rtm/enumv.android.ios.cpp.flutter.swift.harmonyos.mdx,classify_api_reference_then_migrate_or_defer,needs_review,high,no,,Review legacy JSX/shared/platform/API patterns before batching.,needs-directive-rewrite|needs-include-standardization|needs-platform-expansion|needs-table-normalization|needs-anchor-normalization|needs-api-reference-source,not_started,not_started,,,,
docs-api-reference/rtm2/enumv.javascript.mdx,content/docs/zh-CN/api-reference/rtm/enumv.javascript.mdx,classify_api_reference_then_migrate_or_defer,needs_review,high,no,,Review legacy JSX/shared/platform/API patterns before batching.,needs-directive-rewrite|needs-include-standardization|needs-anchor-normalization|needs-api-reference-source,not_started,not_started,,,,
docs-api-reference/rtm2/enumv.rn.mdx,content/docs/zh-CN/api-reference/rtm/enumv.rn.mdx,classify_api_reference_then_migrate_or_defer,needs_review,high,no,,Review legacy JSX/shared/platform/API patterns before batching.,needs-directive-rewrite|needs-anchor-normalization|needs-api-reference-source,not_started,not_started,,,,
docs-api-reference/rtm2/enumv.unity.mdx,content/docs/zh-CN/api-reference/rtm/enumv.unity.mdx,classify_api_reference_then_migrate_or_defer,needs_review,high,no,,Review legacy JSX/shared/platform/API patterns before batching.,needs-directive-rewrite|needs-include-standardization|needs-anchor-normalization|needs-api-reference-source,not_started,not_started,,,,
docs-api-reference/rtm2/error-codes.rn.mdx,content/docs/zh-CN/api-reference/rtm/error-codes.rn.mdx,classify_api_reference_then_migrate_or_defer,needs_review,high,no,,Review legacy JSX/shared/platform/API patterns before batching.,needs-directive-rewrite|needs-table-normalization|needs-api-reference-source,not_started,not_started,,,,
docs-api-reference/rtm2/toc-channel/channel.android.mdx,content/docs/zh-CN/api-reference/rtm/toc-channel/channel.android.mdx,classify_api_reference_then_migrate_or_defer,needs_review,high,no,,Review legacy JSX/shared/platform/API patterns before batching.,needs-directive-rewrite|needs-include-standardization|needs-table-normalization|needs-anchor-normalization|needs-api-reference-source,not_started,not_started,,,,
docs-api-reference/rtm2/toc-channel/channel.cpp.mdx,content/docs/zh-CN/api-reference/rtm/toc-channel/channel.cpp.mdx,classify_api_reference_then_migrate_or_defer,needs_review,high,no,,Review legacy JSX/shared/platform/API patterns before batching.,needs-directive-rewrite|needs-include-standardization|needs-table-normalization|needs-anchor-normalization|needs-api-reference-source,not_started,not_started,,,,
docs-api-reference/rtm2/toc-channel/channel.flutter.mdx,content/docs/zh-CN/api-reference/rtm/toc-channel/channel.flutter.mdx,classify_api_reference_then_migrate_or_defer,needs_review,high,no,,Review legacy JSX/shared/platform/API patterns before batching.,needs-directive-rewrite|needs-include-standardization|needs-table-normalization|needs-anchor-normalization|needs-api-reference-source,not_started,not_started,,,,
docs-api-reference/rtm2/toc-channel/channel.harmonyos.mdx,content/docs/zh-CN/api-reference/rtm/toc-channel/channel.harmonyos.mdx,classify_api_reference_then_migrate_or_defer,needs_review,high,no,,Review legacy JSX/shared/platform/API patterns before batching.,needs-directive-rewrite|needs-include-standardization|needs-table-normalization|needs-anchor-normalization|needs-api-reference-source,not_started,not_started,,,,
docs-api-reference/rtm2/toc-channel/channel.ios.mdx,content/docs/zh-CN/api-reference/rtm/toc-channel/channel.ios.mdx,classify_api_reference_then_migrate_or_defer,needs_review,high,no,,Review legacy JSX/shared/platform/API patterns before batching.,needs-directive-rewrite|needs-include-standardization|needs-table-normalization|needs-anchor-normalization|needs-api-reference-source,not_started,not_started,,,,
docs-api-reference/rtm2/toc-channel/channel.javascript.mdx,content/docs/zh-CN/api-reference/rtm/toc-channel/channel.javascript.mdx,classify_api_reference_then_migrate_or_defer,needs_review,high,no,,Review legacy JSX/shared/platform/API patterns before batching.,needs-directive-rewrite|needs-include-standardization|needs-table-normalization|needs-anchor-normalization|needs-api-reference-source,not_started,not_started,,,,
docs-api-reference/rtm2/toc-channel/channel.rn.mdx,content/docs/zh-CN/api-reference/rtm/toc-channel/channel.rn.mdx,classify_api_reference_then_migrate_or_defer,needs_review,high,no,,Review legacy JSX/shared/platform/API patterns before batching.,needs-directive-rewrite|needs-include-standardization|needs-table-normalization|needs-anchor-normalization|needs-api-reference-source,not_started,not_started,,,,
docs-api-reference/rtm2/toc-channel/channel.swift.mdx,content/docs/zh-CN/api-reference/rtm/toc-channel/channel.swift.mdx,classify_api_reference_then_migrate_or_defer,needs_review,high,no,,Review legacy JSX/shared/platform/API patterns before batching.,needs-directive-rewrite|needs-include-standardization|needs-table-normalization|needs-anchor-normalization|needs-api-reference-source,not_started,not_started,,,,
docs-api-reference/rtm2/toc-channel/channel.unity.mdx,content/docs/zh-CN/api-reference/rtm/toc-channel/channel.unity.mdx,classify_api_reference_then_migrate_or_defer,needs_review,high,no,,Review legacy JSX/shared/platform/API patterns before batching.,needs-directive-rewrite|needs-include-standardization|needs-table-normalization|needs-anchor-normalization|needs-api-reference-source,not_started,not_started,,,,
docs-api-reference/rtm2/toc-configuration/configuration.android.mdx,content/docs/zh-CN/api-reference/rtm/toc-configuration/configuration.android.mdx,classify_api_reference_then_migrate_or_defer,needs_review,high,no,,Review legacy JSX/shared/platform/API patterns before batching.,needs-directive-rewrite|needs-include-standardization|needs-table-normalization|needs-anchor-normalization|needs-api-reference-source,not_started,not_started,,,,
docs-api-reference/rtm2/toc-configuration/configuration.cpp.mdx,content/docs/zh-CN/api-reference/rtm/toc-configuration/configuration.cpp.mdx,classify_api_reference_then_migrate_or_defer,needs_review,high,no,,Review legacy JSX/shared/platform/API patterns before batching.,needs-directive-rewrite|needs-include-standardization|needs-table-normalization|needs-anchor-normalization|needs-api-reference-source,not_started,not_started,,,,
docs-api-reference/rtm2/toc-configuration/configuration.flutter.mdx,content/docs/zh-CN/api-reference/rtm/toc-configuration/configuration.flutter.mdx,classify_api_reference_then_migrate_or_defer,needs_review,high,no,,Review legacy JSX/shared/platform/API patterns before batching.,needs-directive-rewrite|needs-include-standardization|needs-table-normalization|needs-anchor-normalization|needs-api-reference-source,not_started,not_started,,,,
docs-api-reference/rtm2/toc-configuration/configuration.harmonyos.mdx,content/docs/zh-CN/api-reference/rtm/toc-configuration/configuration.harmonyos.mdx,classify_api_reference_then_migrate_or_defer,needs_review,high,no,,Review legacy JSX/shared/platform/API patterns before batching.,needs-directive-rewrite|needs-include-standardization|needs-table-normalization|needs-anchor-normalization|needs-api-reference-source,not_started,not_started,,,,
docs-api-reference/rtm2/toc-configuration/configuration.ios.mdx,content/docs/zh-CN/api-reference/rtm/toc-configuration/configuration.ios.mdx,classify_api_reference_then_migrate_or_defer,needs_review,high,no,,Review legacy JSX/shared/platform/API patterns before batching.,needs-directive-rewrite|needs-include-standardization|needs-table-normalization|needs-anchor-normalization|needs-api-reference-source,not_started,not_started,,,,
docs-api-reference/rtm2/toc-configuration/configuration.javascript.mdx,content/docs/zh-CN/api-reference/rtm/toc-configuration/configuration.javascript.mdx,classify_api_reference_then_migrate_or_defer,needs_review,high,no,,Review legacy JSX/shared/platform/API patterns before batching.,needs-directive-rewrite|needs-include-standardization|needs-table-normalization|needs-anchor-normalization|needs-api-reference-source,not_started,not_started,,,,
docs-api-reference/rtm2/toc-configuration/configuration.rn.mdx,content/docs/zh-CN/api-reference/rtm/toc-configuration/configuration.rn.mdx,classify_api_reference_then_migrate_or_defer,needs_review,high,no,,Review legacy JSX/shared/platform/API patterns before batching.,needs-directive-rewrite|needs-include-standardization|needs-table-normalization|needs-anchor-normalization|needs-api-reference-source,not_started,not_started,,,,
docs-api-reference/rtm2/toc-configuration/configuration.swift.mdx,content/docs/zh-CN/api-reference/rtm/toc-configuration/configuration.swift.mdx,classify_api_reference_then_migrate_or_defer,needs_review,high,no,,Review legacy JSX/shared/platform/API patterns before batching.,needs-directive-rewrite|needs-include-standardization|needs-table-normalization|needs-anchor-normalization|needs-api-reference-source,not_started,not_started,,,,
docs-api-reference/rtm2/toc-configuration/configuration.unity.mdx,content/docs/zh-CN/api-reference/rtm/toc-configuration/configuration.unity.mdx,classify_api_reference_then_migrate_or_defer,needs_review,high,no,,Review legacy JSX/shared/platform/API patterns before batching.,needs-directive-rewrite|needs-include-standardization|needs-table-normalization|needs-anchor-normalization|needs-api-reference-source,not_started,not_started,,,,
docs-api-reference/rtm2/toc-lock/lock.android.mdx,content/docs/zh-CN/api-reference/rtm/toc-lock/lock.android.mdx,classify_api_reference_then_migrate_or_defer,needs_review,high,no,,Review legacy JSX/shared/platform/API patterns before batching.,needs-directive-rewrite|needs-include-standardization|needs-table-normalization|needs-anchor-normalization|needs-api-reference-source,not_started,not_started,,,,
docs-api-reference/rtm2/toc-lock/lock.cpp.mdx,content/docs/zh-CN/api-reference/rtm/toc-lock/lock.cpp.mdx,classify_api_reference_then_migrate_or_defer,needs_review,high,no,,Review legacy JSX/shared/platform/API patterns before batching.,needs-directive-rewrite|needs-include-standardization|needs-table-normalization|needs-anchor-normalization|needs-api-reference-source,not_started,not_started,,,,
docs-api-reference/rtm2/toc-lock/lock.flutter.mdx,content/docs/zh-CN/api-reference/rtm/toc-lock/lock.flutter.mdx,classify_api_reference_then_migrate_or_defer,needs_review,high,no,,Review legacy JSX/shared/platform/API patterns before batching.,needs-directive-rewrite|needs-include-standardization|needs-table-normalization|needs-anchor-normalization|needs-api-reference-source,not_started,not_started,,,,
docs-api-reference/rtm2/toc-lock/lock.harmonyos.mdx,content/docs/zh-CN/api-reference/rtm/toc-lock/lock.harmonyos.mdx,classify_api_reference_then_migrate_or_defer,needs_review,high,no,,Review legacy JSX/shared/platform/API patterns before batching.,needs-directive-rewrite|needs-include-standardization|needs-table-normalization|needs-anchor-normalization|needs-api-reference-source,not_started,not_started,,,,
docs-api-reference/rtm2/toc-lock/lock.ios.mdx,content/docs/zh-CN/api-reference/rtm/toc-lock/lock.ios.mdx,classify_api_reference_then_migrate_or_defer,needs_review,high,no,,Review legacy JSX/shared/platform/API patterns before batching.,needs-directive-rewrite|needs-include-standardization|needs-table-normalization|needs-anchor-normalization|needs-api-reference-source,not_started,not_started,,,,
docs-api-reference/rtm2/toc-lock/lock.javascript.mdx,content/docs/zh-CN/api-reference/rtm/toc-lock/lock.javascript.mdx,classify_api_reference_then_migrate_or_defer,needs_review,high,no,,Review legacy JSX/shared/platform/API patterns before batching.,needs-directive-rewrite|needs-include-standardization|needs-anchor-normalization|needs-api-reference-source,not_started,not_started,,,,
docs-api-reference/rtm2/toc-lock/lock.rn.mdx,content/docs/zh-CN/api-reference/rtm/toc-lock/lock.rn.mdx,classify_api_reference_then_migrate_or_defer,needs_review,high,no,,Review legacy JSX/shared/platform/API patterns before batching.,needs-directive-rewrite|needs-include-standardization|needs-anchor-normalization|needs-api-reference-source,not_started,not_started,,,,
docs-api-reference/rtm2/toc-lock/lock.swift.mdx,content/docs/zh-CN/api-reference/rtm/toc-lock/lock.swift.mdx,classify_api_reference_then_migrate_or_defer,needs_review,high,no,,Review legacy JSX/shared/platform/API patterns before batching.,needs-directive-rewrite|needs-include-standardization|needs-table-normalization|needs-anchor-normalization|needs-api-reference-source,not_started,not_started,,,,
docs-api-reference/rtm2/toc-lock/lock.unity.mdx,content/docs/zh-CN/api-reference/rtm/toc-lock/lock.unity.mdx,classify_api_reference_then_migrate_or_defer,needs_review,high,no,,Review legacy JSX/shared/platform/API patterns before batching.,needs-directive-rewrite|needs-include-standardization|needs-anchor-normalization|needs-api-reference-source,not_started,not_started,,,,
docs-api-reference/rtm2/toc-message/message.android.mdx,content/docs/zh-CN/api-reference/rtm/toc-message/message.android.mdx,classify_api_reference_then_migrate_or_defer,needs_review,high,no,,Review legacy JSX/shared/platform/API patterns before batching.,needs-directive-rewrite|needs-include-standardization|needs-table-normalization|needs-anchor-normalization|needs-api-reference-source,not_started,not_started,,,,
docs-api-reference/rtm2/toc-message/message.cpp.mdx,content/docs/zh-CN/api-reference/rtm/toc-message/message.cpp.mdx,classify_api_reference_then_migrate_or_defer,needs_review,high,no,,Review legacy JSX/shared/platform/API patterns before batching.,needs-directive-rewrite|needs-include-standardization|needs-table-normalization|needs-anchor-normalization|needs-api-reference-source,not_started,not_started,,,,
docs-api-reference/rtm2/toc-message/message.flutter.mdx,content/docs/zh-CN/api-reference/rtm/toc-message/message.flutter.mdx,classify_api_reference_then_migrate_or_defer,needs_review,high,no,,Review legacy JSX/shared/platform/API patterns before batching.,needs-directive-rewrite|needs-include-standardization|needs-table-normalization|needs-anchor-normalization|needs-api-reference-source,not_started,not_started,,,,
docs-api-reference/rtm2/toc-message/message.harmonyos.mdx,content/docs/zh-CN/api-reference/rtm/toc-message/message.harmonyos.mdx,classify_api_reference_then_migrate_or_defer,needs_review,high,no,,Review legacy JSX/shared/platform/API patterns before batching.,needs-directive-rewrite|needs-include-standardization|needs-table-normalization|needs-anchor-normalization|needs-api-reference-source,not_started,not_started,,,,
docs-api-reference/rtm2/toc-message/message.ios.mdx,content/docs/zh-CN/api-reference/rtm/toc-message/message.ios.mdx,classify_api_reference_then_migrate_or_defer,needs_review,high,no,,Review legacy JSX/shared/platform/API patterns before batching.,needs-directive-rewrite|needs-include-standardization|needs-table-normalization|needs-anchor-normalization|needs-api-reference-source,not_started,not_started,,,,
docs-api-reference/rtm2/toc-message/message.javascript.mdx,content/docs/zh-CN/api-reference/rtm/toc-message/message.javascript.mdx,classify_api_reference_then_migrate_or_defer,needs_review,high,no,,Review legacy JSX/shared/platform/API patterns before batching.,needs-directive-rewrite|needs-include-standardization|needs-table-normalization|needs-anchor-normalization|needs-api-reference-source,not_started,not_started,,,,
docs-api-reference/rtm2/toc-message/message.rn.mdx,content/docs/zh-CN/api-reference/rtm/toc-message/message.rn.mdx,classify_api_reference_then_migrate_or_defer,needs_review,high,no,,Review legacy JSX/shared/platform/API patterns before batching.,needs-directive-rewrite|needs-include-standardization|needs-table-normalization|needs-anchor-normalization|needs-api-reference-source,not_started,not_started,,,,
docs-api-reference/rtm2/toc-message/message.swift.mdx,content/docs/zh-CN/api-reference/rtm/toc-message/message.swift.mdx,classify_api_reference_then_migrate_or_defer,needs_review,high,no,,Review legacy JSX/shared/platform/API patterns before batching.,needs-directive-rewrite|needs-include-standardization|needs-table-normalization|needs-anchor-normalization|needs-api-reference-source,not_started,not_started,,,,
docs-api-reference/rtm2/toc-message/message.unity.mdx,content/docs/zh-CN/api-reference/rtm/toc-message/message.unity.mdx,classify_api_reference_then_migrate_or_defer,needs_review,high,no,,Review legacy JSX/shared/platform/API patterns before batching.,needs-directive-rewrite|needs-include-standardization|needs-anchor-normalization|needs-api-reference-source,not_started,not_started,,,,
docs-api-reference/rtm2/toc-message/publish.restful.mdx,content/docs/zh-CN/api-reference/rtm/toc-message/publish.restful.mdx,classify_api_reference_then_migrate_or_defer,needs_review,high,no,,Review legacy JSX/shared/platform/API patterns before batching.,needs-directive-rewrite|needs-include-standardization|needs-table-normalization|needs-api-reference-source,not_started,not_started,,,,
docs-api-reference/rtm2/toc-message/receive.restful.mdx,content/docs/zh-CN/api-reference/rtm/toc-message/receive.restful.mdx,classify_api_reference_then_migrate_or_defer,needs_review,high,no,,Review legacy JSX/shared/platform/API patterns before batching.,needs-directive-rewrite|needs-include-standardization|needs-table-normalization|needs-api-reference-source,not_started,not_started,,,,
docs-api-reference/rtm2/toc-message/response-code.restful.mdx,content/docs/zh-CN/api-reference/rtm/toc-message/response-code.restful.mdx,classify_api_reference_then_migrate_or_defer,needs_review,high,no,,Review legacy JSX/shared/platform/API patterns before batching.,needs-directive-rewrite|needs-table-normalization|needs-api-reference-source,not_started,not_started,,,,
docs-api-reference/rtm2/toc-presence/presence.android.mdx,content/docs/zh-CN/api-reference/rtm/toc-presence/presence.android.mdx,classify_api_reference_then_migrate_or_defer,needs_review,high,no,,Review legacy JSX/shared/platform/API patterns before batching.,needs-directive-rewrite|needs-include-standardization|needs-table-normalization|needs-anchor-normalization|needs-api-reference-source,not_started,not_started,,,,
docs-api-reference/rtm2/toc-presence/presence.cpp.mdx,content/docs/zh-CN/api-reference/rtm/toc-presence/presence.cpp.mdx,classify_api_reference_then_migrate_or_defer,needs_review,high,no,,Review legacy JSX/shared/platform/API patterns before batching.,needs-directive-rewrite|needs-include-standardization|needs-table-normalization|needs-anchor-normalization|needs-api-reference-source,not_started,not_started,,,,
docs-api-reference/rtm2/toc-presence/presence.flutter.mdx,content/docs/zh-CN/api-reference/rtm/toc-presence/presence.flutter.mdx,classify_api_reference_then_migrate_or_defer,needs_review,high,no,,Review legacy JSX/shared/platform/API patterns before batching.,needs-directive-rewrite|needs-include-standardization|needs-table-normalization|needs-anchor-normalization|needs-api-reference-source,not_started,not_started,,,,
docs-api-reference/rtm2/toc-presence/presence.harmonyos.mdx,content/docs/zh-CN/api-reference/rtm/toc-presence/presence.harmonyos.mdx,classify_api_reference_then_migrate_or_defer,needs_review,high,no,,Review legacy JSX/shared/platform/API patterns before batching.,needs-directive-rewrite|needs-include-standardization|needs-table-normalization|needs-anchor-normalization|needs-api-reference-source,not_started,not_started,,,,
docs-api-reference/rtm2/toc-presence/presence.ios.mdx,content/docs/zh-CN/api-reference/rtm/toc-presence/presence.ios.mdx,classify_api_reference_then_migrate_or_defer,needs_review,high,no,,Review legacy JSX/shared/platform/API patterns before batching.,needs-directive-rewrite|needs-include-standardization|needs-table-normalization|needs-anchor-normalization|needs-api-reference-source,not_started,not_started,,,,
docs-api-reference/rtm2/toc-presence/presence.javascript.mdx,content/docs/zh-CN/api-reference/rtm/toc-presence/presence.javascript.mdx,classify_api_reference_then_migrate_or_defer,needs_review,high,no,,Review legacy JSX/shared/platform/API patterns before batching.,needs-directive-rewrite|needs-include-standardization|needs-anchor-normalization|needs-api-reference-source,not_started,not_started,,,,
docs-api-reference/rtm2/toc-presence/presence.rn.mdx,content/docs/zh-CN/api-reference/rtm/toc-presence/presence.rn.mdx,classify_api_reference_then_migrate_or_defer,needs_review,high,no,,Review legacy JSX/shared/platform/API patterns before batching.,needs-directive-rewrite|needs-include-standardization|needs-anchor-normalization|needs-api-reference-source,not_started,not_started,,,,
docs-api-reference/rtm2/toc-presence/presence.swift.mdx,content/docs/zh-CN/api-reference/rtm/toc-presence/presence.swift.mdx,classify_api_reference_then_migrate_or_defer,needs_review,high,no,,Review legacy JSX/shared/platform/API patterns before batching.,needs-directive-rewrite|needs-include-standardization|needs-table-normalization|needs-anchor-normalization|needs-api-reference-source,not_started,not_started,,,,
docs-api-reference/rtm2/toc-presence/presence.unity.mdx,content/docs/zh-CN/api-reference/rtm/toc-presence/presence.unity.mdx,classify_api_reference_then_migrate_or_defer,needs_review,high,no,,Review legacy JSX/shared/platform/API patterns before batching.,needs-directive-rewrite|needs-include-standardization|needs-table-normalization|needs-anchor-normalization|needs-api-reference-source,not_started,not_started,,,,
docs-api-reference/rtm2/toc-storage/storage.android.mdx,content/docs/zh-CN/api-reference/rtm/toc-storage/storage.android.mdx,classify_api_reference_then_migrate_or_defer,needs_review,high,no,,Review legacy JSX/shared/platform/API patterns before batching.,needs-directive-rewrite|needs-include-standardization|needs-table-normalization|needs-anchor-normalization|needs-api-reference-source,not_started,not_started,,,,
docs-api-reference/rtm2/toc-storage/storage.cpp.mdx,content/docs/zh-CN/api-reference/rtm/toc-storage/storage.cpp.mdx,classify_api_reference_then_migrate_or_defer,needs_review,high,no,,Review legacy JSX/shared/platform/API patterns before batching.,needs-directive-rewrite|needs-include-standardization|needs-table-normalization|needs-anchor-normalization|needs-api-reference-source,not_started,not_started,,,,
docs-api-reference/rtm2/toc-storage/storage.flutter.mdx,content/docs/zh-CN/api-reference/rtm/toc-storage/storage.flutter.mdx,classify_api_reference_then_migrate_or_defer,needs_review,high,no,,Review legacy JSX/shared/platform/API patterns before batching.,needs-directive-rewrite|needs-include-standardization|needs-table-normalization|needs-anchor-normalization|needs-api-reference-source,not_started,not_started,,,,
docs-api-reference/rtm2/toc-storage/storage.harmonyos.mdx,content/docs/zh-CN/api-reference/rtm/toc-storage/storage.harmonyos.mdx,classify_api_reference_then_migrate_or_defer,needs_review,high,no,,Review legacy JSX/shared/platform/API patterns before batching.,needs-directive-rewrite|needs-include-standardization|needs-table-normalization|needs-anchor-normalization|needs-api-reference-source,not_started,not_started,,,,
docs-api-reference/rtm2/toc-storage/storage.ios.mdx,content/docs/zh-CN/api-reference/rtm/toc-storage/storage.ios.mdx,classify_api_reference_then_migrate_or_defer,needs_review,high,no,,Review legacy JSX/shared/platform/API patterns before batching.,needs-directive-rewrite|needs-include-standardization|needs-table-normalization|needs-anchor-normalization|needs-api-reference-source,not_started,not_started,,,,
docs-api-reference/rtm2/toc-storage/storage.javascript.mdx,content/docs/zh-CN/api-reference/rtm/toc-storage/storage.javascript.mdx,classify_api_reference_then_migrate_or_defer,needs_review,high,no,,Review legacy JSX/shared/platform/API patterns before batching.,needs-directive-rewrite|needs-include-standardization|needs-table-normalization|needs-anchor-normalization|needs-api-reference-source,not_started,not_started,,,,
docs-api-reference/rtm2/toc-storage/storage.rn.mdx,content/docs/zh-CN/api-reference/rtm/toc-storage/storage.rn.mdx,classify_api_reference_then_migrate_or_defer,needs_review,high,no,,Review legacy JSX/shared/platform/API patterns before batching.,needs-directive-rewrite|needs-include-standardization|needs-table-normalization|needs-anchor-normalization|needs-api-reference-source,not_started,not_started,,,,
docs-api-reference/rtm2/toc-storage/storage.swift.mdx,content/docs/zh-CN/api-reference/rtm/toc-storage/storage.swift.mdx,classify_api_reference_then_migrate_or_defer,needs_review,high,no,,Review legacy JSX/shared/platform/API patterns before batching.,needs-directive-rewrite|needs-include-standardization|needs-table-normalization|needs-anchor-normalization|needs-api-reference-source,not_started,not_started,,,,
docs-api-reference/rtm2/toc-storage/storage.unity.mdx,content/docs/zh-CN/api-reference/rtm/toc-storage/storage.unity.mdx,classify_api_reference_then_migrate_or_defer,needs_review,high,no,,Review legacy JSX/shared/platform/API patterns before batching.,needs-directive-rewrite|needs-include-standardization|needs-table-normalization|needs-anchor-normalization|needs-api-reference-source,not_started,not_started,,,,
docs-api-reference/rtm2/toc-token/token.android.mdx,content/docs/zh-CN/api-reference/rtm/toc-token/token.android.mdx,classify_api_reference_then_migrate_or_defer,needs_review,high,no,,Review legacy JSX/shared/platform/API patterns before batching.,needs-directive-rewrite|needs-include-standardization|needs-table-normalization|needs-anchor-normalization|needs-api-reference-source,not_started,not_started,,,,
docs-api-reference/rtm2/toc-token/token.cpp.mdx,content/docs/zh-CN/api-reference/rtm/toc-token/token.cpp.mdx,classify_api_reference_then_migrate_or_defer,needs_review,high,no,,Review legacy JSX/shared/platform/API patterns before batching.,needs-directive-rewrite|needs-include-standardization|needs-table-normalization|needs-anchor-normalization|needs-api-reference-source,not_started,not_started,,,,
docs-api-reference/rtm2/toc-token/token.flutter.mdx,content/docs/zh-CN/api-reference/rtm/toc-token/token.flutter.mdx,classify_api_reference_then_migrate_or_defer,needs_review,high,no,,Review legacy JSX/shared/platform/API patterns before batching.,needs-directive-rewrite|needs-include-standardization|needs-table-normalization|needs-anchor-normalization|needs-api-reference-source,not_started,not_started,,,,
docs-api-reference/rtm2/toc-token/token.harmonyos.mdx,content/docs/zh-CN/api-reference/rtm/toc-token/token.harmonyos.mdx,classify_api_reference_then_migrate_or_defer,needs_review,high,no,,Review legacy JSX/shared/platform/API patterns before batching.,needs-directive-rewrite|needs-include-standardization|needs-table-normalization|needs-anchor-normalization|needs-api-reference-source,not_started,not_started,,,,
docs-api-reference/rtm2/toc-token/token.ios.mdx,content/docs/zh-CN/api-reference/rtm/toc-token/token.ios.mdx,classify_api_reference_then_migrate_or_defer,needs_review,high,no,,Review legacy JSX/shared/platform/API patterns before batching.,needs-directive-rewrite|needs-include-standardization|needs-table-normalization|needs-anchor-normalization|needs-api-reference-source,not_started,not_started,,,,
docs-api-reference/rtm2/toc-token/token.javascript.mdx,content/docs/zh-CN/api-reference/rtm/toc-token/token.javascript.mdx,classify_api_reference_then_migrate_or_defer,needs_review,high,no,,Review legacy JSX/shared/platform/API patterns before batching.,needs-directive-rewrite|needs-include-standardization|needs-anchor-normalization|needs-api-reference-source,not_started,not_started,,,,
docs-api-reference/rtm2/toc-token/token.rn.mdx,content/docs/zh-CN/api-reference/rtm/toc-token/token.rn.mdx,classify_api_reference_then_migrate_or_defer,needs_review,high,no,,Review legacy JSX/shared/platform/API patterns before batching.,needs-directive-rewrite|needs-include-standardization|needs-anchor-normalization|needs-api-reference-source,not_started,not_started,,,,
docs-api-reference/rtm2/toc-token/token.swift.mdx,content/docs/zh-CN/api-reference/rtm/toc-token/token.swift.mdx,classify_api_reference_then_migrate_or_defer,needs_review,high,no,,Review legacy JSX/shared/platform/API patterns before batching.,needs-directive-rewrite|needs-include-standardization|needs-table-normalization|needs-anchor-normalization|needs-api-reference-source,not_started,not_started,,,,
docs-api-reference/rtm2/toc-token/token.unity.mdx,content/docs/zh-CN/api-reference/rtm/toc-token/token.unity.mdx,classify_api_reference_then_migrate_or_defer,needs_review,high,no,,Review legacy JSX/shared/platform/API patterns before batching.,needs-directive-rewrite|needs-include-standardization|needs-table-normalization|needs-anchor-normalization|needs-api-reference-source,not_started,not_started,,,,
docs-api-reference/rtm2/toc-topic/topic.android.mdx,content/docs/zh-CN/api-reference/rtm/toc-topic/topic.android.mdx,classify_api_reference_then_migrate_or_defer,needs_review,high,no,,Review legacy JSX/shared/platform/API patterns before batching.,needs-directive-rewrite|needs-include-standardization|needs-table-normalization|needs-anchor-normalization|needs-api-reference-source,not_started,not_started,,,,
docs-api-reference/rtm2/toc-topic/topic.cpp.mdx,content/docs/zh-CN/api-reference/rtm/toc-topic/topic.cpp.mdx,classify_api_reference_then_migrate_or_defer,needs_review,high,no,,Review legacy JSX/shared/platform/API patterns before batching.,needs-directive-rewrite|needs-include-standardization|needs-table-normalization|needs-anchor-normalization|needs-api-reference-source,not_started,not_started,,,,
docs-api-reference/rtm2/toc-topic/topic.flutter.mdx,content/docs/zh-CN/api-reference/rtm/toc-topic/topic.flutter.mdx,classify_api_reference_then_migrate_or_defer,needs_review,high,no,,Review legacy JSX/shared/platform/API patterns before batching.,needs-directive-rewrite|needs-include-standardization|needs-table-normalization|needs-anchor-normalization|needs-api-reference-source,not_started,not_started,,,,
docs-api-reference/rtm2/toc-topic/topic.harmonyos.mdx,content/docs/zh-CN/api-reference/rtm/toc-topic/topic.harmonyos.mdx,classify_api_reference_then_migrate_or_defer,needs_review,high,no,,Review legacy JSX/shared/platform/API patterns before batching.,needs-directive-rewrite|needs-include-standardization|needs-table-normalization|needs-anchor-normalization|needs-api-reference-source,not_started,not_started,,,,
docs-api-reference/rtm2/toc-topic/topic.ios.mdx,content/docs/zh-CN/api-reference/rtm/toc-topic/topic.ios.mdx,classify_api_reference_then_migrate_or_defer,needs_review,high,no,,Review legacy JSX/shared/platform/API patterns before batching.,needs-directive-rewrite|needs-include-standardization|needs-table-normalization|needs-anchor-normalization|needs-api-reference-source,not_started,not_started,,,,
docs-api-reference/rtm2/toc-topic/topic.javascript.mdx,content/docs/zh-CN/api-reference/rtm/toc-topic/topic.javascript.mdx,classify_api_reference_then_migrate_or_defer,needs_review,high,no,,Review legacy JSX/shared/platform/API patterns before batching.,needs-directive-rewrite|needs-include-standardization|needs-anchor-normalization|needs-api-reference-source,not_started,not_started,,,,
docs-api-reference/rtm2/toc-topic/topic.rn.mdx,content/docs/zh-CN/api-reference/rtm/toc-topic/topic.rn.mdx,classify_api_reference_then_migrate_or_defer,needs_review,high,no,,Review legacy JSX/shared/platform/API patterns before batching.,needs-directive-rewrite|needs-include-standardization|needs-anchor-normalization|needs-api-reference-source,not_started,not_started,,,,
docs-api-reference/rtm2/toc-topic/topic.swift.mdx,content/docs/zh-CN/api-reference/rtm/toc-topic/topic.swift.mdx,classify_api_reference_then_migrate_or_defer,needs_review,high,no,,Review legacy JSX/shared/platform/API patterns before batching.,needs-directive-rewrite|needs-include-standardization|needs-table-normalization|needs-anchor-normalization|needs-api-reference-source,not_started,not_started,,,,
docs-api-reference/rtm2/toc-topic/topic.unity.mdx,content/docs/zh-CN/api-reference/rtm/toc-topic/topic.unity.mdx,classify_api_reference_then_migrate_or_defer,needs_review,high,no,,Review legacy JSX/shared/platform/API patterns before batching.,needs-directive-rewrite|needs-include-standardization|needs-anchor-normalization|needs-api-reference-source,not_started,not_started,,,,
docs-api-reference/rtsa/test.mdx,content/docs/zh-CN/api-reference/rtsa/test.mdx,classify_api_reference_then_migrate_or_defer,needs_review,high,no,,Review legacy JSX/shared/platform/API patterns before batching.,needs-api-reference-source,not_started,not_started,,,,
docs-api-reference/shared/cloud-transcoder/common-payload.mdx,content/docs/zh-CN/_shared/cloud-transcoder/common-payload.mdx,audit_shared_dependency_then_include_or_inline,needs_review,medium,partial,,Decide include location and whether to inline or keep reusable shared file.,shared-inventory|depth:0,not_started,not_started,,,,
docs-api-reference/shared/flexible-classroom/_character-set.mdx,content/docs/zh-CN/_shared/flexible-classroom/_character-set.mdx,audit_shared_dependency_then_include_or_inline,needs_review,medium,partial,,Decide include location and whether to inline or keep reusable shared file.,shared-inventory|depth:0,not_started,not_started,,,,
docs-api-reference/shared/iot-apaas/base.mdx,content/docs/zh-CN/_shared/iot-apaas/base.mdx,audit_shared_dependency_then_include_or_inline,needs_review,medium,partial,,Decide include location and whether to inline or keep reusable shared file.,shared-inventory|depth:0,not_started,not_started,,,,
docs-api-reference/shared/iot-apaas/config.mdx,content/docs/zh-CN/_shared/iot-apaas/config.mdx,audit_shared_dependency_then_include_or_inline,needs_review,medium,partial,,Decide include location and whether to inline or keep reusable shared file.,shared-inventory|depth:0,not_started,not_started,,,,
docs-api-reference/shared/iot-apaas/device-manager.mdx,content/docs/zh-CN/_shared/iot-apaas/device-manager.mdx,audit_shared_dependency_then_include_or_inline,needs_review,medium,partial,,Decide include location and whether to inline or keep reusable shared file.,shared-inventory|depth:0,not_started,not_started,,,,
docs-api-reference/shared/iot-apaas/make-call.mdx,content/docs/zh-CN/_shared/iot-apaas/make-call.mdx,audit_shared_dependency_then_include_or_inline,needs_review,medium,partial,,Decide include location and whether to inline or keep reusable shared file.,shared-inventory|depth:0,not_started,not_started,,,,
docs-api-reference/shared/meeting/add-observer.mdx,content/docs/zh-CN/_shared/meeting/add-observer.mdx,audit_shared_dependency_then_include_or_inline,needs_review,medium,partial,,Decide include location and whether to inline or keep reusable shared file.,shared-inventory|depth:0,not_started,not_started,,,,
docs-api-reference/shared/meeting/exit-reason.mdx,content/docs/zh-CN/_shared/meeting/exit-reason.mdx,audit_shared_dependency_then_include_or_inline,needs_review,medium,partial,,Decide include location and whether to inline or keep reusable shared file.,shared-inventory|depth:0,not_started,not_started,,,,
docs-api-reference/shared/meeting/init.mdx,content/docs/zh-CN/_shared/meeting/init.mdx,audit_shared_dependency_then_include_or_inline,needs_review,medium,partial,,Decide include location and whether to inline or keep reusable shared file.,shared-inventory|depth:0,not_started,not_started,,,,
docs-api-reference/shared/meeting/on-launch-cancel.mdx,content/docs/zh-CN/_shared/meeting/on-launch-cancel.mdx,audit_shared_dependency_then_include_or_inline,needs_review,medium,partial,,Decide include location and whether to inline or keep reusable shared file.,shared-inventory|depth:0,not_started,not_started,,,,
docs-api-reference/shared/meeting/on-launch-failure.mdx,content/docs/zh-CN/_shared/meeting/on-launch-failure.mdx,audit_shared_dependency_then_include_or_inline,needs_review,medium,partial,,Decide include location and whether to inline or keep reusable shared file.,shared-inventory|depth:0,not_started,not_started,,,,
docs-api-reference/shared/meeting/on-launch-success.mdx,content/docs/zh-CN/_shared/meeting/on-launch-success.mdx,audit_shared_dependency_then_include_or_inline,needs_review,medium,partial,,Decide include location and whether to inline or keep reusable shared file.,shared-inventory|depth:0,not_started,not_started,,,,
docs-api-reference/shared/meeting/remove-observer.mdx,content/docs/zh-CN/_shared/meeting/remove-observer.mdx,audit_shared_dependency_then_include_or_inline,needs_review,medium,partial,,Decide include location and whether to inline or keep reusable shared file.,shared-inventory|depth:0,not_started,not_started,,,,
docs-api-reference/shared/meeting/scene-config.mdx,content/docs/zh-CN/_shared/meeting/scene-config.mdx,audit_shared_dependency_then_include_or_inline,needs_review,medium,partial,,Decide include location and whether to inline or keep reusable shared file.,shared-inventory|depth:0,not_started,not_started,,,,
docs-api-reference/shared/meeting/scene-creator-config.mdx,content/docs/zh-CN/_shared/meeting/scene-creator-config.mdx,audit_shared_dependency_then_include_or_inline,needs_review,medium,partial,,Decide include location and whether to inline or keep reusable shared file.,shared-inventory|depth:0,not_started,not_started,,,,
docs-api-reference/shared/meeting/ui-resource.mdx,content/docs/zh-CN/_shared/meeting/ui-resource.mdx,audit_shared_dependency_then_include_or_inline,needs_review,medium,partial,,Decide include location and whether to inline or keep reusable shared file.,shared-inventory|depth:0,not_started,not_started,,,,
docs-api-reference/shared/meeting/user-role.mdx,content/docs/zh-CN/_shared/meeting/user-role.mdx,audit_shared_dependency_then_include_or_inline,needs_review,medium,partial,,Decide include location and whether to inline or keep reusable shared file.,shared-inventory|depth:0,not_started,not_started,,,,
docs-api-reference/shared/rtc/template.mdx,content/docs/zh-CN/_shared/rtc/template.mdx,audit_shared_dependency_then_include_or_inline,needs_review,medium,partial,,Decide include location and whether to inline or keep reusable shared file.,shared-inventory|depth:0,not_started,not_started,,,,
docs-api-reference/shared/rtc/var.mdx,content/docs/zh-CN/_shared/rtc/var.mdx,audit_shared_dependency_then_include_or_inline,needs_review,medium,partial,,Decide include location and whether to inline or keep reusable shared file.,shared-inventory|depth:0,not_started,not_started,,,,
docs-basics/glossary.mdx,content/docs/zh-CN/introduction/glossary.mdx,migrate_page_after_syntax_and_ia_review,blocked,medium,partial,"Basics pages may merge into introduction, best-practices, or product reference; confirm IA before migration.",Confirm target IA and migration strategy for docs-basics/glossary.mdx.,needs-directive-rewrite|needs-anchor-normalization,not_started,not_started,,,,
docs-basics/security/_iso-certificate.mdx,content/docs/zh-CN/introduction/security/_iso-certificate.mdx,migrate_page_after_syntax_and_ia_review,blocked,low,yes,"Basics pages may merge into introduction, best-practices, or product reference; confirm IA before migration.",Confirm target IA and migration strategy for docs-basics/security/_iso-certificate.mdx.,ready-native,not_started,not_started,,,,
docs-basics/security/_rtsa-sdk.mdx,content/docs/zh-CN/introduction/security/_rtsa-sdk.mdx,migrate_page_after_syntax_and_ia_review,blocked,medium,partial,"Basics pages may merge into introduction, best-practices, or product reference; confirm IA before migration.",Confirm target IA and migration strategy for docs-basics/security/_rtsa-sdk.mdx.,needs-directive-rewrite|needs-include-standardization|needs-table-normalization,not_started,not_started,,,,
docs-basics/security/best-practice.mdx,content/docs/zh-CN/introduction/security/best-practice.mdx,migrate_page_after_syntax_and_ia_review,blocked,high,no,"Basics pages may merge into introduction, best-practices, or product reference; confirm IA before migration.",Confirm target IA and migration strategy for docs-basics/security/best-practice.mdx.,needs-directive-rewrite|needs-image-standard|needs-landing-page-normalization,not_started,not_started,,,,
docs-basics/security/fastboard-sdk.mdx,content/docs/zh-CN/introduction/security/fastboard-sdk.mdx,migrate_page_after_syntax_and_ia_review,blocked,medium,partial,"Basics pages may merge into introduction, best-practices, or product reference; confirm IA before migration.",Confirm target IA and migration strategy for docs-basics/security/fastboard-sdk.mdx.,needs-directive-rewrite|needs-include-standardization|needs-table-normalization|needs-image-standard,not_started,not_started,,,,
docs-basics/security/flexible-classroom-sdk-third-party.mdx,content/docs/zh-CN/introduction/security/flexible-classroom-sdk-third-party.mdx,migrate_page_after_syntax_and_ia_review,blocked,medium,partial,"Basics pages may merge into introduction, best-practices, or product reference; confirm IA before migration.",Confirm target IA and migration strategy for docs-basics/security/flexible-classroom-sdk-third-party.mdx.,needs-directive-rewrite|needs-table-normalization,not_started,not_started,,,,
docs-basics/security/flexible-classroom-sdk.mdx,content/docs/zh-CN/introduction/security/flexible-classroom-sdk.mdx,migrate_page_after_syntax_and_ia_review,blocked,medium,partial,"Basics pages may merge into introduction, best-practices, or product reference; confirm IA before migration.",Confirm target IA and migration strategy for docs-basics/security/flexible-classroom-sdk.mdx.,needs-directive-rewrite|needs-include-standardization|needs-table-normalization|needs-image-standard,not_started,not_started,,,,
docs-basics/security/information.mdx,content/docs/zh-CN/introduction/security/information.mdx,migrate_page_after_syntax_and_ia_review,blocked,medium,partial,"Basics pages may merge into introduction, best-practices, or product reference; confirm IA before migration.",Confirm target IA and migration strategy for docs-basics/security/information.mdx.,needs-directive-rewrite|needs-image-standard,not_started,not_started,,,,
docs-basics/security/privacy.mdx,content/docs/zh-CN/introduction/security/privacy.mdx,migrate_page_after_syntax_and_ia_review,blocked,medium,partial,"Basics pages may merge into introduction, best-practices, or product reference; confirm IA before migration.",Confirm target IA and migration strategy for docs-basics/security/privacy.mdx.,needs-directive-rewrite|needs-image-standard,not_started,not_started,,,,
docs-basics/security/speech-to-text-third-party.mdx,content/docs/zh-CN/introduction/security/speech-to-text-third-party.mdx,migrate_page_after_syntax_and_ia_review,blocked,medium,partial,"Basics pages may merge into introduction, best-practices, or product reference; confirm IA before migration.",Confirm target IA and migration strategy for docs-basics/security/speech-to-text-third-party.mdx.,needs-directive-rewrite|needs-table-normalization,not_started,not_started,,,,
docs-basics/security/video-sdk.mdx,content/docs/zh-CN/introduction/security/video-sdk.mdx,migrate_page_after_syntax_and_ia_review,blocked,medium,partial,"Basics pages may merge into introduction, best-practices, or product reference; confirm IA before migration.",Confirm target IA and migration strategy for docs-basics/security/video-sdk.mdx.,needs-directive-rewrite|needs-include-standardization|needs-table-normalization|needs-image-standard,not_started,not_started,,,,
docs-basics/security/voice-sdk.mdx,content/docs/zh-CN/introduction/security/voice-sdk.mdx,migrate_page_after_syntax_and_ia_review,blocked,medium,partial,"Basics pages may merge into introduction, best-practices, or product reference; confirm IA before migration.",Confirm target IA and migration strategy for docs-basics/security/voice-sdk.mdx.,needs-directive-rewrite|needs-include-standardization|needs-table-normalization|needs-image-standard,not_started,not_started,,,,
docs-basics/security/whiteboard-sdk.mdx,content/docs/zh-CN/introduction/security/whiteboard-sdk.mdx,migrate_page_after_syntax_and_ia_review,blocked,medium,partial,"Basics pages may merge into introduction, best-practices, or product reference; confirm IA before migration.",Confirm target IA and migration strategy for docs-basics/security/whiteboard-sdk.mdx.,needs-directive-rewrite|needs-include-standardization|needs-table-normalization|needs-image-standard,not_started,not_started,,,,
docs-basics/security/whitepaper.mdx,content/docs/zh-CN/introduction/security/whitepaper.mdx,migrate_page_after_syntax_and_ia_review,blocked,medium,partial,"Basics pages may merge into introduction, best-practices, or product reference; confirm IA before migration.",Confirm target IA and migration strategy for docs-basics/security/whitepaper.mdx.,needs-directive-rewrite|needs-image-standard|needs-anchor-normalization,not_started,not_started,,,,
docs-faq/adjust-music-volume.mdx,content/docs/zh-CN/api-reference/faq/adjust-music-volume.mdx,migrate_page_after_syntax_and_ia_review,blocked,low,yes,"FAQ taxonomy is not present as a stable zh-CN target tree; decide whether FAQs migrate, merge into product docs, or archive.",Confirm target IA and migration strategy for docs-faq/adjust-music-volume.mdx.,ready-native,not_started,not_started,,,,
docs-faq/allow-haptics.mdx,content/docs/zh-CN/api-reference/faq/allow-haptics.mdx,migrate_page_after_syntax_and_ia_review,blocked,low,yes,"FAQ taxonomy is not present as a stable zh-CN target tree; decide whether FAQs migrate, merge into product docs, or archive.",Confirm target IA and migration strategy for docs-faq/allow-haptics.mdx.,ready-native,not_started,not_started,,,,
docs-faq/android-background.mdx,content/docs/zh-CN/api-reference/faq/android-background.mdx,migrate_page_after_syntax_and_ia_review,blocked,low,yes,"FAQ taxonomy is not present as a stable zh-CN target tree; decide whether FAQs migrate, merge into product docs, or archive.",Confirm target IA and migration strategy for docs-faq/android-background.mdx.,ready-native,not_started,not_started,,,,
docs-faq/android-noaudio.mdx,content/docs/zh-CN/api-reference/faq/android-noaudio.mdx,migrate_page_after_syntax_and_ia_review,blocked,low,yes,"FAQ taxonomy is not present as a stable zh-CN target tree; decide whether FAQs migrate, merge into product docs, or archive.",Confirm target IA and migration strategy for docs-faq/android-noaudio.mdx.,ready-native,not_started,not_started,,,,
docs-faq/app-exit.mdx,content/docs/zh-CN/api-reference/faq/app-exit.mdx,migrate_page_after_syntax_and_ia_review,blocked,medium,partial,"FAQ taxonomy is not present as a stable zh-CN target tree; decide whether FAQs migrate, merge into product docs, or archive.",Confirm target IA and migration strategy for docs-faq/app-exit.mdx.,needs-directive-rewrite,not_started,not_started,,,,
docs-faq/appid-to-token.mdx,content/docs/zh-CN/api-reference/faq/appid-to-token.mdx,migrate_page_after_syntax_and_ia_review,blocked,medium,partial,"FAQ taxonomy is not present as a stable zh-CN target tree; decide whether FAQs migrate, merge into product docs, or archive.",Confirm target IA and migration strategy for docs-faq/appid-to-token.mdx.,needs-directive-rewrite,not_started,not_started,,,,
docs-faq/arch-error.mdx,content/docs/zh-CN/api-reference/faq/arch-error.mdx,migrate_page_after_syntax_and_ia_review,blocked,low,yes,"FAQ taxonomy is not present as a stable zh-CN target tree; decide whether FAQs migrate, merge into product docs, or archive.",Confirm target IA and migration strategy for docs-faq/arch-error.mdx.,ready-native,not_started,not_started,,,,
docs-faq/audience-event.mdx,content/docs/zh-CN/api-reference/faq/audience-event.mdx,migrate_page_after_syntax_and_ia_review,blocked,low,yes,"FAQ taxonomy is not present as a stable zh-CN target tree; decide whether FAQs migrate, merge into product docs, or archive.",Confirm target IA and migration strategy for docs-faq/audience-event.mdx.,ready-native,not_started,not_started,,,,
docs-faq/audio_change.mdx,content/docs/zh-CN/api-reference/faq/audio_change.mdx,migrate_page_after_syntax_and_ia_review,blocked,low,yes,"FAQ taxonomy is not present as a stable zh-CN target tree; decide whether FAQs migrate, merge into product docs, or archive.",Confirm target IA and migration strategy for docs-faq/audio_change.mdx.,ready-native,not_started,not_started,,,,
docs-faq/audio-format.mdx,content/docs/zh-CN/api-reference/faq/audio-format.mdx,migrate_page_after_syntax_and_ia_review,blocked,medium,partial,"FAQ taxonomy is not present as a stable zh-CN target tree; decide whether FAQs migrate, merge into product docs, or archive.",Confirm target IA and migration strategy for docs-faq/audio-format.mdx.,needs-directive-rewrite|needs-anchor-normalization,not_started,not_started,,,,
docs-faq/audio-freeze.mdx,content/docs/zh-CN/api-reference/faq/audio-freeze.mdx,migrate_page_after_syntax_and_ia_review,blocked,medium,partial,"FAQ taxonomy is not present as a stable zh-CN target tree; decide whether FAQs migrate, merge into product docs, or archive.",Confirm target IA and migration strategy for docs-faq/audio-freeze.mdx.,needs-directive-rewrite|needs-table-normalization,not_started,not_started,,,,
docs-faq/audio-low.mdx,content/docs/zh-CN/api-reference/faq/audio-low.mdx,migrate_page_after_syntax_and_ia_review,blocked,low,yes,"FAQ taxonomy is not present as a stable zh-CN target tree; decide whether FAQs migrate, merge into product docs, or archive.",Confirm target IA and migration strategy for docs-faq/audio-low.mdx.,ready-native,not_started,not_started,,,,
docs-faq/audio-noise.mdx,content/docs/zh-CN/api-reference/faq/audio-noise.mdx,migrate_page_after_syntax_and_ia_review,blocked,medium,partial,"FAQ taxonomy is not present as a stable zh-CN target tree; decide whether FAQs migrate, merge into product docs, or archive.",Confirm target IA and migration strategy for docs-faq/audio-noise.mdx.,needs-directive-rewrite|needs-table-normalization,not_started,not_started,,,,
docs-faq/audio-role.mdx,content/docs/zh-CN/api-reference/faq/audio-role.mdx,migrate_page_after_syntax_and_ia_review,blocked,low,yes,"FAQ taxonomy is not present as a stable zh-CN target tree; decide whether FAQs migrate, merge into product docs, or archive.",Confirm target IA and migration strategy for docs-faq/audio-role.mdx.,ready-native,not_started,not_started,,,,
docs-faq/billing-account.mdx,content/docs/zh-CN/api-reference/faq/billing-account.mdx,migrate_page_after_syntax_and_ia_review,blocked,medium,partial,"FAQ taxonomy is not present as a stable zh-CN target tree; decide whether FAQs migrate, merge into product docs, or archive.",Confirm target IA and migration strategy for docs-faq/billing-account.mdx.,needs-directive-rewrite|needs-image-standard,not_started,not_started,,,,
docs-faq/billing-basis.mdx,content/docs/zh-CN/api-reference/faq/billing-basis.mdx,migrate_page_after_syntax_and_ia_review,blocked,low,yes,"FAQ taxonomy is not present as a stable zh-CN target tree; decide whether FAQs migrate, merge into product docs, or archive.",Confirm target IA and migration strategy for docs-faq/billing-basis.mdx.,ready-native,not_started,not_started,,,,
docs-faq/billing-free.mdx,content/docs/zh-CN/api-reference/faq/billing-free.mdx,migrate_page_after_syntax_and_ia_review,blocked,medium,partial,"FAQ taxonomy is not present as a stable zh-CN target tree; decide whether FAQs migrate, merge into product docs, or archive.",Confirm target IA and migration strategy for docs-faq/billing-free.mdx.,needs-directive-rewrite,not_started,not_started,,,,
docs-faq/billing-package.mdx,content/docs/zh-CN/api-reference/faq/billing-package.mdx,migrate_page_after_syntax_and_ia_review,blocked,low,yes,"FAQ taxonomy is not present as a stable zh-CN target tree; decide whether FAQs migrate, merge into product docs, or archive.",Confirm target IA and migration strategy for docs-faq/billing-package.mdx.,ready-native,not_started,not_started,,,,
docs-faq/bucket-region.mdx,content/docs/zh-CN/api-reference/faq/bucket-region.mdx,migrate_page_after_syntax_and_ia_review,blocked,low,yes,"FAQ taxonomy is not present as a stable zh-CN target tree; decide whether FAQs migrate, merge into product docs, or archive.",Confirm target IA and migration strategy for docs-faq/bucket-region.mdx.,ready-native,not_started,not_started,,,,
docs-faq/business-billing.mdx,content/docs/zh-CN/api-reference/faq/business-billing.mdx,migrate_page_after_syntax_and_ia_review,blocked,medium,partial,"FAQ taxonomy is not present as a stable zh-CN target tree; decide whether FAQs migrate, merge into product docs, or archive.",Confirm target IA and migration strategy for docs-faq/business-billing.mdx.,needs-directive-rewrite|needs-image-standard,not_started,not_started,,,,
docs-faq/call-browser.mdx,content/docs/zh-CN/api-reference/faq/call-browser.mdx,migrate_page_after_syntax_and_ia_review,blocked,low,yes,"FAQ taxonomy is not present as a stable zh-CN target tree; decide whether FAQs migrate, merge into product docs, or archive.",Confirm target IA and migration strategy for docs-faq/call-browser.mdx.,ready-native,not_started,not_started,,,,
docs-faq/camera-exposure-focus.mdx,content/docs/zh-CN/api-reference/faq/camera-exposure-focus.mdx,migrate_page_after_syntax_and_ia_review,blocked,medium,partial,"FAQ taxonomy is not present as a stable zh-CN target tree; decide whether FAQs migrate, merge into product docs, or archive.",Confirm target IA and migration strategy for docs-faq/camera-exposure-focus.mdx.,needs-directive-rewrite,not_started,not_started,,,,
docs-faq/capacity.mdx,content/docs/zh-CN/api-reference/faq/capacity.mdx,migrate_page_after_syntax_and_ia_review,blocked,medium,partial,"FAQ taxonomy is not present as a stable zh-CN target tree; decide whether FAQs migrate, merge into product docs, or archive.",Confirm target IA and migration strategy for docs-faq/capacity.mdx.,needs-directive-rewrite,not_started,not_started,,,,
docs-faq/channel-issues.mdx,content/docs/zh-CN/api-reference/faq/channel-issues.mdx,migrate_page_after_syntax_and_ia_review,blocked,low,yes,"FAQ taxonomy is not present as a stable zh-CN target tree; decide whether FAQs migrate, merge into product docs, or archive.",Confirm target IA and migration strategy for docs-faq/channel-issues.mdx.,ready-native,not_started,not_started,,,,
docs-faq/chatroom.mdx,content/docs/zh-CN/api-reference/faq/chatroom.mdx,migrate_page_after_syntax_and_ia_review,blocked,low,yes,"FAQ taxonomy is not present as a stable zh-CN target tree; decide whether FAQs migrate, merge into product docs, or archive.",Confirm target IA and migration strategy for docs-faq/chatroom.mdx.,ready-native,not_started,not_started,,,,
docs-faq/class-audio-video.mdx,content/docs/zh-CN/api-reference/faq/class-audio-video.mdx,migrate_page_after_syntax_and_ia_review,blocked,medium,partial,"FAQ taxonomy is not present as a stable zh-CN target tree; decide whether FAQs migrate, merge into product docs, or archive.",Confirm target IA and migration strategy for docs-faq/class-audio-video.mdx.,needs-directive-rewrite|needs-image-standard,not_started,not_started,,,,
docs-faq/class-courseware.mdx,content/docs/zh-CN/api-reference/faq/class-courseware.mdx,migrate_page_after_syntax_and_ia_review,blocked,medium,partial,"FAQ taxonomy is not present as a stable zh-CN target tree; decide whether FAQs migrate, merge into product docs, or archive.",Confirm target IA and migration strategy for docs-faq/class-courseware.mdx.,needs-directive-rewrite|needs-image-standard,not_started,not_started,,,,
docs-faq/class-custom-ui.mdx,content/docs/zh-CN/api-reference/faq/class-custom-ui.mdx,migrate_page_after_syntax_and_ia_review,blocked,low,yes,"FAQ taxonomy is not present as a stable zh-CN target tree; decide whether FAQs migrate, merge into product docs, or archive.",Confirm target IA and migration strategy for docs-faq/class-custom-ui.mdx.,ready-native,not_started,not_started,,,,
docs-faq/class-dynamic.mdx,content/docs/zh-CN/api-reference/faq/class-dynamic.mdx,migrate_page_after_syntax_and_ia_review,blocked,low,yes,"FAQ taxonomy is not present as a stable zh-CN target tree; decide whether FAQs migrate, merge into product docs, or archive.",Confirm target IA and migration strategy for docs-faq/class-dynamic.mdx.,ready-native,not_started,not_started,,,,
docs-faq/class-errors.mdx,content/docs/zh-CN/api-reference/faq/class-errors.mdx,migrate_page_after_syntax_and_ia_review,blocked,medium,partial,"FAQ taxonomy is not present as a stable zh-CN target tree; decide whether FAQs migrate, merge into product docs, or archive.",Confirm target IA and migration strategy for docs-faq/class-errors.mdx.,needs-directive-rewrite|needs-image-standard|needs-anchor-normalization,not_started,not_started,,,,
docs-faq/class-im.mdx,content/docs/zh-CN/api-reference/faq/class-im.mdx,migrate_page_after_syntax_and_ia_review,blocked,medium,partial,"FAQ taxonomy is not present as a stable zh-CN target tree; decide whether FAQs migrate, merge into product docs, or archive.",Confirm target IA and migration strategy for docs-faq/class-im.mdx.,needs-directive-rewrite|needs-image-standard,not_started,not_started,,,,
docs-faq/class-language.mdx,content/docs/zh-CN/api-reference/faq/class-language.mdx,migrate_page_after_syntax_and_ia_review,blocked,medium,partial,"FAQ taxonomy is not present as a stable zh-CN target tree; decide whether FAQs migrate, merge into product docs, or archive.",Confirm target IA and migration strategy for docs-faq/class-language.mdx.,needs-directive-rewrite|needs-image-standard,not_started,not_started,,,,
docs-faq/class-packaging.mdx,content/docs/zh-CN/api-reference/faq/class-packaging.mdx,migrate_page_after_syntax_and_ia_review,blocked,medium,partial,"FAQ taxonomy is not present as a stable zh-CN target tree; decide whether FAQs migrate, merge into product docs, or archive.",Confirm target IA and migration strategy for docs-faq/class-packaging.mdx.,needs-directive-rewrite|needs-image-standard,not_started,not_started,,,,
docs-faq/class-properties.mdx,content/docs/zh-CN/api-reference/faq/class-properties.mdx,migrate_page_after_syntax_and_ia_review,blocked,low,yes,"FAQ taxonomy is not present as a stable zh-CN target tree; decide whether FAQs migrate, merge into product docs, or archive.",Confirm target IA and migration strategy for docs-faq/class-properties.mdx.,ready-native,not_started,not_started,,,,
docs-faq/class-record.mdx,content/docs/zh-CN/api-reference/faq/class-record.mdx,migrate_page_after_syntax_and_ia_review,blocked,medium,partial,"FAQ taxonomy is not present as a stable zh-CN target tree; decide whether FAQs migrate, merge into product docs, or archive.",Confirm target IA and migration strategy for docs-faq/class-record.mdx.,needs-directive-rewrite|needs-image-standard,not_started,not_started,,,,
docs-faq/class-restapi.mdx,content/docs/zh-CN/api-reference/faq/class-restapi.mdx,migrate_page_after_syntax_and_ia_review,blocked,low,yes,"FAQ taxonomy is not present as a stable zh-CN target tree; decide whether FAQs migrate, merge into product docs, or archive.",Confirm target IA and migration strategy for docs-faq/class-restapi.mdx.,ready-native,not_started,not_started,,,,
docs-faq/class-states.mdx,content/docs/zh-CN/api-reference/faq/class-states.mdx,migrate_page_after_syntax_and_ia_review,blocked,low,yes,"FAQ taxonomy is not present as a stable zh-CN target tree; decide whether FAQs migrate, merge into product docs, or archive.",Confirm target IA and migration strategy for docs-faq/class-states.mdx.,ready-native,not_started,not_started,,,,
docs-faq/class-stop.mdx,content/docs/zh-CN/api-reference/faq/class-stop.mdx,migrate_page_after_syntax_and_ia_review,blocked,low,yes,"FAQ taxonomy is not present as a stable zh-CN target tree; decide whether FAQs migrate, merge into product docs, or archive.",Confirm target IA and migration strategy for docs-faq/class-stop.mdx.,ready-native,not_started,not_started,,,,
docs-faq/class-threea.mdx,content/docs/zh-CN/api-reference/faq/class-threea.mdx,migrate_page_after_syntax_and_ia_review,blocked,medium,partial,"FAQ taxonomy is not present as a stable zh-CN target tree; decide whether FAQs migrate, merge into product docs, or archive.",Confirm target IA and migration strategy for docs-faq/class-threea.mdx.,needs-directive-rewrite|needs-image-standard,not_started,not_started,,,,
docs-faq/cmd-control-record.mdx,content/docs/zh-CN/api-reference/faq/cmd-control-record.mdx,migrate_page_after_syntax_and_ia_review,blocked,low,yes,"FAQ taxonomy is not present as a stable zh-CN target tree; decide whether FAQs migrate, merge into product docs, or archive.",Confirm target IA and migration strategy for docs-faq/cmd-control-record.mdx.,ready-native,not_started,not_started,,,,
docs-faq/cocoapods-problems.mdx,content/docs/zh-CN/api-reference/faq/cocoapods-problems.mdx,migrate_page_after_syntax_and_ia_review,blocked,medium,partial,"FAQ taxonomy is not present as a stable zh-CN target tree; decide whether FAQs migrate, merge into product docs, or archive.",Confirm target IA and migration strategy for docs-faq/cocoapods-problems.mdx.,needs-directive-rewrite|needs-anchor-normalization,not_started,not_started,,,,
docs-faq/console-account-faq.mdx,content/docs/zh-CN/api-reference/faq/console-account-faq.mdx,migrate_page_after_syntax_and_ia_review,blocked,medium,partial,"FAQ taxonomy is not present as a stable zh-CN target tree; decide whether FAQs migrate, merge into product docs, or archive.",Confirm target IA and migration strategy for docs-faq/console-account-faq.mdx.,needs-directive-rewrite,not_started,not_started,,,,
docs-faq/console-error.mdx,content/docs/zh-CN/api-reference/faq/console-error.mdx,migrate_page_after_syntax_and_ia_review,blocked,medium,partial,"FAQ taxonomy is not present as a stable zh-CN target tree; decide whether FAQs migrate, merge into product docs, or archive.",Confirm target IA and migration strategy for docs-faq/console-error.mdx.,needs-directive-rewrite|needs-anchor-normalization,not_started,not_started,,,,
docs-faq/convoai-cloud-recording.mdx,content/docs/zh-CN/api-reference/faq/convoai-cloud-recording.mdx,migrate_page_after_syntax_and_ia_review,blocked,medium,partial,"FAQ taxonomy is not present as a stable zh-CN target tree; decide whether FAQs migrate, merge into product docs, or archive.",Confirm target IA and migration strategy for docs-faq/convoai-cloud-recording.mdx.,needs-directive-rewrite|needs-table-normalization,not_started,not_started,,,,
docs-faq/coupon-code.mdx,content/docs/zh-CN/api-reference/faq/coupon-code.mdx,migrate_page_after_syntax_and_ia_review,blocked,medium,partial,"FAQ taxonomy is not present as a stable zh-CN target tree; decide whether FAQs migrate, merge into product docs, or archive.",Confirm target IA and migration strategy for docs-faq/coupon-code.mdx.,needs-directive-rewrite,not_started,not_started,,,,
docs-faq/device-occupied.mdx,content/docs/zh-CN/api-reference/faq/device-occupied.mdx,migrate_page_after_syntax_and_ia_review,blocked,low,yes,"FAQ taxonomy is not present as a stable zh-CN target tree; decide whether FAQs migrate, merge into product docs, or archive.",Confirm target IA and migration strategy for docs-faq/device-occupied.mdx.,ready-native,not_started,not_started,,,,
docs-faq/diff-setenabled-setmuted.mdx,content/docs/zh-CN/api-reference/faq/diff-setenabled-setmuted.mdx,migrate_page_after_syntax_and_ia_review,blocked,medium,partial,"FAQ taxonomy is not present as a stable zh-CN target tree; decide whether FAQs migrate, merge into product docs, or archive.",Confirm target IA and migration strategy for docs-faq/diff-setenabled-setmuted.mdx.,needs-directive-rewrite|needs-table-normalization,not_started,not_started,,,,
docs-faq/differ-agora-cdn.mdx,content/docs/zh-CN/api-reference/faq/differ-agora-cdn.mdx,migrate_page_after_syntax_and_ia_review,blocked,low,yes,"FAQ taxonomy is not present as a stable zh-CN target tree; decide whether FAQs migrate, merge into product docs, or archive.",Confirm target IA and migration strategy for docs-faq/differ-agora-cdn.mdx.,ready-native,not_started,not_started,,,,
docs-faq/dynamic-or-static-library.mdx,content/docs/zh-CN/api-reference/faq/dynamic-or-static-library.mdx,migrate_page_after_syntax_and_ia_review,blocked,low,yes,"FAQ taxonomy is not present as a stable zh-CN target tree; decide whether FAQs migrate, merge into product docs, or archive.",Confirm target IA and migration strategy for docs-faq/dynamic-or-static-library.mdx.,ready-native,not_started,not_started,,,,
docs-faq/electron-faq.mdx,content/docs/zh-CN/api-reference/faq/electron-faq.mdx,migrate_page_after_syntax_and_ia_review,blocked,high,no,"FAQ taxonomy is not present as a stable zh-CN target tree; decide whether FAQs migrate, merge into product docs, or archive.",Confirm target IA and migration strategy for docs-faq/electron-faq.mdx.,needs-directive-rewrite|needs-table-normalization|needs-image-standard|needs-landing-page-normalization,not_started,not_started,,,,
docs-faq/fail-to-upload.mdx,content/docs/zh-CN/api-reference/faq/fail-to-upload.mdx,migrate_page_after_syntax_and_ia_review,blocked,low,yes,"FAQ taxonomy is not present as a stable zh-CN target tree; decide whether FAQs migrate, merge into product docs, or archive.",Confirm target IA and migration strategy for docs-faq/fail-to-upload.mdx.,ready-native,not_started,not_started,,,,
docs-faq/flutter-debug.mdx,content/docs/zh-CN/api-reference/faq/flutter-debug.mdx,migrate_page_after_syntax_and_ia_review,blocked,low,yes,"FAQ taxonomy is not present as a stable zh-CN target tree; decide whether FAQs migrate, merge into product docs, or archive.",Confirm target IA and migration strategy for docs-faq/flutter-debug.mdx.,ready-native,not_started,not_started,,,,
docs-faq/flutter-ios-build.mdx,content/docs/zh-CN/api-reference/faq/flutter-ios-build.mdx,migrate_page_after_syntax_and_ia_review,blocked,medium,partial,"FAQ taxonomy is not present as a stable zh-CN target tree; decide whether FAQs migrate, merge into product docs, or archive.",Confirm target IA and migration strategy for docs-faq/flutter-ios-build.mdx.,needs-directive-rewrite|needs-image-standard,not_started,not_started,,,,
docs-faq/flutter-pod.mdx,content/docs/zh-CN/api-reference/faq/flutter-pod.mdx,migrate_page_after_syntax_and_ia_review,blocked,low,yes,"FAQ taxonomy is not present as a stable zh-CN target tree; decide whether FAQs migrate, merge into product docs, or archive.",Confirm target IA and migration strategy for docs-faq/flutter-pod.mdx.,ready-native,not_started,not_started,,,,
docs-faq/framework-cannot-be-opened.mdx,content/docs/zh-CN/api-reference/faq/framework-cannot-be-opened.mdx,migrate_page_after_syntax_and_ia_review,blocked,low,yes,"FAQ taxonomy is not present as a stable zh-CN target tree; decide whether FAQs migrate, merge into product docs, or archive.",Confirm target IA and migration strategy for docs-faq/framework-cannot-be-opened.mdx.,ready-native,not_started,not_started,,,,
docs-faq/generate-token.mdx,content/docs/zh-CN/api-reference/faq/generate-token.mdx,migrate_page_after_syntax_and_ia_review,blocked,medium,partial,"FAQ taxonomy is not present as a stable zh-CN target tree; decide whether FAQs migrate, merge into product docs, or archive.",Confirm target IA and migration strategy for docs-faq/generate-token.mdx.,needs-directive-rewrite,not_started,not_started,,,,
docs-faq/get-channel-info.mdx,content/docs/zh-CN/api-reference/faq/get-channel-info.mdx,migrate_page_after_syntax_and_ia_review,blocked,low,yes,"FAQ taxonomy is not present as a stable zh-CN target tree; decide whether FAQs migrate, merge into product docs, or archive.",Confirm target IA and migration strategy for docs-faq/get-channel-info.mdx.,ready-native,not_started,not_started,,,,
docs-faq/get-m3u8-file.mdx,content/docs/zh-CN/api-reference/faq/get-m3u8-file.mdx,migrate_page_after_syntax_and_ia_review,blocked,medium,partial,"FAQ taxonomy is not present as a stable zh-CN target tree; decide whether FAQs migrate, merge into product docs, or archive.",Confirm target IA and migration strategy for docs-faq/get-m3u8-file.mdx.,needs-directive-rewrite|needs-image-standard,not_started,not_started,,,,
docs-faq/harmonyos-background.mdx,content/docs/zh-CN/api-reference/faq/harmonyos-background.mdx,migrate_page_after_syntax_and_ia_review,blocked,low,yes,"FAQ taxonomy is not present as a stable zh-CN target tree; decide whether FAQs migrate, merge into product docs, or archive.",Confirm target IA and migration strategy for docs-faq/harmonyos-background.mdx.,ready-native,not_started,not_started,,,,
docs-faq/high-availability.mdx,content/docs/zh-CN/api-reference/faq/high-availability.mdx,migrate_page_after_syntax_and_ia_review,blocked,medium,partial,"FAQ taxonomy is not present as a stable zh-CN target tree; decide whether FAQs migrate, merge into product docs, or archive.",Confirm target IA and migration strategy for docs-faq/high-availability.mdx.,needs-directive-rewrite,not_started,not_started,,,,
docs-faq/ios-background.mdx,content/docs/zh-CN/api-reference/faq/ios-background.mdx,migrate_page_after_syntax_and_ia_review,blocked,medium,partial,"FAQ taxonomy is not present as a stable zh-CN target tree; decide whether FAQs migrate, merge into product docs, or archive.",Confirm target IA and migration strategy for docs-faq/ios-background.mdx.,needs-directive-rewrite|needs-image-standard,not_started,not_started,,,,
docs-faq/ios-bluetooth.mdx,content/docs/zh-CN/api-reference/faq/ios-bluetooth.mdx,migrate_page_after_syntax_and_ia_review,blocked,low,yes,"FAQ taxonomy is not present as a stable zh-CN target tree; decide whether FAQs migrate, merge into product docs, or archive.",Confirm target IA and migration strategy for docs-faq/ios-bluetooth.mdx.,ready-native,not_started,not_started,,,,
docs-faq/ios-sign.mdx,content/docs/zh-CN/api-reference/faq/ios-sign.mdx,migrate_page_after_syntax_and_ia_review,blocked,low,yes,"FAQ taxonomy is not present as a stable zh-CN target tree; decide whether FAQs migrate, merge into product docs, or archive.",Confirm target IA and migration strategy for docs-faq/ios-sign.mdx.,ready-native,not_started,not_started,,,,
docs-faq/java-call-cpp.mdx,content/docs/zh-CN/api-reference/faq/java-call-cpp.mdx,migrate_page_after_syntax_and_ia_review,blocked,low,yes,"FAQ taxonomy is not present as a stable zh-CN target tree; decide whether FAQs migrate, merge into product docs, or archive.",Confirm target IA and migration strategy for docs-faq/java-call-cpp.mdx.,ready-native,not_started,not_started,,,,
docs-faq/judge-voice-video-call.mdx,content/docs/zh-CN/api-reference/faq/judge-voice-video-call.mdx,migrate_page_after_syntax_and_ia_review,blocked,low,yes,"FAQ taxonomy is not present as a stable zh-CN target tree; decide whether FAQs migrate, merge into product docs, or archive.",Confirm target IA and migration strategy for docs-faq/judge-voice-video-call.mdx.,ready-native,not_started,not_started,,,,
docs-faq/kick-user.mdx,content/docs/zh-CN/api-reference/faq/kick-user.mdx,migrate_page_after_syntax_and_ia_review,blocked,low,yes,"FAQ taxonomy is not present as a stable zh-CN target tree; decide whether FAQs migrate, merge into product docs, or archive.",Confirm target IA and migration strategy for docs-faq/kick-user.mdx.,ready-native,not_started,not_started,,,,
docs-faq/macos15-beta-issue.mdx,content/docs/zh-CN/api-reference/faq/macos15-beta-issue.mdx,migrate_page_after_syntax_and_ia_review,blocked,medium,partial,"FAQ taxonomy is not present as a stable zh-CN target tree; decide whether FAQs migrate, merge into product docs, or archive.",Confirm target IA and migration strategy for docs-faq/macos15-beta-issue.mdx.,needs-directive-rewrite|needs-image-standard,not_started,not_started,,,,
docs-faq/mini-program.mdx,content/docs/zh-CN/api-reference/faq/mini-program.mdx,migrate_page_after_syntax_and_ia_review,blocked,medium,partial,"FAQ taxonomy is not present as a stable zh-CN target tree; decide whether FAQs migrate, merge into product docs, or archive.",Confirm target IA and migration strategy for docs-faq/mini-program.mdx.,needs-directive-rewrite|needs-image-standard,not_started,not_started,,,,
docs-faq/mirror-mode.mdx,content/docs/zh-CN/api-reference/faq/mirror-mode.mdx,migrate_page_after_syntax_and_ia_review,blocked,medium,partial,"FAQ taxonomy is not present as a stable zh-CN target tree; decide whether FAQs migrate, merge into product docs, or archive.",Confirm target IA and migration strategy for docs-faq/mirror-mode.mdx.,needs-directive-rewrite,not_started,not_started,,,,
docs-faq/mobile-video-profile.mdx,content/docs/zh-CN/api-reference/faq/mobile-video-profile.mdx,migrate_page_after_syntax_and_ia_review,blocked,low,yes,"FAQ taxonomy is not present as a stable zh-CN target tree; decide whether FAQs migrate, merge into product docs, or archive.",Confirm target IA and migration strategy for docs-faq/mobile-video-profile.mdx.,ready-native,not_started,not_started,,,,
docs-faq/mp4-cannot-play.mdx,content/docs/zh-CN/api-reference/faq/mp4-cannot-play.mdx,migrate_page_after_syntax_and_ia_review,blocked,low,yes,"FAQ taxonomy is not present as a stable zh-CN target tree; decide whether FAQs migrate, merge into product docs, or archive.",Confirm target IA and migration strategy for docs-faq/mp4-cannot-play.mdx.,ready-native,not_started,not_started,,,,
docs-faq/multitasking.mdx,content/docs/zh-CN/api-reference/faq/multitasking.mdx,migrate_page_after_syntax_and_ia_review,blocked,medium,partial,"FAQ taxonomy is not present as a stable zh-CN target tree; decide whether FAQs migrate, merge into product docs, or archive.",Confirm target IA and migration strategy for docs-faq/multitasking.mdx.,needs-directive-rewrite|needs-image-standard,not_started,not_started,,,,
docs-faq/music-pause.mdx,content/docs/zh-CN/api-reference/faq/music-pause.mdx,migrate_page_after_syntax_and_ia_review,blocked,low,yes,"FAQ taxonomy is not present as a stable zh-CN target tree; decide whether FAQs migrate, merge into product docs, or archive.",Confirm target IA and migration strategy for docs-faq/music-pause.mdx.,ready-native,not_started,not_started,,,,
docs-faq/ncs-query.mdx,content/docs/zh-CN/api-reference/faq/ncs-query.mdx,migrate_page_after_syntax_and_ia_review,blocked,medium,partial,"FAQ taxonomy is not present as a stable zh-CN target tree; decide whether FAQs migrate, merge into product docs, or archive.",Confirm target IA and migration strategy for docs-faq/ncs-query.mdx.,needs-directive-rewrite,not_started,not_started,,,,
docs-faq/no-audio.mdx,content/docs/zh-CN/api-reference/faq/no-audio.mdx,migrate_page_after_syntax_and_ia_review,blocked,medium,partial,"FAQ taxonomy is not present as a stable zh-CN target tree; decide whether FAQs migrate, merge into product docs, or archive.",Confirm target IA and migration strategy for docs-faq/no-audio.mdx.,needs-directive-rewrite,not_started,not_started,,,,
docs-faq/no-music-unity-objects.mdx,content/docs/zh-CN/api-reference/faq/no-music-unity-objects.mdx,migrate_page_after_syntax_and_ia_review,blocked,low,yes,"FAQ taxonomy is not present as a stable zh-CN target tree; decide whether FAQs migrate, merge into product docs, or archive.",Confirm target IA and migration strategy for docs-faq/no-music-unity-objects.mdx.,ready-native,not_started,not_started,,,,
docs-faq/playout-permission.mdx,content/docs/zh-CN/api-reference/faq/playout-permission.mdx,migrate_page_after_syntax_and_ia_review,blocked,low,yes,"FAQ taxonomy is not present as a stable zh-CN target tree; decide whether FAQs migrate, merge into product docs, or archive.",Confirm target IA and migration strategy for docs-faq/playout-permission.mdx.,ready-native,not_started,not_started,,,,
docs-faq/pod-error.mdx,content/docs/zh-CN/api-reference/faq/pod-error.mdx,migrate_page_after_syntax_and_ia_review,blocked,low,yes,"FAQ taxonomy is not present as a stable zh-CN target tree; decide whether FAQs migrate, merge into product docs, or archive.",Confirm target IA and migration strategy for docs-faq/pod-error.mdx.,ready-native,not_started,not_started,,,,
docs-faq/privacyinfo.mdx,content/docs/zh-CN/api-reference/faq/privacyinfo.mdx,migrate_page_after_syntax_and_ia_review,blocked,medium,partial,"FAQ taxonomy is not present as a stable zh-CN target tree; decide whether FAQs migrate, merge into product docs, or archive.",Confirm target IA and migration strategy for docs-faq/privacyinfo.mdx.,needs-directive-rewrite|needs-image-standard,not_started,not_started,,,,
docs-faq/privacyinfortm.mdx,content/docs/zh-CN/api-reference/faq/privacyinfortm.mdx,migrate_page_after_syntax_and_ia_review,blocked,medium,partial,"FAQ taxonomy is not present as a stable zh-CN target tree; decide whether FAQs migrate, merge into product docs, or archive.",Confirm target IA and migration strategy for docs-faq/privacyinfortm.mdx.,needs-directive-rewrite|needs-image-standard,not_started,not_started,,,,
docs-faq/record-file-issues.mdx,content/docs/zh-CN/api-reference/faq/record-file-issues.mdx,migrate_page_after_syntax_and_ia_review,blocked,low,yes,"FAQ taxonomy is not present as a stable zh-CN target tree; decide whether FAQs migrate, merge into product docs, or archive.",Confirm target IA and migration strategy for docs-faq/record-file-issues.mdx.,ready-native,not_started,not_started,,,,
docs-faq/record-status-error.mdx,content/docs/zh-CN/api-reference/faq/record-status-error.mdx,migrate_page_after_syntax_and_ia_review,blocked,low,yes,"FAQ taxonomy is not present as a stable zh-CN target tree; decide whether FAQs migrate, merge into product docs, or archive.",Confirm target IA and migration strategy for docs-faq/record-status-error.mdx.,ready-native,not_started,not_started,,,,
docs-faq/recording-concurrence.mdx,content/docs/zh-CN/api-reference/faq/recording-concurrence.mdx,migrate_page_after_syntax_and_ia_review,blocked,low,yes,"FAQ taxonomy is not present as a stable zh-CN target tree; decide whether FAQs migrate, merge into product docs, or archive.",Confirm target IA and migration strategy for docs-faq/recording-concurrence.mdx.,ready-native,not_started,not_started,,,,
docs-faq/recording-mode.mdx,content/docs/zh-CN/api-reference/faq/recording-mode.mdx,migrate_page_after_syntax_and_ia_review,blocked,low,yes,"FAQ taxonomy is not present as a stable zh-CN target tree; decide whether FAQs migrate, merge into product docs, or archive.",Confirm target IA and migration strategy for docs-faq/recording-mode.mdx.,ready-native,not_started,not_started,,,,
docs-faq/recording-player.mdx,content/docs/zh-CN/api-reference/faq/recording-player.mdx,migrate_page_after_syntax_and_ia_review,blocked,high,no,"FAQ taxonomy is not present as a stable zh-CN target tree; decide whether FAQs migrate, merge into product docs, or archive.",Confirm target IA and migration strategy for docs-faq/recording-player.mdx.,needs-directive-rewrite|needs-platform-expansion,not_started,not_started,,,,
docs-faq/recording-split.mdx,content/docs/zh-CN/api-reference/faq/recording-split.mdx,migrate_page_after_syntax_and_ia_review,blocked,low,yes,"FAQ taxonomy is not present as a stable zh-CN target tree; decide whether FAQs migrate, merge into product docs, or archive.",Confirm target IA and migration strategy for docs-faq/recording-split.mdx.,ready-native,not_started,not_started,,,,
docs-faq/restful-api-call-frequency.mdx,content/docs/zh-CN/api-reference/faq/restful-api-call-frequency.mdx,migrate_page_after_syntax_and_ia_review,blocked,medium,partial,"FAQ taxonomy is not present as a stable zh-CN target tree; decide whether FAQs migrate, merge into product docs, or archive.",Confirm target IA and migration strategy for docs-faq/restful-api-call-frequency.mdx.,needs-directive-rewrite,not_started,not_started,,,,
docs-faq/return-404.mdx,content/docs/zh-CN/api-reference/faq/return-404.mdx,migrate_page_after_syntax_and_ia_review,blocked,low,yes,"FAQ taxonomy is not present as a stable zh-CN target tree; decide whether FAQs migrate, merge into product docs, or archive.",Confirm target IA and migration strategy for docs-faq/return-404.mdx.,ready-native,not_started,not_started,,,,
docs-faq/rtm2-integration-issue.mdx,content/docs/zh-CN/api-reference/faq/rtm2-integration-issue.mdx,migrate_page_after_syntax_and_ia_review,blocked,medium,partial,"FAQ taxonomy is not present as a stable zh-CN target tree; decide whether FAQs migrate, merge into product docs, or archive.",Confirm target IA and migration strategy for docs-faq/rtm2-integration-issue.mdx.,needs-include-standardization,not_started,not_started,,,,
docs-faq/rtm2-rtc-integration-issue.mdx,content/docs/zh-CN/api-reference/faq/rtm2-rtc-integration-issue.mdx,migrate_page_after_syntax_and_ia_review,blocked,medium,partial,"FAQ taxonomy is not present as a stable zh-CN target tree; decide whether FAQs migrate, merge into product docs, or archive.",Confirm target IA and migration strategy for docs-faq/rtm2-rtc-integration-issue.mdx.,needs-directive-rewrite,not_started,not_started,,,,
docs-faq/sei.mdx,content/docs/zh-CN/api-reference/faq/sei.mdx,migrate_page_after_syntax_and_ia_review,blocked,medium,partial,"FAQ taxonomy is not present as a stable zh-CN target tree; decide whether FAQs migrate, merge into product docs, or archive.",Confirm target IA and migration strategy for docs-faq/sei.mdx.,needs-directive-rewrite,not_started,not_started,,,,
docs-faq/set-log-file.mdx,content/docs/zh-CN/api-reference/faq/set-log-file.mdx,migrate_page_after_syntax_and_ia_review,blocked,medium,partial,"FAQ taxonomy is not present as a stable zh-CN target tree; decide whether FAQs migrate, merge into product docs, or archive.",Confirm target IA and migration strategy for docs-faq/set-log-file.mdx.,needs-directive-rewrite,not_started,not_started,,,,
docs-faq/streaming-difference.mdx,content/docs/zh-CN/api-reference/faq/streaming-difference.mdx,migrate_page_after_syntax_and_ia_review,blocked,medium,partial,"FAQ taxonomy is not present as a stable zh-CN target tree; decide whether FAQs migrate, merge into product docs, or archive.",Confirm target IA and migration strategy for docs-faq/streaming-difference.mdx.,needs-directive-rewrite|needs-table-normalization,not_started,not_started,,,,
docs-faq/string-uid.mdx,content/docs/zh-CN/api-reference/faq/string-uid.mdx,migrate_page_after_syntax_and_ia_review,blocked,medium,partial,"FAQ taxonomy is not present as a stable zh-CN target tree; decide whether FAQs migrate, merge into product docs, or archive.",Confirm target IA and migration strategy for docs-faq/string-uid.mdx.,needs-directive-rewrite|needs-image-standard,not_started,not_started,,,,
docs-faq/system-crash-info.mdx,content/docs/zh-CN/api-reference/faq/system-crash-info.mdx,migrate_page_after_syntax_and_ia_review,blocked,medium,partial,"FAQ taxonomy is not present as a stable zh-CN target tree; decide whether FAQs migrate, merge into product docs, or archive.",Confirm target IA and migration strategy for docs-faq/system-crash-info.mdx.,needs-directive-rewrite,not_started,not_started,,,,
docs-faq/system-volume.mdx,content/docs/zh-CN/api-reference/faq/system-volume.mdx,migrate_page_after_syntax_and_ia_review,blocked,medium,partial,"FAQ taxonomy is not present as a stable zh-CN target tree; decide whether FAQs migrate, merge into product docs, or archive.",Confirm target IA and migration strategy for docs-faq/system-volume.mdx.,needs-directive-rewrite|needs-table-normalization|needs-anchor-normalization,not_started,not_started,,,,
docs-faq/token-cohost.mdx,content/docs/zh-CN/api-reference/faq/token-cohost.mdx,migrate_page_after_syntax_and_ia_review,blocked,medium,partial,"FAQ taxonomy is not present as a stable zh-CN target tree; decide whether FAQs migrate, merge into product docs, or archive.",Confirm target IA and migration strategy for docs-faq/token-cohost.mdx.,needs-directive-rewrite|needs-table-normalization|needs-image-standard,not_started,not_started,,,,
docs-faq/token-error.mdx,content/docs/zh-CN/api-reference/faq/token-error.mdx,migrate_page_after_syntax_and_ia_review,blocked,medium,partial,"FAQ taxonomy is not present as a stable zh-CN target tree; decide whether FAQs migrate, merge into product docs, or archive.",Confirm target IA and migration strategy for docs-faq/token-error.mdx.,needs-directive-rewrite,not_started,not_started,,,,
docs-faq/unreal-permissions.mdx,content/docs/zh-CN/api-reference/faq/unreal-permissions.mdx,migrate_page_after_syntax_and_ia_review,blocked,medium,partial,"FAQ taxonomy is not present as a stable zh-CN target tree; decide whether FAQs migrate, merge into product docs, or archive.",Confirm target IA and migration strategy for docs-faq/unreal-permissions.mdx.,needs-directive-rewrite|needs-image-standard,not_started,not_started,,,,
docs-faq/video-bighead.mdx,content/docs/zh-CN/api-reference/faq/video-bighead.mdx,migrate_page_after_syntax_and_ia_review,blocked,low,yes,"FAQ taxonomy is not present as a stable zh-CN target tree; decide whether FAQs migrate, merge into product docs, or archive.",Confirm target IA and migration strategy for docs-faq/video-bighead.mdx.,ready-native,not_started,not_started,,,,
docs-faq/video-blank.mdx,content/docs/zh-CN/api-reference/faq/video-blank.mdx,migrate_page_after_syntax_and_ia_review,blocked,medium,partial,"FAQ taxonomy is not present as a stable zh-CN target tree; decide whether FAQs migrate, merge into product docs, or archive.",Confirm target IA and migration strategy for docs-faq/video-blank.mdx.,needs-directive-rewrite|needs-anchor-normalization,not_started,not_started,,,,
docs-faq/video-blur.mdx,content/docs/zh-CN/api-reference/faq/video-blur.mdx,migrate_page_after_syntax_and_ia_review,blocked,low,yes,"FAQ taxonomy is not present as a stable zh-CN target tree; decide whether FAQs migrate, merge into product docs, or archive.",Confirm target IA and migration strategy for docs-faq/video-blur.mdx.,ready-native,not_started,not_started,,,,
docs-faq/video-camera.mdx,content/docs/zh-CN/api-reference/faq/video-camera.mdx,migrate_page_after_syntax_and_ia_review,blocked,low,yes,"FAQ taxonomy is not present as a stable zh-CN target tree; decide whether FAQs migrate, merge into product docs, or archive.",Confirm target IA and migration strategy for docs-faq/video-camera.mdx.,ready-native,not_started,not_started,,,,
docs-faq/video-enhancement.mdx,content/docs/zh-CN/api-reference/faq/video-enhancement.mdx,migrate_page_after_syntax_and_ia_review,blocked,medium,partial,"FAQ taxonomy is not present as a stable zh-CN target tree; decide whether FAQs migrate, merge into product docs, or archive.",Confirm target IA and migration strategy for docs-faq/video-enhancement.mdx.,needs-directive-rewrite,not_started,not_started,,,,
docs-faq/video-frame-rendering.mdx,content/docs/zh-CN/api-reference/faq/video-frame-rendering.mdx,migrate_page_after_syntax_and_ia_review,blocked,low,yes,"FAQ taxonomy is not present as a stable zh-CN target tree; decide whether FAQs migrate, merge into product docs, or archive.",Confirm target IA and migration strategy for docs-faq/video-frame-rendering.mdx.,ready-native,not_started,not_started,,,,
docs-faq/video-freeze.mdx,content/docs/zh-CN/api-reference/faq/video-freeze.mdx,migrate_page_after_syntax_and_ia_review,blocked,low,yes,"FAQ taxonomy is not present as a stable zh-CN target tree; decide whether FAQs migrate, merge into product docs, or archive.",Confirm target IA and migration strategy for docs-faq/video-freeze.mdx.,ready-native,not_started,not_started,,,,
docs-faq/webgl-context.mdx,content/docs/zh-CN/api-reference/faq/webgl-context.mdx,migrate_page_after_syntax_and_ia_review,blocked,low,yes,"FAQ taxonomy is not present as a stable zh-CN target tree; decide whether FAQs migrate, merge into product docs, or archive.",Confirm target IA and migration strategy for docs-faq/webgl-context.mdx.,ready-native,not_started,not_started,,,,
docs-faq/whiteboard-cors.mdx,content/docs/zh-CN/api-reference/faq/whiteboard-cors.mdx,migrate_page_after_syntax_and_ia_review,blocked,low,yes,"FAQ taxonomy is not present as a stable zh-CN target tree; decide whether FAQs migrate, merge into product docs, or archive.",Confirm target IA and migration strategy for docs-faq/whiteboard-cors.mdx.,ready-native,not_started,not_started,,,,
docs-faq/whiteboard-export-pdf.mdx,content/docs/zh-CN/api-reference/faq/whiteboard-export-pdf.mdx,migrate_page_after_syntax_and_ia_review,blocked,medium,partial,"FAQ taxonomy is not present as a stable zh-CN target tree; decide whether FAQs migrate, merge into product docs, or archive.",Confirm target IA and migration strategy for docs-faq/whiteboard-export-pdf.mdx.,needs-directive-rewrite,not_started,not_started,,,,
docs-faq/window-sharing-win7.mdx,content/docs/zh-CN/api-reference/faq/window-sharing-win7.mdx,migrate_page_after_syntax_and_ia_review,blocked,low,yes,"FAQ taxonomy is not present as a stable zh-CN target tree; decide whether FAQs migrate, merge into product docs, or archive.",Confirm target IA and migration strategy for docs-faq/window-sharing-win7.mdx.,ready-native,not_started,not_started,,,,
docs/agora-product/advanced-features/use-feature-1.mdx,,migrate_page_after_syntax_and_ia_review,blocked,low,yes,No matching target product directory found for legacy docs/agora-product; decide tab/product IA before migration.,Confirm target IA and migration strategy for docs/agora-product/advanced-features/use-feature-1.mdx.,ready-native,not_started,not_started,,,,
docs/agora-product/advanced-features/use-feature-2.mdx,,migrate_page_after_syntax_and_ia_review,blocked,low,yes,No matching target product directory found for legacy docs/agora-product; decide tab/product IA before migration.,Confirm target IA and migration strategy for docs/agora-product/advanced-features/use-feature-2.mdx.,ready-native,not_started,not_started,,,,
docs/agora-product/advanced-features/use-feature-3.mdx,,migrate_page_after_syntax_and_ia_review,blocked,low,yes,No matching target product directory found for legacy docs/agora-product; decide tab/product IA before migration.,Confirm target IA and migration strategy for docs/agora-product/advanced-features/use-feature-3.mdx.,ready-native,not_started,not_started,,,,
docs/agora-product/api/reference.mdx,,migrate_page_after_syntax_and_ia_review,blocked,low,yes,No matching target product directory found for legacy docs/agora-product; decide tab/product IA before migration.,Confirm target IA and migration strategy for docs/agora-product/api/reference.mdx.,ready-native,not_started,not_started,,,,
docs/agora-product/basic-features/precall-test.mdx,,migrate_page_after_syntax_and_ia_review,blocked,high,no,No matching target product directory found for legacy docs/agora-product; decide tab/product IA before migration.,Confirm target IA and migration strategy for docs/agora-product/basic-features/precall-test.mdx.,needs-directive-rewrite|needs-image-standard|needs-landing-page-normalization,not_started,not_started,,,,
docs/agora-product/best-practices/checklist.restful.mdx,,migrate_page_after_syntax_and_ia_review,blocked,medium,partial,No matching target product directory found for legacy docs/agora-product; decide tab/product IA before migration.,Confirm target IA and migration strategy for docs/agora-product/best-practices/checklist.restful.mdx.,needs-directive-rewrite|needs-table-normalization,not_started,not_started,,,,
docs/agora-product/best-practices/recording-state.restful.mdx,,migrate_page_after_syntax_and_ia_review,blocked,medium,partial,No matching target product directory found for legacy docs/agora-product; decide tab/product IA before migration.,Confirm target IA and migration strategy for docs/agora-product/best-practices/recording-state.restful.mdx.,needs-directive-rewrite|needs-anchor-normalization,not_started,not_started,,,,
docs/agora-product/best-practices/reduce-app-size.android.mdx,,migrate_page_after_syntax_and_ia_review,blocked,high,no,No matching target product directory found for legacy docs/agora-product; decide tab/product IA before migration.,Confirm target IA and migration strategy for docs/agora-product/best-practices/reduce-app-size.android.mdx.,needs-directive-rewrite|needs-platform-expansion,not_started,not_started,,,,
docs/agora-product/best-practices/rest-availability.restful.mdx,,migrate_page_after_syntax_and_ia_review,blocked,medium,partial,No matching target product directory found for legacy docs/agora-product; decide tab/product IA before migration.,Confirm target IA and migration strategy for docs/agora-product/best-practices/rest-availability.restful.mdx.,needs-directive-rewrite|needs-include-standardization,not_started,not_started,,,,
docs/agora-product/best-practices/webpage.restful.mdx,,migrate_page_after_syntax_and_ia_review,blocked,medium,partial,No matching target product directory found for legacy docs/agora-product; decide tab/product IA before migration.,Confirm target IA and migration strategy for docs/agora-product/best-practices/webpage.restful.mdx.,needs-directive-rewrite|needs-image-standard,not_started,not_started,,,,
docs/agora-product/get-started/call-api.restful.mdx,,migrate_page_after_syntax_and_ia_review,blocked,medium,partial,No matching target product directory found for legacy docs/agora-product; decide tab/product IA before migration.,Confirm target IA and migration strategy for docs/agora-product/get-started/call-api.restful.mdx.,needs-directive-rewrite,not_started,not_started,,,,
docs/agora-product/get-started/enable-service.mdx,,migrate_page_after_syntax_and_ia_review,blocked,high,no,No matching target product directory found for legacy docs/agora-product; decide tab/product IA before migration.,Confirm target IA and migration strategy for docs/agora-product/get-started/enable-service.mdx.,needs-directive-rewrite|needs-include-standardization|needs-platform-expansion,not_started,not_started,,,,
docs/agora-product/get-started/integrate-showroom.android.mdx,,migrate_page_after_syntax_and_ia_review,blocked,medium,partial,No matching target product directory found for legacy docs/agora-product; decide tab/product IA before migration.,Confirm target IA and migration strategy for docs/agora-product/get-started/integrate-showroom.android.mdx.,needs-directive-rewrite|needs-include-standardization|needs-image-standard,not_started,not_started,,,,
docs/agora-product/get-started/quick-start-framework.mdx,,migrate_page_after_syntax_and_ia_review,blocked,high,no,No matching target product directory found for legacy docs/agora-product; decide tab/product IA before migration.,Confirm target IA and migration strategy for docs/agora-product/get-started/quick-start-framework.mdx.,needs-directive-rewrite|needs-include-standardization|needs-platform-expansion|needs-table-normalization|needs-image-standard|needs-anchor-normalization|needs-landing-page-normalization,not_started,not_started,,,,
docs/agora-product/get-started/quick-start-native.mdx,,migrate_page_after_syntax_and_ia_review,blocked,high,no,No matching target product directory found for legacy docs/agora-product; decide tab/product IA before migration.,Confirm target IA and migration strategy for docs/agora-product/get-started/quick-start-native.mdx.,needs-directive-rewrite|needs-include-standardization|needs-platform-expansion|needs-image-standard|needs-landing-page-normalization,not_started,not_started,,,,
docs/agora-product/get-started/quick-start.restful.mdx,,migrate_page_after_syntax_and_ia_review,blocked,medium,partial,No matching target product directory found for legacy docs/agora-product; decide tab/product IA before migration.,Confirm target IA and migration strategy for docs/agora-product/get-started/quick-start.restful.mdx.,needs-directive-rewrite|needs-image-standard,not_started,not_started,,,,
docs/agora-product/get-started/start-damuku.restful.mdx,,migrate_page_after_syntax_and_ia_review,blocked,medium,partial,No matching target product directory found for legacy docs/agora-product; decide tab/product IA before migration.,Confirm target IA and migration strategy for docs/agora-product/get-started/start-damuku.restful.mdx.,needs-directive-rewrite|needs-image-standard,not_started,not_started,,,,
docs/agora-product/landing-page.android.mdx,,migrate_page_after_syntax_and_ia_review,blocked,high,no,No matching target product directory found for legacy docs/agora-product; decide tab/product IA before migration.,Confirm target IA and migration strategy for docs/agora-product/landing-page.android.mdx.,needs-directive-rewrite|needs-landing-page-normalization,not_started,not_started,,,,
docs/agora-product/landing-page.restful.mdx,,migrate_page_after_syntax_and_ia_review,blocked,high,no,No matching target product directory found for legacy docs/agora-product; decide tab/product IA before migration.,Confirm target IA and migration strategy for docs/agora-product/landing-page.restful.mdx.,needs-directive-rewrite|needs-landing-page-normalization,not_started,not_started,,,,
docs/agora-product/mcp-integrate.mdx,,migrate_page_after_syntax_and_ia_review,blocked,medium,partial,No matching target product directory found for legacy docs/agora-product; decide tab/product IA before migration.,Confirm target IA and migration strategy for docs/agora-product/mcp-integrate.mdx.,needs-directive-rewrite|needs-include-standardization,not_started,not_started,,,,
docs/agora-product/overview/billing.mdx,,migrate_page_after_syntax_and_ia_review,blocked,low,yes,No matching target product directory found for legacy docs/agora-product; decide tab/product IA before migration.,Confirm target IA and migration strategy for docs/agora-product/overview/billing.mdx.,ready-native,not_started,not_started,,,,
docs/agora-product/overview/product-overview.mdx,,migrate_page_after_syntax_and_ia_review,blocked,medium,partial,No matching target product directory found for legacy docs/agora-product; decide tab/product IA before migration.,Confirm target IA and migration strategy for docs/agora-product/overview/product-overview.mdx.,needs-directive-rewrite|needs-include-standardization|needs-table-normalization|needs-anchor-normalization,not_started,not_started,,,,
docs/agora-product/overview/release-notes.mdx,,migrate_page_after_syntax_and_ia_review,blocked,medium,partial,No matching target product directory found for legacy docs/agora-product; decide tab/product IA before migration.,Confirm target IA and migration strategy for docs/agora-product/overview/release-notes.mdx.,needs-directive-rewrite,not_started,not_started,,,,
docs/agora-product/overview/try-demo.mdx,,migrate_page_after_syntax_and_ia_review,blocked,low,yes,No matching target product directory found for legacy docs/agora-product; decide tab/product IA before migration.,Confirm target IA and migration strategy for docs/agora-product/overview/try-demo.mdx.,ready-native,not_started,not_started,,,,
docs/agora-product/quota.restful.mdx,,migrate_page_after_syntax_and_ia_review,blocked,medium,partial,No matching target product directory found for legacy docs/agora-product; decide tab/product IA before migration.,Confirm target IA and migration strategy for docs/agora-product/quota.restful.mdx.,needs-directive-rewrite|needs-include-standardization,not_started,not_started,,,,
docs/agora-product/resources.mdx,,migrate_page_after_syntax_and_ia_review,blocked,high,no,No matching target product directory found for legacy docs/agora-product; decide tab/product IA before migration.,Confirm target IA and migration strategy for docs/agora-product/resources.mdx.,needs-directive-rewrite|needs-landing-page-normalization,not_started,not_started,,,,
docs/agora-product/response-code.mdx,,migrate_page_after_syntax_and_ia_review,blocked,medium,partial,No matching target product directory found for legacy docs/agora-product; decide tab/product IA before migration.,Confirm target IA and migration strategy for docs/agora-product/response-code.mdx.,needs-directive-rewrite|needs-table-normalization,not_started,not_started,,,,
docs/agora-product/skills-integrate.mdx,,migrate_page_after_syntax_and_ia_review,blocked,medium,partial,No matching target product directory found for legacy docs/agora-product; decide tab/product IA before migration.,Confirm target IA and migration strategy for docs/agora-product/skills-integrate.mdx.,needs-directive-rewrite|needs-include-standardization,not_started,not_started,,,,
docs/agora-product/user-guides/authorization.restful.mdx,,migrate_page_after_syntax_and_ia_review,blocked,medium,partial,No matching target product directory found for legacy docs/agora-product; decide tab/product IA before migration.,Confirm target IA and migration strategy for docs/agora-product/user-guides/authorization.restful.mdx.,needs-directive-rewrite|needs-include-standardization,not_started,not_started,,,,
docs/agora-product/user-guides/set-individual-without-transcoding.restful.mdx,,migrate_page_after_syntax_and_ia_review,blocked,medium,partial,No matching target product directory found for legacy docs/agora-product; decide tab/product IA before migration.,Confirm target IA and migration strategy for docs/agora-product/user-guides/set-individual-without-transcoding.restful.mdx.,needs-directive-rewrite|needs-include-standardization,not_started,not_started,,,,
docs/agora-product/webhook/event1.mdx,,migrate_page_after_syntax_and_ia_review,blocked,low,yes,No matching target product directory found for legacy docs/agora-product; decide tab/product IA before migration.,Confirm target IA and migration strategy for docs/agora-product/webhook/event1.mdx.,ready-native,not_started,not_started,,,,
docs/agora-product/webhook/event2.mdx,,migrate_page_after_syntax_and_ia_review,blocked,low,yes,No matching target product directory found for legacy docs/agora-product; decide tab/product IA before migration.,Confirm target IA and migration strategy for docs/agora-product/webhook/event2.mdx.,ready-native,not_started,not_started,,,,
docs/agora-product/webhook/receive-webhook.mdx,,migrate_page_after_syntax_and_ia_review,blocked,low,yes,No matching target product directory found for legacy docs/agora-product; decide tab/product IA before migration.,Confirm target IA and migration strategy for docs/agora-product/webhook/receive-webhook.mdx.,ready-native,not_started,not_started,,,,
docs/aigc/get-started/enable-service.mdx,content/docs/zh-CN/ai/get-started/enable-service.mdx,migrate_page_after_syntax_and_ia_review,needs_review,medium,partial,,Batch with same product after syntax-map confirmation.,needs-directive-rewrite|needs-include-standardization,not_started,not_started,,,,
docs/aigc/get-started/quick-start.android.mdx,content/docs/zh-CN/ai/get-started/quick-start.android.mdx,migrate_page_after_syntax_and_ia_review,needs_review,medium,partial,,Batch with same product after syntax-map confirmation.,needs-directive-rewrite|needs-image-standard,not_started,not_started,,,,
docs/aigc/get-started/quick-start.ios.mdx,content/docs/zh-CN/ai/get-started/quick-start.ios.mdx,migrate_page_after_syntax_and_ia_review,needs_review,medium,partial,,Batch with same product after syntax-map confirmation.,needs-directive-rewrite|needs-image-standard,not_started,not_started,,,,
docs/aigc/get-started/run-example.android.mdx,content/docs/zh-CN/ai/get-started/run-example.android.mdx,migrate_page_after_syntax_and_ia_review,needs_review,medium,partial,,Batch with same product after syntax-map confirmation.,needs-directive-rewrite,not_started,not_started,,,,
docs/aigc/get-started/run-example.ios.mdx,content/docs/zh-CN/ai/get-started/run-example.ios.mdx,migrate_page_after_syntax_and_ia_review,needs_review,low,yes,,Batch with same product after syntax-map confirmation.,ready-native,not_started,not_started,,,,
docs/aigc/landing-page.mdx,content/docs/zh-CN/ai/landing-page.mdx,migrate_page_after_syntax_and_ia_review,needs_review,high,no,,Review legacy JSX/shared/platform/API patterns before batching.,needs-directive-rewrite|needs-landing-page-normalization,not_started,not_started,,,,
docs/aigc/mcp-integrate.mdx,content/docs/zh-CN/ai/mcp-integrate.mdx,migrate_page_after_syntax_and_ia_review,needs_review,medium,partial,,Batch with same product after syntax-map confirmation.,needs-directive-rewrite|needs-include-standardization,not_started,not_started,,,,
docs/aigc/overview/product-overview.mdx,content/docs/zh-CN/ai/overview/product-overview.mdx,migrate_page_after_syntax_and_ia_review,needs_review,medium,partial,,Batch with same product after syntax-map confirmation.,needs-directive-rewrite|needs-table-normalization|needs-image-standard,not_started,not_started,,,,
docs/aigc/resources.mdx,content/docs/zh-CN/ai/resources.mdx,migrate_page_after_syntax_and_ia_review,needs_review,high,no,,Review legacy JSX/shared/platform/API patterns before batching.,needs-directive-rewrite|needs-landing-page-normalization,not_started,not_started,,,,
docs/aigc/skills-integrate.mdx,content/docs/zh-CN/ai/skills-integrate.mdx,migrate_page_after_syntax_and_ia_review,needs_review,medium,partial,,Batch with same product after syntax-map confirmation.,needs-directive-rewrite|needs-include-standardization,not_started,not_started,,,,
docs/analytics/fls/data.mdx,content/docs/zh-CN/api-reference/analytics/fls/data.mdx,migrate_page_after_syntax_and_ia_review,needs_review,medium,partial,,Batch with same product after syntax-map confirmation.,needs-directive-rewrite|needs-include-standardization,not_started,not_started,,,,
docs/analytics/landing-page.mdx,content/docs/zh-CN/api-reference/analytics/landing-page.mdx,migrate_page_after_syntax_and_ia_review,needs_review,high,no,,Review legacy JSX/shared/platform/API patterns before batching.,needs-directive-rewrite|needs-landing-page-normalization,not_started,not_started,,,,
docs/analytics/mcp-integrate.mdx,content/docs/zh-CN/api-reference/analytics/mcp-integrate.mdx,migrate_page_after_syntax_and_ia_review,needs_review,medium,partial,,Batch with same product after syntax-map confirmation.,needs-directive-rewrite|needs-include-standardization,not_started,not_started,,,,
docs/analytics/overview/billing.mdx,content/docs/zh-CN/api-reference/analytics/overview/billing.mdx,migrate_page_after_syntax_and_ia_review,needs_review,medium,partial,,Batch with same product after syntax-map confirmation.,needs-directive-rewrite|needs-anchor-normalization,not_started,not_started,,,,
docs/analytics/overview/product-overview.mdx,content/docs/zh-CN/api-reference/analytics/overview/product-overview.mdx,migrate_page_after_syntax_and_ia_review,needs_review,medium,partial,,Batch with same product after syntax-map confirmation.,needs-directive-rewrite,not_started,not_started,,,,
docs/analytics/overview/release-notes.mdx,content/docs/zh-CN/api-reference/analytics/overview/release-notes.mdx,migrate_page_after_syntax_and_ia_review,needs_review,medium,partial,,Batch with same product after syntax-map confirmation.,needs-directive-rewrite,not_started,not_started,,,,
docs/analytics/rtc/alarm.mdx,content/docs/zh-CN/api-reference/analytics/rtc/alarm.mdx,migrate_page_after_syntax_and_ia_review,needs_review,low,yes,,Batch with same product after syntax-map confirmation.,ready-native,not_started,not_started,,,,
docs/analytics/rtc/api-limits.mdx,content/docs/zh-CN/api-reference/analytics/rtc/api-limits.mdx,migrate_page_after_syntax_and_ia_review,needs_review,medium,partial,,Batch with same product after syntax-map confirmation.,needs-directive-rewrite|needs-anchor-normalization,not_started,not_started,,,,
docs/analytics/rtc/call-search/call-detail.mdx,content/docs/zh-CN/api-reference/analytics/rtc/call-search/call-detail.mdx,migrate_page_after_syntax_and_ia_review,needs_review,medium,partial,,Batch with same product after syntax-map confirmation.,needs-directive-rewrite|needs-image-standard,not_started,not_started,,,,
docs/analytics/rtc/call-search/concept.mdx,content/docs/zh-CN/api-reference/analytics/rtc/call-search/concept.mdx,migrate_page_after_syntax_and_ia_review,needs_review,medium,partial,,Batch with same product after syntax-map confirmation.,needs-directive-rewrite,not_started,not_started,,,,
docs/analytics/rtc/call-search/overview.mdx,content/docs/zh-CN/api-reference/analytics/rtc/call-search/overview.mdx,migrate_page_after_syntax_and_ia_review,needs_review,medium,partial,,Batch with same product after syntax-map confirmation.,needs-directive-rewrite|needs-image-standard,not_started,not_started,,,,
docs/analytics/rtc/call-search/troubleshooting.mdx,content/docs/zh-CN/api-reference/analytics/rtc/call-search/troubleshooting.mdx,migrate_page_after_syntax_and_ia_review,needs_review,medium,partial,,Batch with same product after syntax-map confirmation.,needs-directive-rewrite|needs-image-standard,not_started,not_started,,,,
docs/analytics/rtc/data-insight/basic.mdx,content/docs/zh-CN/api-reference/analytics/rtc/data-insight/basic.mdx,migrate_page_after_syntax_and_ia_review,needs_review,medium,partial,,Batch with same product after syntax-map confirmation.,needs-directive-rewrite|needs-anchor-normalization,not_started,not_started,,,,
docs/analytics/rtc/data-insight/plus.mdx,content/docs/zh-CN/api-reference/analytics/rtc/data-insight/plus.mdx,migrate_page_after_syntax_and_ia_review,needs_review,medium,partial,,Batch with same product after syntax-map confirmation.,needs-directive-rewrite|needs-image-standard,not_started,not_started,,,,
docs/analytics/rtc/data-insight/troubleshooting.mdx,content/docs/zh-CN/api-reference/analytics/rtc/data-insight/troubleshooting.mdx,migrate_page_after_syntax_and_ia_review,needs_review,low,yes,,Batch with same product after syntax-map confirmation.,ready-native,not_started,not_started,,,,
docs/analytics/rtc/embeded.mdx,content/docs/zh-CN/api-reference/analytics/rtc/embeded.mdx,migrate_page_after_syntax_and_ia_review,needs_review,medium,partial,,Batch with same product after syntax-map confirmation.,needs-directive-rewrite|needs-image-standard|needs-anchor-normalization,not_started,not_started,,,,
docs/analytics/rtc/guarantee-rest.mdx,content/docs/zh-CN/api-reference/analytics/rtc/guarantee-rest.mdx,migrate_page_after_syntax_and_ia_review,needs_review,medium,partial,,Batch with same product after syntax-map confirmation.,needs-directive-rewrite,not_started,not_started,,,,
docs/analytics/rtc/metric-ids.mdx,content/docs/zh-CN/api-reference/analytics/rtc/metric-ids.mdx,migrate_page_after_syntax_and_ia_review,needs_review,low,yes,,Batch with same product after syntax-map confirmation.,ready-native,not_started,not_started,,,,
docs/analytics/rtc/monitor.mdx,content/docs/zh-CN/api-reference/analytics/rtc/monitor.mdx,migrate_page_after_syntax_and_ia_review,needs_review,medium,partial,,Batch with same product after syntax-map confirmation.,needs-directive-rewrite|needs-image-standard,not_started,not_started,,,,
docs/analytics/rtc/response-code.mdx,content/docs/zh-CN/api-reference/analytics/rtc/response-code.mdx,migrate_page_after_syntax_and_ia_review,needs_review,low,yes,,Batch with same product after syntax-map confirmation.,ready-native,not_started,not_started,,,,
docs/analytics/rtm/concept.mdx,content/docs/zh-CN/api-reference/analytics/rtm/concept.mdx,migrate_page_after_syntax_and_ia_review,needs_review,low,yes,,Batch with same product after syntax-map confirmation.,ready-native,not_started,not_started,,,,
docs/analytics/rtm/data-insight.mdx,content/docs/zh-CN/api-reference/analytics/rtm/data-insight.mdx,migrate_page_after_syntax_and_ia_review,needs_review,medium,partial,,Batch with same product after syntax-map confirmation.,needs-directive-rewrite,not_started,not_started,,,,
docs/analytics/skills-integrate.mdx,content/docs/zh-CN/api-reference/analytics/skills-integrate.mdx,migrate_page_after_syntax_and_ia_review,needs_review,medium,partial,,Batch with same product after syntax-map confirmation.,needs-directive-rewrite|needs-include-standardization,not_started,not_started,,,,
docs/art-class/advanced-features/brightness-correction.android.windows.mdx,content/docs/zh-CN/api-reference/online-art-teaching/advanced-features/brightness-correction.android.windows.mdx,migrate_page_after_syntax_and_ia_review,needs_review,high,no,,Review legacy JSX/shared/platform/API patterns before batching.,needs-directive-rewrite|needs-platform-expansion,not_started,not_started,,,,
docs/art-class/advanced-features/brightness-correction.ios.macos.mdx,content/docs/zh-CN/api-reference/online-art-teaching/advanced-features/brightness-correction.ios.macos.mdx,migrate_page_after_syntax_and_ia_review,needs_review,low,yes,,Batch with same product after syntax-map confirmation.,ready-native,not_started,not_started,,,,
docs/art-class/advanced-features/trapezoid-correction.mdx,content/docs/zh-CN/api-reference/online-art-teaching/advanced-features/trapezoid-correction.mdx,migrate_page_after_syntax_and_ia_review,needs_review,high,no,,Review legacy JSX/shared/platform/API patterns before batching.,needs-directive-rewrite|needs-platform-expansion,not_started,not_started,,,,
docs/art-class/api/correction.android.mdx,content/docs/zh-CN/api-reference/online-art-teaching/api/correction.android.mdx,migrate_page_after_syntax_and_ia_review,needs_review,medium,partial,,Batch with same product after syntax-map confirmation.,needs-directive-rewrite|needs-table-normalization|needs-anchor-normalization,not_started,not_started,,,,
docs/art-class/api/correction.ios.macos.mdx,content/docs/zh-CN/api-reference/online-art-teaching/api/correction.ios.macos.mdx,migrate_page_after_syntax_and_ia_review,needs_review,high,no,,Review legacy JSX/shared/platform/API patterns before batching.,needs-directive-rewrite|needs-platform-expansion|needs-table-normalization|needs-anchor-normalization,not_started,not_started,,,,
docs/art-class/api/correction.windows.mdx,content/docs/zh-CN/api-reference/online-art-teaching/api/correction.windows.mdx,migrate_page_after_syntax_and_ia_review,needs_review,medium,partial,,Batch with same product after syntax-map confirmation.,needs-directive-rewrite|needs-table-normalization|needs-anchor-normalization,not_started,not_started,,,,
docs/art-class/get-started/enable-service.mdx,content/docs/zh-CN/api-reference/online-art-teaching/get-started/enable-service.mdx,migrate_page_after_syntax_and_ia_review,needs_review,medium,partial,,Batch with same product after syntax-map confirmation.,needs-directive-rewrite|needs-include-standardization,not_started,not_started,,,,
docs/art-class/get-started/quick-start.mdx,content/docs/zh-CN/api-reference/online-art-teaching/get-started/quick-start.mdx,migrate_page_after_syntax_and_ia_review,needs_review,high,no,,Review legacy JSX/shared/platform/API patterns before batching.,needs-directive-rewrite|needs-platform-expansion,not_started,not_started,,,,
docs/art-class/landing-page.mdx,content/docs/zh-CN/api-reference/online-art-teaching/landing-page.mdx,migrate_page_after_syntax_and_ia_review,needs_review,high,no,,Review legacy JSX/shared/platform/API patterns before batching.,needs-directive-rewrite|needs-platform-expansion|needs-landing-page-normalization,not_started,not_started,,,,
docs/art-class/mcp-integrate.mdx,content/docs/zh-CN/api-reference/online-art-teaching/mcp-integrate.mdx,migrate_page_after_syntax_and_ia_review,needs_review,medium,partial,,Batch with same product after syntax-map confirmation.,needs-directive-rewrite|needs-include-standardization,not_started,not_started,,,,
docs/art-class/overview/product-overview.mdx,content/docs/zh-CN/api-reference/online-art-teaching/overview/product-overview.mdx,migrate_page_after_syntax_and_ia_review,needs_review,medium,partial,,Batch with same product after syntax-map confirmation.,needs-directive-rewrite|needs-include-standardization|needs-image-standard,not_started,not_started,,,,
docs/art-class/resources.mdx,content/docs/zh-CN/api-reference/online-art-teaching/resources.mdx,migrate_page_after_syntax_and_ia_review,needs_review,high,no,,Review legacy JSX/shared/platform/API patterns before batching.,needs-directive-rewrite|needs-platform-expansion,not_started,not_started,,,,
docs/art-class/skills-integrate.mdx,content/docs/zh-CN/api-reference/online-art-teaching/skills-integrate.mdx,migrate_page_after_syntax_and_ia_review,needs_review,medium,partial,,Batch with same product after syntax-map confirmation.,needs-directive-rewrite|needs-include-standardization,not_started,not_started,,,,
docs/breakout-classroom/landing-page.mdx,content/docs/zh-CN/api-reference/private-room/landing-page.mdx,migrate_page_after_syntax_and_ia_review,needs_review,high,no,,Review legacy JSX/shared/platform/API patterns before batching.,needs-directive-rewrite|needs-platform-expansion|needs-landing-page-normalization,not_started,not_started,,,,
docs/breakout-classroom/mcp-integrate.mdx,content/docs/zh-CN/api-reference/private-room/mcp-integrate.mdx,migrate_page_after_syntax_and_ia_review,needs_review,medium,partial,,Batch with same product after syntax-map confirmation.,needs-directive-rewrite|needs-include-standardization,not_started,not_started,,,,
docs/breakout-classroom/overview/product-overview.mdx,content/docs/zh-CN/api-reference/private-room/overview/product-overview.mdx,migrate_page_after_syntax_and_ia_review,needs_review,medium,partial,,Batch with same product after syntax-map confirmation.,needs-directive-rewrite|needs-include-standardization|needs-image-standard,not_started,not_started,,,,
docs/breakout-classroom/paas/architecture.mdx,content/docs/zh-CN/api-reference/private-room/paas/architecture.mdx,migrate_page_after_syntax_and_ia_review,needs_review,medium,partial,,Batch with same product after syntax-map confirmation.,needs-directive-rewrite|needs-include-standardization|needs-image-standard,not_started,not_started,,,,
docs/breakout-classroom/paas/best-practices.mdx,content/docs/zh-CN/api-reference/private-room/paas/best-practices.mdx,migrate_page_after_syntax_and_ia_review,needs_review,high,no,,Review legacy JSX/shared/platform/API patterns before batching.,needs-directive-rewrite|needs-include-standardization|needs-platform-expansion,not_started,not_started,,,,
docs/breakout-classroom/paas/integration-guide.mdx,content/docs/zh-CN/api-reference/private-room/paas/integration-guide.mdx,migrate_page_after_syntax_and_ia_review,needs_review,high,no,,Review legacy JSX/shared/platform/API patterns before batching.,needs-directive-rewrite|needs-include-standardization|needs-platform-expansion,not_started,not_started,,,,
docs/breakout-classroom/skills-integrate.mdx,content/docs/zh-CN/api-reference/private-room/skills-integrate.mdx,migrate_page_after_syntax_and_ia_review,needs_review,medium,partial,,Batch with same product after syntax-map confirmation.,needs-directive-rewrite|needs-include-standardization,not_started,not_started,,,,
docs/chatroom/sdk/api.mdx,content/docs/zh-CN/realtime-media/im/sdk/api.mdx,migrate_page_after_syntax_and_ia_review,needs_review,high,no,,Review legacy JSX/shared/platform/API patterns before batching.,needs-directive-rewrite|needs-platform-expansion,not_started,not_started,,,,
docs/chatroom/sdk/api/im-api.mdx,content/docs/zh-CN/realtime-media/im/sdk/api/im-api.mdx,migrate_page_after_syntax_and_ia_review,needs_review,high,no,,Review legacy JSX/shared/platform/API patterns before batching.,needs-directive-rewrite|needs-platform-expansion,not_started,not_started,,,,
docs/chatroom/sdk/api/rtc-api.mdx,content/docs/zh-CN/realtime-media/im/sdk/api/rtc-api.mdx,migrate_page_after_syntax_and_ia_review,needs_review,high,no,,Review legacy JSX/shared/platform/API patterns before batching.,needs-directive-rewrite|needs-platform-expansion,not_started,not_started,,,,
docs/chatroom/sdk/get-started/enable-service.mdx,content/docs/zh-CN/realtime-media/im/sdk/get-started/enable-service.mdx,migrate_page_after_syntax_and_ia_review,needs_review,medium,partial,,Batch with same product after syntax-map confirmation.,needs-directive-rewrite|needs-include-standardization,not_started,not_started,,,,
docs/chatroom/sdk/get-started/quick-integration.android.mdx,content/docs/zh-CN/realtime-media/im/sdk/get-started/quick-integration.android.mdx,migrate_page_after_syntax_and_ia_review,needs_review,medium,partial,,Batch with same product after syntax-map confirmation.,needs-directive-rewrite|needs-include-standardization|needs-image-standard,not_started,not_started,,,,
docs/chatroom/sdk/get-started/quick-integration.ios.mdx,content/docs/zh-CN/realtime-media/im/sdk/get-started/quick-integration.ios.mdx,migrate_page_after_syntax_and_ia_review,needs_review,medium,partial,,Batch with same product after syntax-map confirmation.,needs-directive-rewrite|needs-include-standardization|needs-image-standard,not_started,not_started,,,,
docs/chatroom/sdk/landing-page.mdx,content/docs/zh-CN/realtime-media/im/sdk/landing-page.mdx,migrate_page_after_syntax_and_ia_review,needs_review,high,no,,Review legacy JSX/shared/platform/API patterns before batching.,needs-directive-rewrite|needs-platform-expansion|needs-landing-page-normalization,not_started,not_started,,,,
docs/chatroom/sdk/mcp-integrate.mdx,content/docs/zh-CN/realtime-media/im/sdk/mcp-integrate.mdx,migrate_page_after_syntax_and_ia_review,needs_review,medium,partial,,Batch with same product after syntax-map confirmation.,needs-directive-rewrite|needs-include-standardization,not_started,not_started,,,,
docs/chatroom/sdk/overview.mdx,content/docs/zh-CN/realtime-media/im/sdk/overview.mdx,migrate_page_after_syntax_and_ia_review,needs_review,medium,partial,,Batch with same product after syntax-map confirmation.,needs-directive-rewrite|needs-include-standardization|needs-image-standard,not_started,not_started,,,,
docs/chatroom/sdk/resources.mdx,content/docs/zh-CN/realtime-media/im/sdk/resources.mdx,migrate_page_after_syntax_and_ia_review,needs_review,high,no,,Review legacy JSX/shared/platform/API patterns before batching.,needs-directive-rewrite|needs-include-standardization|needs-platform-expansion|needs-landing-page-normalization,not_started,not_started,,,,
docs/chatroom/sdk/skills-integrate.mdx,content/docs/zh-CN/realtime-media/im/sdk/skills-integrate.mdx,migrate_page_after_syntax_and_ia_review,needs_review,medium,partial,,Batch with same product after syntax-map confirmation.,needs-directive-rewrite|needs-include-standardization,not_started,not_started,,,,
docs/chatroom/sdk/solution-compare.mdx,content/docs/zh-CN/realtime-media/im/sdk/solution-compare.mdx,migrate_page_after_syntax_and_ia_review,needs_review,medium,partial,,Batch with same product after syntax-map confirmation.,needs-directive-rewrite|needs-table-normalization,not_started,not_started,,,,
docs/chatroom/sdk/user-guides/mic-seat-management.android.mdx,content/docs/zh-CN/realtime-media/im/sdk/user-guides/mic-seat-management.android.mdx,migrate_page_after_syntax_and_ia_review,needs_review,medium,partial,,Batch with same product after syntax-map confirmation.,needs-directive-rewrite|needs-include-standardization|needs-image-standard,not_started,not_started,,,,
docs/chatroom/sdk/user-guides/mic-seat-management.ios.mdx,content/docs/zh-CN/realtime-media/im/sdk/user-guides/mic-seat-management.ios.mdx,migrate_page_after_syntax_and_ia_review,needs_review,medium,partial,,Batch with same product after syntax-map confirmation.,needs-directive-rewrite|needs-include-standardization|needs-image-standard,not_started,not_started,,,,
docs/chatroom/sdk/user-guides/set-audio.android.mdx,content/docs/zh-CN/realtime-media/im/sdk/user-guides/set-audio.android.mdx,migrate_page_after_syntax_and_ia_review,needs_review,medium,partial,,Batch with same product after syntax-map confirmation.,needs-directive-rewrite,not_started,not_started,,,,
docs/chatroom/sdk/user-guides/set-audio.ios.mdx,content/docs/zh-CN/realtime-media/im/sdk/user-guides/set-audio.ios.mdx,migrate_page_after_syntax_and_ia_review,needs_review,medium,partial,,Batch with same product after syntax-map confirmation.,needs-directive-rewrite,not_started,not_started,,,,
docs/chatroom/uikit/get-started/enable-service.mdx,content/docs/zh-CN/realtime-media/im/uikit/get-started/enable-service.mdx,migrate_page_after_syntax_and_ia_review,needs_review,medium,partial,,Batch with same product after syntax-map confirmation.,needs-directive-rewrite|needs-include-standardization|needs-image-standard,not_started,not_started,,,,
docs/chatroom/uikit/get-started/quick-integration.android.mdx,content/docs/zh-CN/realtime-media/im/uikit/get-started/quick-integration.android.mdx,migrate_page_after_syntax_and_ia_review,needs_review,medium,partial,,Batch with same product after syntax-map confirmation.,needs-directive-rewrite|needs-include-standardization|needs-image-standard,not_started,not_started,,,,
docs/chatroom/uikit/get-started/quick-integration.ios.mdx,content/docs/zh-CN/realtime-media/im/uikit/get-started/quick-integration.ios.mdx,migrate_page_after_syntax_and_ia_review,needs_review,medium,partial,,Batch with same product after syntax-map confirmation.,needs-directive-rewrite|needs-include-standardization|needs-image-standard,not_started,not_started,,,,
docs/chatroom/uikit/get-started/run-github-project-backend.mdx,content/docs/zh-CN/realtime-media/im/uikit/get-started/run-github-project-backend.mdx,migrate_page_after_syntax_and_ia_review,needs_review,high,no,,Review legacy JSX/shared/platform/API patterns before batching.,needs-directive-rewrite|needs-table-normalization|needs-landing-page-normalization,not_started,not_started,,,,
docs/chatroom/uikit/get-started/run-github-project.android.mdx,content/docs/zh-CN/realtime-media/im/uikit/get-started/run-github-project.android.mdx,migrate_page_after_syntax_and_ia_review,needs_review,medium,partial,,Batch with same product after syntax-map confirmation.,needs-directive-rewrite|needs-include-standardization,not_started,not_started,,,,
docs/chatroom/uikit/get-started/run-github-project.ios.mdx,content/docs/zh-CN/realtime-media/im/uikit/get-started/run-github-project.ios.mdx,migrate_page_after_syntax_and_ia_review,needs_review,medium,partial,,Batch with same product after syntax-map confirmation.,needs-directive-rewrite|needs-include-standardization|needs-image-standard,not_started,not_started,,,,
docs/chatroom/uikit/landing-page.mdx,content/docs/zh-CN/realtime-media/im/uikit/landing-page.mdx,migrate_page_after_syntax_and_ia_review,needs_review,high,no,,Review legacy JSX/shared/platform/API patterns before batching.,needs-directive-rewrite|needs-platform-expansion|needs-landing-page-normalization,not_started,not_started,,,,
docs/chatroom/uikit/mcp-integrate.mdx,content/docs/zh-CN/realtime-media/im/uikit/mcp-integrate.mdx,migrate_page_after_syntax_and_ia_review,needs_review,medium,partial,,Batch with same product after syntax-map confirmation.,needs-directive-rewrite|needs-include-standardization,not_started,not_started,,,,
docs/chatroom/uikit/overview.mdx,content/docs/zh-CN/realtime-media/im/uikit/overview.mdx,migrate_page_after_syntax_and_ia_review,needs_review,high,no,,Review legacy JSX/shared/platform/API patterns before batching.,needs-directive-rewrite|needs-include-standardization|needs-platform-expansion,not_started,not_started,,,,
docs/chatroom/uikit/resources.mdx,content/docs/zh-CN/realtime-media/im/uikit/resources.mdx,migrate_page_after_syntax_and_ia_review,needs_review,high,no,,Review legacy JSX/shared/platform/API patterns before batching.,needs-directive-rewrite|needs-include-standardization|needs-platform-expansion|needs-landing-page-normalization,not_started,not_started,,,,
docs/chatroom/uikit/skills-integrate.mdx,content/docs/zh-CN/realtime-media/im/uikit/skills-integrate.mdx,migrate_page_after_syntax_and_ia_review,needs_review,medium,partial,,Batch with same product after syntax-map confirmation.,needs-directive-rewrite|needs-include-standardization,not_started,not_started,,,,
docs/chatroom/uikit/solution-compare.mdx,content/docs/zh-CN/realtime-media/im/uikit/solution-compare.mdx,migrate_page_after_syntax_and_ia_review,needs_review,medium,partial,,Batch with same product after syntax-map confirmation.,needs-directive-rewrite|needs-table-normalization,not_started,not_started,,,,
docs/cloud-recording/_en-only/01-acquire-region.mdx,content/docs/zh-CN/api-reference/cloud-recording/_en-only/01-acquire-region.mdx,migrate_page_after_syntax_and_ia_review,needs_review,low,yes,,Batch with same product after syntax-map confirmation.,ready-native,not_started,not_started,,,,
docs/cloud-recording/_en-only/cloud-recording.md,content/docs/zh-CN/api-reference/cloud-recording/_en-only/cloud-recording.md,migrate_page_after_syntax_and_ia_review,needs_review,medium,partial,,Batch with same product after syntax-map confirmation.,needs-anchor-normalization,not_started,not_started,,,,
docs/cloud-recording/_example/_01-guide.mdx,content/docs/zh-CN/api-reference/cloud-recording/_example/_01-guide.mdx,migrate_page_after_syntax_and_ia_review,needs_review,low,yes,,Batch with same product after syntax-map confirmation.,ready-native,not_started,not_started,,,,
docs/cloud-recording/_example/_01-individual-trans-basic-rec.mdx,content/docs/zh-CN/api-reference/cloud-recording/_example/_01-individual-trans-basic-rec.mdx,migrate_page_after_syntax_and_ia_review,needs_review,low,yes,,Batch with same product after syntax-map confirmation.,ready-native,not_started,not_started,,,,
docs/cloud-recording/_example/_02-guide.mdx,content/docs/zh-CN/api-reference/cloud-recording/_example/_02-guide.mdx,migrate_page_after_syntax_and_ia_review,needs_review,low,yes,,Batch with same product after syntax-map confirmation.,ready-native,not_started,not_started,,,,
docs/cloud-recording/_example/_02-individual-trans-postpone-rec.mdx,content/docs/zh-CN/api-reference/cloud-recording/_example/_02-individual-trans-postpone-rec.mdx,migrate_page_after_syntax_and_ia_review,needs_review,low,yes,,Batch with same product after syntax-map confirmation.,ready-native,not_started,not_started,,,,
docs/cloud-recording/_example/_03-guide.mdx,content/docs/zh-CN/api-reference/cloud-recording/_example/_03-guide.mdx,migrate_page_after_syntax_and_ia_review,needs_review,low,yes,,Batch with same product after syntax-map confirmation.,ready-native,not_started,not_started,,,,
docs/cloud-recording/_example/_03-individual-non-trans-basic-rec.mdx,content/docs/zh-CN/api-reference/cloud-recording/_example/_03-individual-non-trans-basic-rec.mdx,migrate_page_after_syntax_and_ia_review,needs_review,low,yes,,Batch with same product after syntax-map confirmation.,ready-native,not_started,not_started,,,,
docs/cloud-recording/_example/_04-guide.mdx,content/docs/zh-CN/api-reference/cloud-recording/_example/_04-guide.mdx,migrate_page_after_syntax_and_ia_review,needs_review,low,yes,,Batch with same product after syntax-map confirmation.,ready-native,not_started,not_started,,,,
docs/cloud-recording/_example/_04-individual-non-trans-audio-mix-rec.mdx,content/docs/zh-CN/api-reference/cloud-recording/_example/_04-individual-non-trans-audio-mix-rec.mdx,migrate_page_after_syntax_and_ia_review,needs_review,low,yes,,Batch with same product after syntax-map confirmation.,ready-native,not_started,not_started,,,,
docs/cloud-recording/_example/_05-guide.mdx,content/docs/zh-CN/api-reference/cloud-recording/_example/_05-guide.mdx,migrate_page_after_syntax_and_ia_review,needs_review,low,yes,,Batch with same product after syntax-map confirmation.,ready-native,not_started,not_started,,,,
docs/cloud-recording/_example/_05-individual-snapshot.mdx,content/docs/zh-CN/api-reference/cloud-recording/_example/_05-individual-snapshot.mdx,migrate_page_after_syntax_and_ia_review,needs_review,low,yes,,Batch with same product after syntax-map confirmation.,ready-native,not_started,not_started,,,,
docs/cloud-recording/_example/_06-guide.mdx,content/docs/zh-CN/api-reference/cloud-recording/_example/_06-guide.mdx,migrate_page_after_syntax_and_ia_review,needs_review,low,yes,,Batch with same product after syntax-map confirmation.,ready-native,not_started,not_started,,,,
docs/cloud-recording/_example/_06-individual-snapshot-with-rec.mdx,content/docs/zh-CN/api-reference/cloud-recording/_example/_06-individual-snapshot-with-rec.mdx,migrate_page_after_syntax_and_ia_review,needs_review,low,yes,,Batch with same product after syntax-map confirmation.,ready-native,not_started,not_started,,,,
docs/cloud-recording/_example/_11-composite-rec.mdx,content/docs/zh-CN/api-reference/cloud-recording/_example/_11-composite-rec.mdx,migrate_page_after_syntax_and_ia_review,needs_review,low,yes,,Batch with same product after syntax-map confirmation.,ready-native,not_started,not_started,,,,
docs/cloud-recording/_example/_11-guide-0.mdx,content/docs/zh-CN/api-reference/cloud-recording/_example/_11-guide-0.mdx,migrate_page_after_syntax_and_ia_review,needs_review,low,yes,,Batch with same product after syntax-map confirmation.,ready-native,not_started,not_started,,,,
docs/cloud-recording/_example/_11-guide-1.mdx,content/docs/zh-CN/api-reference/cloud-recording/_example/_11-guide-1.mdx,migrate_page_after_syntax_and_ia_review,needs_review,low,yes,,Batch with same product after syntax-map confirmation.,ready-native,not_started,not_started,,,,
docs/cloud-recording/_example/_11-guide-2.mdx,content/docs/zh-CN/api-reference/cloud-recording/_example/_11-guide-2.mdx,migrate_page_after_syntax_and_ia_review,needs_review,low,yes,,Batch with same product after syntax-map confirmation.,ready-native,not_started,not_started,,,,
docs/cloud-recording/_example/_11-guide-3.mdx,content/docs/zh-CN/api-reference/cloud-recording/_example/_11-guide-3.mdx,migrate_page_after_syntax_and_ia_review,needs_review,low,yes,,Batch with same product after syntax-map confirmation.,ready-native,not_started,not_started,,,,
docs/cloud-recording/_example/_21-guide.mdx,content/docs/zh-CN/api-reference/cloud-recording/_example/_21-guide.mdx,migrate_page_after_syntax_and_ia_review,needs_review,low,yes,,Batch with same product after syntax-map confirmation.,ready-native,not_started,not_started,,,,
docs/cloud-recording/_example/_21-webpage-rec.mdx,content/docs/zh-CN/api-reference/cloud-recording/_example/_21-webpage-rec.mdx,migrate_page_after_syntax_and_ia_review,needs_review,low,yes,,Batch with same product after syntax-map confirmation.,ready-native,not_started,not_started,,,,
docs/cloud-recording/_example/_22-guide.mdx,content/docs/zh-CN/api-reference/cloud-recording/_example/_22-guide.mdx,migrate_page_after_syntax_and_ia_review,needs_review,low,yes,,Batch with same product after syntax-map confirmation.,ready-native,not_started,not_started,,,,
docs/cloud-recording/_example/_22-webpage-cdn-with-rec.mdx,content/docs/zh-CN/api-reference/cloud-recording/_example/_22-webpage-cdn-with-rec.mdx,migrate_page_after_syntax_and_ia_review,needs_review,low,yes,,Batch with same product after syntax-map confirmation.,ready-native,not_started,not_started,,,,
docs/cloud-recording/api/reference.mdx,content/docs/zh-CN/api-reference/cloud-recording/api/reference.mdx,migrate_page_after_syntax_and_ia_review,needs_review,medium,partial,,Batch with same product after syntax-map confirmation.,needs-directive-rewrite|needs-include-standardization|needs-table-normalization,not_started,not_started,,,,
docs/cloud-recording/best-practices/checklist.mdx,content/docs/zh-CN/api-reference/cloud-recording/best-practices/checklist.mdx,migrate_page_after_syntax_and_ia_review,needs_review,medium,partial,,Batch with same product after syntax-map confirmation.,needs-directive-rewrite|needs-table-normalization,not_started,not_started,,,,
docs/cloud-recording/best-practices/recording-status.mdx,content/docs/zh-CN/api-reference/cloud-recording/best-practices/recording-status.mdx,migrate_page_after_syntax_and_ia_review,needs_review,medium,partial,,Batch with same product after syntax-map confirmation.,needs-directive-rewrite|needs-anchor-normalization,not_started,not_started,,,,
docs/cloud-recording/best-practices/rest-availability.mdx,content/docs/zh-CN/api-reference/cloud-recording/best-practices/rest-availability.mdx,migrate_page_after_syntax_and_ia_review,needs_review,low,yes,,Batch with same product after syntax-map confirmation.,ready-native,not_started,not_started,,,,
docs/cloud-recording/best-practices/webpage.mdx,content/docs/zh-CN/api-reference/cloud-recording/best-practices/webpage.mdx,migrate_page_after_syntax_and_ia_review,needs_review,medium,partial,,Batch with same product after syntax-map confirmation.,needs-directive-rewrite|needs-image-standard,not_started,not_started,,,,
docs/cloud-recording/get-started/enable-service.mdx,content/docs/zh-CN/api-reference/cloud-recording/get-started/enable-service.mdx,migrate_page_after_syntax_and_ia_review,needs_review,medium,partial,,Batch with same product after syntax-map confirmation.,needs-directive-rewrite|needs-include-standardization|needs-image-standard,not_started,not_started,,,,
docs/cloud-recording/get-started/quick-start-go.mdx,content/docs/zh-CN/api-reference/cloud-recording/get-started/quick-start-go.mdx,migrate_page_after_syntax_and_ia_review,needs_review,high,no,,Review legacy JSX/shared/platform/API patterns before batching.,needs-directive-rewrite|needs-image-standard|needs-landing-page-normalization,not_started,not_started,,,,
docs/cloud-recording/get-started/quick-start-java.mdx,content/docs/zh-CN/api-reference/cloud-recording/get-started/quick-start-java.mdx,migrate_page_after_syntax_and_ia_review,needs_review,high,no,,Review legacy JSX/shared/platform/API patterns before batching.,needs-directive-rewrite|needs-image-standard|needs-landing-page-normalization,not_started,not_started,,,,
docs/cloud-recording/get-started/quick-start-nodejs.mdx,content/docs/zh-CN/api-reference/cloud-recording/get-started/quick-start-nodejs.mdx,migrate_page_after_syntax_and_ia_review,needs_review,high,no,,Review legacy JSX/shared/platform/API patterns before batching.,needs-directive-rewrite|needs-image-standard|needs-landing-page-normalization,not_started,not_started,,,,
docs/cloud-recording/get-started/quick-start.mdx,content/docs/zh-CN/api-reference/cloud-recording/get-started/quick-start.mdx,migrate_page_after_syntax_and_ia_review,needs_review,medium,partial,,Batch with same product after syntax-map confirmation.,needs-directive-rewrite|needs-image-standard,not_started,not_started,,,,
docs/cloud-recording/landing-page.mdx,content/docs/zh-CN/api-reference/cloud-recording/landing-page.mdx,migrate_page_after_syntax_and_ia_review,needs_review,high,no,,Review legacy JSX/shared/platform/API patterns before batching.,needs-directive-rewrite|needs-landing-page-normalization,not_started,not_started,,,,
docs/cloud-recording/mcp-integrate.mdx,content/docs/zh-CN/api-reference/cloud-recording/mcp-integrate.mdx,migrate_page_after_syntax_and_ia_review,needs_review,medium,partial,,Batch with same product after syntax-map confirmation.,needs-directive-rewrite|needs-include-standardization,not_started,not_started,,,,
docs/cloud-recording/overview/billing-strategy/billing.mdx,content/docs/zh-CN/api-reference/cloud-recording/overview/billing-strategy/billing.mdx,migrate_page_after_syntax_and_ia_review,needs_review,medium,partial,,Batch with same product after syntax-map confirmation.,needs-directive-rewrite|needs-include-standardization|needs-table-normalization,not_started,not_started,,,,
docs/cloud-recording/overview/billing-strategy/payment.mdx,content/docs/zh-CN/api-reference/cloud-recording/overview/billing-strategy/payment.mdx,migrate_page_after_syntax_and_ia_review,needs_review,medium,partial,,Batch with same product after syntax-map confirmation.,needs-directive-rewrite|needs-include-standardization|needs-image-standard,not_started,not_started,,,,
docs/cloud-recording/overview/billing-strategy/snapshot-billing.mdx,content/docs/zh-CN/api-reference/cloud-recording/overview/billing-strategy/snapshot-billing.mdx,migrate_page_after_syntax_and_ia_review,needs_review,medium,partial,,Batch with same product after syntax-map confirmation.,needs-directive-rewrite|needs-include-standardization,not_started,not_started,,,,
docs/cloud-recording/overview/billing-strategy/webpage-billing.mdx,content/docs/zh-CN/api-reference/cloud-recording/overview/billing-strategy/webpage-billing.mdx,migrate_page_after_syntax_and_ia_review,needs_review,medium,partial,,Batch with same product after syntax-map confirmation.,needs-directive-rewrite|needs-include-standardization|needs-image-standard,not_started,not_started,,,,
docs/cloud-recording/overview/concepts.mdx,content/docs/zh-CN/api-reference/cloud-recording/overview/concepts.mdx,migrate_page_after_syntax_and_ia_review,needs_review,medium,partial,,Batch with same product after syntax-map confirmation.,needs-directive-rewrite|needs-table-normalization,not_started,not_started,,,,
docs/cloud-recording/overview/product-overview.mdx,content/docs/zh-CN/api-reference/cloud-recording/overview/product-overview.mdx,migrate_page_after_syntax_and_ia_review,needs_review,medium,partial,,Batch with same product after syntax-map confirmation.,needs-directive-rewrite|needs-table-normalization,not_started,not_started,,,,
docs/cloud-recording/overview/release-notes.mdx,content/docs/zh-CN/api-reference/cloud-recording/overview/release-notes.mdx,migrate_page_after_syntax_and_ia_review,needs_review,medium,partial,,Batch with same product after syntax-map confirmation.,needs-directive-rewrite,not_started,not_started,,,,
docs/cloud-recording/quota.mdx,content/docs/zh-CN/api-reference/cloud-recording/quota.mdx,migrate_page_after_syntax_and_ia_review,needs_review,medium,partial,,Batch with same product after syntax-map confirmation.,needs-directive-rewrite|needs-include-standardization,not_started,not_started,,,,
docs/cloud-recording/response-code.mdx,content/docs/zh-CN/api-reference/cloud-recording/response-code.mdx,migrate_page_after_syntax_and_ia_review,needs_review,medium,partial,,Batch with same product after syntax-map confirmation.,needs-directive-rewrite|needs-table-normalization,not_started,not_started,,,,
docs/cloud-recording/skills-integrate.mdx,content/docs/zh-CN/api-reference/cloud-recording/skills-integrate.mdx,migrate_page_after_syntax_and_ia_review,needs_review,medium,partial,,Batch with same product after syntax-map confirmation.,needs-directive-rewrite|needs-include-standardization,not_started,not_started,,,,
docs/cloud-recording/user-guides/http-basic-auth.mdx,content/docs/zh-CN/api-reference/cloud-recording/user-guides/http-basic-auth.mdx,migrate_page_after_syntax_and_ia_review,needs_review,medium,partial,,Batch with same product after syntax-map confirmation.,needs-directive-rewrite|needs-include-standardization,not_started,not_started,,,,
docs/cloud-recording/user-guides/individual-mode/set-individual-without-transcoding.mdx,content/docs/zh-CN/api-reference/cloud-recording/user-guides/individual-mode/set-individual-without-transcoding.mdx,migrate_page_after_syntax_and_ia_review,needs_review,medium,partial,,Batch with same product after syntax-map confirmation.,needs-directive-rewrite|needs-include-standardization|needs-image-standard,not_started,not_started,,,,
docs/cloud-recording/user-guides/individual-mode/set-individual.mdx,content/docs/zh-CN/api-reference/cloud-recording/user-guides/individual-mode/set-individual.mdx,migrate_page_after_syntax_and_ia_review,needs_review,high,no,,Review legacy JSX/shared/platform/API patterns before batching.,needs-directive-rewrite|needs-include-standardization|needs-table-normalization|needs-image-standard|needs-api-reference-source,not_started,not_started,,,,
docs/cloud-recording/user-guides/manage-file/convert-format.mdx,content/docs/zh-CN/api-reference/cloud-recording/user-guides/manage-file/convert-format.mdx,migrate_page_after_syntax_and_ia_review,needs_review,medium,partial,,Batch with same product after syntax-map confirmation.,needs-directive-rewrite,not_started,not_started,,,,
docs/cloud-recording/user-guides/manage-file/introduce-recorded-files.mdx,content/docs/zh-CN/api-reference/cloud-recording/user-guides/manage-file/introduce-recorded-files.mdx,migrate_page_after_syntax_and_ia_review,needs_review,medium,partial,,Batch with same product after syntax-map confirmation.,needs-directive-rewrite,not_started,not_started,,,,
docs/cloud-recording/user-guides/manage-file/play-online.mdx,content/docs/zh-CN/api-reference/cloud-recording/user-guides/manage-file/play-online.mdx,migrate_page_after_syntax_and_ia_review,needs_review,medium,partial,,Batch with same product after syntax-map confirmation.,needs-directive-rewrite|needs-image-standard,not_started,not_started,,,,
docs/cloud-recording/user-guides/manage-file/playback.mdx,content/docs/zh-CN/api-reference/cloud-recording/user-guides/manage-file/playback.mdx,migrate_page_after_syntax_and_ia_review,needs_review,medium,partial,,Batch with same product after syntax-map confirmation.,needs-directive-rewrite,not_started,not_started,,,,
docs/cloud-recording/user-guides/mix-mode/set-composite-layout.mdx,content/docs/zh-CN/api-reference/cloud-recording/user-guides/mix-mode/set-composite-layout.mdx,migrate_page_after_syntax_and_ia_review,needs_review,medium,partial,,Batch with same product after syntax-map confirmation.,needs-directive-rewrite|needs-table-normalization|needs-image-standard,not_started,not_started,,,,
docs/cloud-recording/user-guides/mix-mode/set-composite.mdx,content/docs/zh-CN/api-reference/cloud-recording/user-guides/mix-mode/set-composite.mdx,migrate_page_after_syntax_and_ia_review,needs_review,high,no,,Review legacy JSX/shared/platform/API patterns before batching.,needs-directive-rewrite|needs-include-standardization|needs-table-normalization|needs-image-standard|needs-api-reference-source,not_started,not_started,,,,
docs/cloud-recording/user-guides/snapshot.mdx,content/docs/zh-CN/api-reference/cloud-recording/user-guides/snapshot.mdx,migrate_page_after_syntax_and_ia_review,needs_review,high,no,,Review legacy JSX/shared/platform/API patterns before batching.,needs-directive-rewrite|needs-include-standardization|needs-table-normalization|needs-api-reference-source,not_started,not_started,,,,
docs/cloud-recording/user-guides/web-mode/set-webpage-recording.mdx,content/docs/zh-CN/api-reference/cloud-recording/user-guides/web-mode/set-webpage-recording.mdx,migrate_page_after_syntax_and_ia_review,needs_review,high,no,,Review legacy JSX/shared/platform/API patterns before batching.,needs-directive-rewrite|needs-include-standardization|needs-image-standard|needs-api-reference-source,not_started,not_started,,,,
docs/cloud-recording/webhook/enable-ncs.mdx,content/docs/zh-CN/api-reference/cloud-recording/webhook/enable-ncs.mdx,migrate_page_after_syntax_and_ia_review,needs_review,medium,partial,,Batch with same product after syntax-map confirmation.,needs-directive-rewrite|needs-include-standardization|needs-anchor-normalization,not_started,not_started,,,,
docs/cloud-recording/webhook/ncs-events.mdx,content/docs/zh-CN/api-reference/cloud-recording/webhook/ncs-events.mdx,migrate_page_after_syntax_and_ia_review,needs_review,medium,partial,,Batch with same product after syntax-map confirmation.,needs-directive-rewrite|needs-image-standard,not_started,not_started,,,,
docs/cloud-recording/webhook/service.mdx,content/docs/zh-CN/api-reference/cloud-recording/webhook/service.mdx,migrate_page_after_syntax_and_ia_review,needs_review,medium,partial,,Batch with same product after syntax-map confirmation.,needs-anchor-normalization,not_started,not_started,,,,
docs/cloud-recording/webhook/status.mdx,content/docs/zh-CN/api-reference/cloud-recording/webhook/status.mdx,migrate_page_after_syntax_and_ia_review,needs_review,medium,partial,,Batch with same product after syntax-map confirmation.,needs-anchor-normalization,not_started,not_started,,,,
docs/cloud-recording/webhook/uploading.mdx,content/docs/zh-CN/api-reference/cloud-recording/webhook/uploading.mdx,migrate_page_after_syntax_and_ia_review,needs_review,medium,partial,,Batch with same product after syntax-map confirmation.,needs-directive-rewrite|needs-anchor-normalization,not_started,not_started,,,,
docs/cloud-recording/webhook/webpage.mdx,content/docs/zh-CN/api-reference/cloud-recording/webhook/webpage.mdx,migrate_page_after_syntax_and_ia_review,needs_review,medium,partial,,Batch with same product after syntax-map confirmation.,needs-anchor-normalization,not_started,not_started,,,,
docs/cloud-transcoder/api/video-profile.mdx,content/docs/zh-CN/api-reference/cloud-transcoding/api/video-profile.mdx,migrate_page_after_syntax_and_ia_review,needs_review,medium,partial,,Batch with same product after syntax-map confirmation.,needs-directive-rewrite|needs-include-standardization,not_started,not_started,,,,
docs/cloud-transcoder/best-practices/check-service.mdx,content/docs/zh-CN/api-reference/cloud-transcoding/best-practices/check-service.mdx,migrate_page_after_syntax_and_ia_review,needs_review,medium,partial,,Batch with same product after syntax-map confirmation.,needs-directive-rewrite,not_started,not_started,,,,
docs/cloud-transcoder/best-practices/rest-availability.mdx,content/docs/zh-CN/api-reference/cloud-transcoding/best-practices/rest-availability.mdx,migrate_page_after_syntax_and_ia_review,needs_review,medium,partial,,Batch with same product after syntax-map confirmation.,needs-directive-rewrite|needs-include-standardization,not_started,not_started,,,,
docs/cloud-transcoder/get-started/call-api.mdx,content/docs/zh-CN/api-reference/cloud-transcoding/get-started/call-api.mdx,migrate_page_after_syntax_and_ia_review,needs_review,low,yes,,Batch with same product after syntax-map confirmation.,ready-native,not_started,not_started,,,,
docs/cloud-transcoder/get-started/enable-service.mdx,content/docs/zh-CN/api-reference/cloud-transcoding/get-started/enable-service.mdx,migrate_page_after_syntax_and_ia_review,needs_review,medium,partial,,Batch with same product after syntax-map confirmation.,needs-directive-rewrite|needs-include-standardization,not_started,not_started,,,,
docs/cloud-transcoder/get-started/quick-start-go.mdx,content/docs/zh-CN/api-reference/cloud-transcoding/get-started/quick-start-go.mdx,migrate_page_after_syntax_and_ia_review,needs_review,high,no,,Review legacy JSX/shared/platform/API patterns before batching.,needs-directive-rewrite|needs-landing-page-normalization,not_started,not_started,,,,
docs/cloud-transcoder/landing-page.mdx,content/docs/zh-CN/api-reference/cloud-transcoding/landing-page.mdx,migrate_page_after_syntax_and_ia_review,needs_review,high,no,,Review legacy JSX/shared/platform/API patterns before batching.,needs-directive-rewrite|needs-landing-page-normalization,not_started,not_started,,,,
docs/cloud-transcoder/mcp-integrate.mdx,content/docs/zh-CN/api-reference/cloud-transcoding/mcp-integrate.mdx,migrate_page_after_syntax_and_ia_review,needs_review,medium,partial,,Batch with same product after syntax-map confirmation.,needs-directive-rewrite|needs-include-standardization,not_started,not_started,,,,
docs/cloud-transcoder/overview/billing.mdx,content/docs/zh-CN/api-reference/cloud-transcoding/overview/billing.mdx,migrate_page_after_syntax_and_ia_review,needs_review,medium,partial,,Batch with same product after syntax-map confirmation.,needs-directive-rewrite|needs-include-standardization|needs-table-normalization|needs-image-standard,not_started,not_started,,,,
docs/cloud-transcoder/overview/product-overview.mdx,content/docs/zh-CN/api-reference/cloud-transcoding/overview/product-overview.mdx,migrate_page_after_syntax_and_ia_review,needs_review,medium,partial,,Batch with same product after syntax-map confirmation.,needs-directive-rewrite|needs-include-standardization|needs-table-normalization,not_started,not_started,,,,
docs/cloud-transcoder/quota.mdx,content/docs/zh-CN/api-reference/cloud-transcoding/quota.mdx,migrate_page_after_syntax_and_ia_review,needs_review,medium,partial,,Batch with same product after syntax-map confirmation.,needs-directive-rewrite|needs-include-standardization|needs-table-normalization,not_started,not_started,,,,
docs/cloud-transcoder/response-code.mdx,content/docs/zh-CN/api-reference/cloud-transcoding/response-code.mdx,migrate_page_after_syntax_and_ia_review,needs_review,medium,partial,,Batch with same product after syntax-map confirmation.,needs-directive-rewrite,not_started,not_started,,,,
docs/cloud-transcoder/skills-integrate.mdx,content/docs/zh-CN/api-reference/cloud-transcoding/skills-integrate.mdx,migrate_page_after_syntax_and_ia_review,needs_review,medium,partial,,Batch with same product after syntax-map confirmation.,needs-directive-rewrite|needs-include-standardization,not_started,not_started,,,,
docs/cloud-transcoder/user-guides/enable-multiple-bitrate.mdx,content/docs/zh-CN/api-reference/cloud-transcoding/user-guides/enable-multiple-bitrate.mdx,migrate_page_after_syntax_and_ia_review,needs_review,medium,partial,,Batch with same product after syntax-map confirmation.,needs-directive-rewrite|needs-image-standard,not_started,not_started,,,,
docs/cloud-transcoder/user-guides/http-auth.mdx,content/docs/zh-CN/api-reference/cloud-transcoding/user-guides/http-auth.mdx,migrate_page_after_syntax_and_ia_review,needs_review,medium,partial,,Batch with same product after syntax-map confirmation.,needs-directive-rewrite|needs-include-standardization,not_started,not_started,,,,
docs/cloud-transcoder/webhook/enable-event-notification.mdx,content/docs/zh-CN/api-reference/cloud-transcoding/webhook/enable-event-notification.mdx,migrate_page_after_syntax_and_ia_review,needs_review,medium,partial,,Batch with same product after syntax-map confirmation.,needs-directive-rewrite|needs-include-standardization|needs-anchor-normalization,not_started,not_started,,,,
docs/cloud-transcoder/webhook/ncs-events.mdx,content/docs/zh-CN/api-reference/cloud-transcoding/webhook/ncs-events.mdx,migrate_page_after_syntax_and_ia_review,needs_review,medium,partial,,Batch with same product after syntax-map confirmation.,needs-directive-rewrite|needs-include-standardization,not_started,not_started,,,,
docs/console/api/guarantee-rest.mdx,content/docs/zh-CN/api-reference/console/api/guarantee-rest.mdx,migrate_page_after_syntax_and_ia_review,needs_review,medium,partial,,Batch with same product after syntax-map confirmation.,needs-directive-rewrite,not_started,not_started,,,,
docs/console/api/quota.mdx,content/docs/zh-CN/api-reference/console/api/quota.mdx,migrate_page_after_syntax_and_ia_review,needs_review,low,yes,,Batch with same product after syntax-map confirmation.,ready-native,not_started,not_started,,,,
docs/console/api/response-code.mdx,content/docs/zh-CN/api-reference/console/api/response-code.mdx,migrate_page_after_syntax_and_ia_review,needs_review,medium,partial,,Batch with same product after syntax-map confirmation.,needs-directive-rewrite,not_started,not_started,,,,
docs/console/landing-page.mdx,content/docs/zh-CN/api-reference/console/landing-page.mdx,migrate_page_after_syntax_and_ia_review,needs_review,high,no,,Review legacy JSX/shared/platform/API patterns before batching.,needs-directive-rewrite|needs-landing-page-normalization,not_started,not_started,,,,
docs/console/mcp-integrate.mdx,content/docs/zh-CN/api-reference/console/mcp-integrate.mdx,migrate_page_after_syntax_and_ia_review,needs_review,medium,partial,,Batch with same product after syntax-map confirmation.,needs-directive-rewrite|needs-include-standardization,not_started,not_started,,,,
docs/console/quickstart.mdx,content/docs/zh-CN/api-reference/console/quickstart.mdx,migrate_page_after_syntax_and_ia_review,needs_review,medium,partial,,Batch with same product after syntax-map confirmation.,needs-directive-rewrite|needs-include-standardization|needs-image-standard,not_started,not_started,,,,
docs/console/skills-integrate.mdx,content/docs/zh-CN/api-reference/console/skills-integrate.mdx,migrate_page_after_syntax_and_ia_review,needs_review,medium,partial,,Batch with same product after syntax-map confirmation.,needs-directive-rewrite|needs-include-standardization,not_started,not_started,,,,
docs/console/user-guides/manage_authentication.mdx,content/docs/zh-CN/api-reference/console/user-guides/manage_authentication.mdx,migrate_page_after_syntax_and_ia_review,needs_review,medium,partial,,Batch with same product after syntax-map confirmation.,needs-directive-rewrite|needs-image-standard,not_started,not_started,,,,
docs/console/user-guides/manage-member.mdx,content/docs/zh-CN/api-reference/console/user-guides/manage-member.mdx,migrate_page_after_syntax_and_ia_review,needs_review,medium,partial,,Batch with same product after syntax-map confirmation.,needs-directive-rewrite|needs-image-standard,not_started,not_started,,,,
docs/console/user-guides/token_authentication.mdx,content/docs/zh-CN/api-reference/console/user-guides/token_authentication.mdx,migrate_page_after_syntax_and_ia_review,needs_review,low,yes,,Batch with same product after syntax-map confirmation.,ready-native,not_started,not_started,,,,
docs/console/user-guides/usage.mdx,content/docs/zh-CN/api-reference/console/user-guides/usage.mdx,migrate_page_after_syntax_and_ia_review,needs_review,medium,partial,,Batch with same product after syntax-map confirmation.,needs-directive-rewrite|needs-image-standard,not_started,not_started,,,,
docs/console/user-guides/user-identity-verification.mdx,content/docs/zh-CN/api-reference/console/user-guides/user-identity-verification.mdx,migrate_page_after_syntax_and_ia_review,needs_review,medium,partial,,Batch with same product after syntax-map confirmation.,needs-directive-rewrite|needs-table-normalization|needs-image-standard,not_started,not_started,,,,
docs/conversion-ppt/billing.mdx,content/docs/zh-CN/api-reference/ppt-conversion-service/billing.mdx,migrate_page_after_syntax_and_ia_review,needs_review,medium,partial,,Batch with same product after syntax-map confirmation.,needs-directive-rewrite|needs-image-standard,not_started,not_started,,,,
docs/conversion-ppt/convert-ppt.mdx,content/docs/zh-CN/api-reference/ppt-conversion-service/convert-ppt.mdx,migrate_page_after_syntax_and_ia_review,needs_review,medium,partial,,Batch with same product after syntax-map confirmation.,needs-directive-rewrite|needs-table-normalization,not_started,not_started,,,,
docs/conversion-ppt/get-started/enable-service.mdx,content/docs/zh-CN/api-reference/ppt-conversion-service/get-started/enable-service.mdx,migrate_page_after_syntax_and_ia_review,needs_review,medium,partial,,Batch with same product after syntax-map confirmation.,needs-directive-rewrite|needs-include-standardization|needs-image-standard,not_started,not_started,,,,
docs/conversion-ppt/get-started/quick-start.mdx,content/docs/zh-CN/api-reference/ppt-conversion-service/get-started/quick-start.mdx,migrate_page_after_syntax_and_ia_review,needs_review,medium,partial,,Batch with same product after syntax-map confirmation.,needs-directive-rewrite|needs-image-standard,not_started,not_started,,,,
docs/conversion-ppt/get-started/render-ppt.mdx,content/docs/zh-CN/api-reference/ppt-conversion-service/get-started/render-ppt.mdx,migrate_page_after_syntax_and_ia_review,needs_review,medium,partial,,Batch with same product after syntax-map confirmation.,needs-directive-rewrite|needs-anchor-normalization,not_started,not_started,,,,
docs/conversion-ppt/landing-page.mdx,content/docs/zh-CN/api-reference/ppt-conversion-service/landing-page.mdx,migrate_page_after_syntax_and_ia_review,needs_review,high,no,,Review legacy JSX/shared/platform/API patterns before batching.,needs-directive-rewrite|needs-landing-page-normalization,not_started,not_started,,,,
docs/conversion-ppt/mcp-integrate.mdx,content/docs/zh-CN/api-reference/ppt-conversion-service/mcp-integrate.mdx,migrate_page_after_syntax_and_ia_review,needs_review,medium,partial,,Batch with same product after syntax-map confirmation.,needs-directive-rewrite|needs-include-standardization,not_started,not_started,,,,
docs/conversion-ppt/product-overview.mdx,content/docs/zh-CN/api-reference/ppt-conversion-service/product-overview.mdx,migrate_page_after_syntax_and_ia_review,needs_review,medium,partial,,Batch with same product after syntax-map confirmation.,needs-directive-rewrite|needs-image-standard,not_started,not_started,,,,
docs/conversion-ppt/response-code.mdx,content/docs/zh-CN/api-reference/ppt-conversion-service/response-code.mdx,migrate_page_after_syntax_and_ia_review,needs_review,low,yes,,Batch with same product after syntax-map confirmation.,ready-native,not_started,not_started,,,,
docs/conversion-ppt/skills-integrate.mdx,content/docs/zh-CN/api-reference/ppt-conversion-service/skills-integrate.mdx,migrate_page_after_syntax_and_ia_review,needs_review,medium,partial,,Batch with same product after syntax-map confirmation.,needs-directive-rewrite|needs-include-standardization,not_started,not_started,,,,
docs/conversion-ppt/slide-api.mdx,content/docs/zh-CN/api-reference/ppt-conversion-service/slide-api.mdx,migrate_page_after_syntax_and_ia_review,needs_review,medium,partial,,Batch with same product after syntax-map confirmation.,needs-directive-rewrite|needs-anchor-normalization,not_started,not_started,,,,
docs/convoai/api/api-limits.mdx,content/docs/zh-CN/api-reference/conversational-ai/api/api-limits.mdx,migrate_page_after_syntax_and_ia_review,needs_review,low,yes,,Batch with same product after syntax-map confirmation.,ready-native,not_started,not_started,,,,
docs/convoai/api/response-code.mdx,content/docs/zh-CN/api-reference/conversational-ai/api/response-code.mdx,migrate_page_after_syntax_and_ia_review,needs_review,low,yes,,Batch with same product after syntax-map confirmation.,ready-native,not_started,not_started,,,,
docs/convoai/api/voice-ids.mdx,content/docs/zh-CN/api-reference/conversational-ai/api/voice-ids.mdx,migrate_page_after_syntax_and_ia_review,needs_review,low,yes,,Batch with same product after syntax-map confirmation.,ready-native,not_started,not_started,,,,
docs/convoai/best-practice/audio-settings.mdx,content/docs/zh-CN/api-reference/conversational-ai/best-practice/audio-settings.mdx,migrate_page_after_syntax_and_ia_review,needs_review,high,no,,Review legacy JSX/shared/platform/API patterns before batching.,needs-directive-rewrite|needs-include-standardization|needs-landing-page-normalization,not_started,not_started,,,,
docs/convoai/best-practice/geofencing.mdx,content/docs/zh-CN/api-reference/conversational-ai/best-practice/geofencing.mdx,migrate_page_after_syntax_and_ia_review,needs_review,medium,partial,,Batch with same product after syntax-map confirmation.,needs-directive-rewrite|needs-table-normalization,not_started,not_started,,,,
docs/convoai/best-practice/get-agent-state-through-rtm-message.mdx,content/docs/zh-CN/api-reference/conversational-ai/best-practice/get-agent-state-through-rtm-message.mdx,migrate_page_after_syntax_and_ia_review,needs_review,medium,partial,,Batch with same product after syntax-map confirmation.,needs-directive-rewrite,not_started,not_started,,,,
docs/convoai/best-practice/opt-latency.mdx,content/docs/zh-CN/api-reference/conversational-ai/best-practice/opt-latency.mdx,migrate_page_after_syntax_and_ia_review,needs_review,medium,partial,,Batch with same product after syntax-map confirmation.,needs-directive-rewrite,not_started,not_started,,,,
docs/convoai/get-started/enable-service.mdx,content/docs/zh-CN/api-reference/conversational-ai/get-started/enable-service.mdx,migrate_page_after_syntax_and_ia_review,needs_review,medium,partial,,Batch with same product after syntax-map confirmation.,needs-directive-rewrite|needs-include-standardization|needs-image-standard,not_started,not_started,,,,
docs/convoai/get-started/quick-start-agent.mdx,content/docs/zh-CN/api-reference/conversational-ai/get-started/quick-start-agent.mdx,migrate_page_after_syntax_and_ia_review,needs_review,high,no,,Review legacy JSX/shared/platform/API patterns before batching.,needs-directive-rewrite|needs-landing-page-normalization,not_started,not_started,,,,
docs/convoai/get-started/quick-start-go.mdx,content/docs/zh-CN/api-reference/conversational-ai/get-started/quick-start-go.mdx,migrate_page_after_syntax_and_ia_review,needs_review,high,no,,Review legacy JSX/shared/platform/API patterns before batching.,needs-directive-rewrite|needs-landing-page-normalization,not_started,not_started,,,,
docs/convoai/get-started/quick-start-java.mdx,content/docs/zh-CN/api-reference/conversational-ai/get-started/quick-start-java.mdx,migrate_page_after_syntax_and_ia_review,needs_review,high,no,,Review legacy JSX/shared/platform/API patterns before batching.,needs-directive-rewrite|needs-landing-page-normalization,not_started,not_started,,,,
docs/convoai/get-started/quick-start.mdx,content/docs/zh-CN/api-reference/conversational-ai/get-started/quick-start.mdx,migrate_page_after_syntax_and_ia_review,needs_review,medium,partial,,Batch with same product after syntax-map confirmation.,needs-directive-rewrite|needs-image-standard,not_started,not_started,,,,
docs/convoai/landing-page.mdx,content/docs/zh-CN/api-reference/conversational-ai/landing-page.mdx,migrate_page_after_syntax_and_ia_review,needs_review,high,no,,Review legacy JSX/shared/platform/API patterns before batching.,needs-directive-rewrite|needs-landing-page-normalization,not_started,not_started,,,,
docs/convoai/mcp-integrate.mdx,content/docs/zh-CN/api-reference/conversational-ai/mcp-integrate.mdx,migrate_page_after_syntax_and_ia_review,needs_review,medium,partial,,Batch with same product after syntax-map confirmation.,needs-directive-rewrite|needs-include-standardization,not_started,not_started,,,,
docs/convoai/overview/billing.mdx,content/docs/zh-CN/api-reference/conversational-ai/overview/billing.mdx,migrate_page_after_syntax_and_ia_review,needs_review,medium,partial,,Batch with same product after syntax-map confirmation.,needs-directive-rewrite|needs-table-normalization,not_started,not_started,,,,
docs/convoai/overview/concepts.mdx,content/docs/zh-CN/api-reference/conversational-ai/overview/concepts.mdx,migrate_page_after_syntax_and_ia_review,needs_review,low,yes,,Batch with same product after syntax-map confirmation.,ready-native,not_started,not_started,,,,
docs/convoai/overview/product-overview.mdx,content/docs/zh-CN/api-reference/conversational-ai/overview/product-overview.mdx,migrate_page_after_syntax_and_ia_review,needs_review,medium,partial,,Batch with same product after syntax-map confirmation.,needs-directive-rewrite|needs-table-normalization|needs-image-standard,not_started,not_started,,,,
docs/convoai/overview/release-notes.mdx,content/docs/zh-CN/api-reference/conversational-ai/overview/release-notes.mdx,migrate_page_after_syntax_and_ia_review,needs_review,medium,partial,,Batch with same product after syntax-map confirmation.,needs-directive-rewrite,not_started,not_started,,,,
docs/convoai/resources.mdx,content/docs/zh-CN/api-reference/conversational-ai/resources.mdx,migrate_page_after_syntax_and_ia_review,needs_review,high,no,,Review legacy JSX/shared/platform/API patterns before batching.,needs-directive-rewrite|needs-landing-page-normalization,not_started,not_started,,,,
docs/convoai/skills-integrate.mdx,content/docs/zh-CN/api-reference/conversational-ai/skills-integrate.mdx,migrate_page_after_syntax_and_ia_review,needs_review,medium,partial,,Batch with same product after syntax-map confirmation.,needs-directive-rewrite|needs-include-standardization,not_started,not_started,,,,
docs/convoai/user-guides/audio-modality.mdx,content/docs/zh-CN/api-reference/conversational-ai/user-guides/audio-modality.mdx,migrate_page_after_syntax_and_ia_review,needs_review,high,no,,Review legacy JSX/shared/platform/API patterns before batching.,needs-directive-rewrite|needs-table-normalization|needs-landing-page-normalization,not_started,not_started,,,,
docs/convoai/user-guides/custom-data.mdx,content/docs/zh-CN/api-reference/conversational-ai/user-guides/custom-data.mdx,migrate_page_after_syntax_and_ia_review,needs_review,medium,partial,,Batch with same product after syntax-map confirmation.,needs-directive-rewrite,not_started,not_started,,,,
docs/convoai/user-guides/custom-llm.mdx,content/docs/zh-CN/api-reference/conversational-ai/user-guides/custom-llm.mdx,migrate_page_after_syntax_and_ia_review,needs_review,high,no,,Review legacy JSX/shared/platform/API patterns before batching.,needs-directive-rewrite|needs-image-standard|needs-landing-page-normalization,not_started,not_started,,,,
docs/convoai/user-guides/greeting-audio.mdx,content/docs/zh-CN/api-reference/conversational-ai/user-guides/greeting-audio.mdx,migrate_page_after_syntax_and_ia_review,needs_review,low,yes,,Batch with same product after syntax-map confirmation.,ready-native,not_started,not_started,,,,
docs/convoai/user-guides/http-basic-auth.mdx,content/docs/zh-CN/api-reference/conversational-ai/user-guides/http-basic-auth.mdx,migrate_page_after_syntax_and_ia_review,needs_review,medium,partial,,Batch with same product after syntax-map confirmation.,needs-directive-rewrite,not_started,not_started,,,,
docs/convoai/user-guides/interrupt-agent.mdx,content/docs/zh-CN/api-reference/conversational-ai/user-guides/interrupt-agent.mdx,migrate_page_after_syntax_and_ia_review,needs_review,high,no,,Review legacy JSX/shared/platform/API patterns before batching.,needs-directive-rewrite|needs-include-standardization|needs-landing-page-normalization,not_started,not_started,,,,
docs/convoai/user-guides/listen-agent-events.mdx,content/docs/zh-CN/api-reference/conversational-ai/user-guides/listen-agent-events.mdx,migrate_page_after_syntax_and_ia_review,needs_review,high,no,,Review legacy JSX/shared/platform/API patterns before batching.,needs-directive-rewrite|needs-include-standardization|needs-landing-page-normalization,not_started,not_started,,,,
docs/convoai/user-guides/manual-turn-control-through-rtm.mdx,content/docs/zh-CN/api-reference/conversational-ai/user-guides/manual-turn-control-through-rtm.mdx,migrate_page_after_syntax_and_ia_review,needs_review,medium,partial,,Batch with same product after syntax-map confirmation.,needs-directive-rewrite,not_started,not_started,,,,
docs/convoai/user-guides/manual-turn-control.mdx,content/docs/zh-CN/api-reference/conversational-ai/user-guides/manual-turn-control.mdx,migrate_page_after_syntax_and_ia_review,needs_review,medium,partial,,Batch with same product after syntax-map confirmation.,needs-directive-rewrite|needs-include-standardization,not_started,not_started,,,,
docs/convoai/user-guides/realtime-sub.mdx,content/docs/zh-CN/api-reference/conversational-ai/user-guides/realtime-sub.mdx,migrate_page_after_syntax_and_ia_review,needs_review,high,no,,Review legacy JSX/shared/platform/API patterns before batching.,needs-directive-rewrite|needs-include-standardization|needs-image-standard|needs-landing-page-normalization,not_started,not_started,,,,
docs/convoai/user-guides/send-multimodal-message.mdx,content/docs/zh-CN/api-reference/conversational-ai/user-guides/send-multimodal-message.mdx,migrate_page_after_syntax_and_ia_review,needs_review,high,no,,Review legacy JSX/shared/platform/API patterns before batching.,needs-directive-rewrite|needs-include-standardization|needs-landing-page-normalization,not_started,not_started,,,,
docs/convoai/user-guides/short-term-memory.mdx,content/docs/zh-CN/api-reference/conversational-ai/user-guides/short-term-memory.mdx,migrate_page_after_syntax_and_ia_review,needs_review,medium,partial,,Batch with same product after syntax-map confirmation.,needs-directive-rewrite|needs-image-standard,not_started,not_started,,,,
docs/convoai/user-guides/visual-understanding.mdx,content/docs/zh-CN/api-reference/conversational-ai/user-guides/visual-understanding.mdx,migrate_page_after_syntax_and_ia_review,needs_review,medium,partial,,Batch with same product after syntax-map confirmation.,needs-directive-rewrite,not_started,not_started,,,,
docs/convoai/webhook/enable-ncs.mdx,content/docs/zh-CN/api-reference/conversational-ai/webhook/enable-ncs.mdx,migrate_page_after_syntax_and_ia_review,needs_review,medium,partial,,Batch with same product after syntax-map confirmation.,needs-directive-rewrite|needs-include-standardization,not_started,not_started,,,,
docs/convoai/webhook/ncs-events.mdx,content/docs/zh-CN/api-reference/conversational-ai/webhook/ncs-events.mdx,migrate_page_after_syntax_and_ia_review,needs_review,medium,partial,,Batch with same product after syntax-map confirmation.,needs-directive-rewrite|needs-table-normalization|needs-anchor-normalization,not_started,not_started,,,,
docs/danmaku/api/api-limits.mdx,content/docs/zh-CN/api-reference/micro-calling/api/api-limits.mdx,migrate_page_after_syntax_and_ia_review,needs_review,low,yes,,Batch with same product after syntax-map confirmation.,ready-native,not_started,not_started,,,,
docs/danmaku/api/base-url.mdx,content/docs/zh-CN/api-reference/micro-calling/api/base-url.mdx,migrate_page_after_syntax_and_ia_review,needs_review,medium,partial,,Batch with same product after syntax-map confirmation.,needs-directive-rewrite,not_started,not_started,,,,
docs/danmaku/get-started/authorization.mdx,content/docs/zh-CN/api-reference/micro-calling/get-started/authorization.mdx,migrate_page_after_syntax_and_ia_review,needs_review,medium,partial,,Batch with same product after syntax-map confirmation.,needs-directive-rewrite|needs-include-standardization,not_started,not_started,,,,
docs/danmaku/get-started/enable-service.mdx,content/docs/zh-CN/api-reference/micro-calling/get-started/enable-service.mdx,migrate_page_after_syntax_and_ia_review,needs_review,medium,partial,,Batch with same product after syntax-map confirmation.,needs-directive-rewrite|needs-include-standardization,not_started,not_started,,,,
docs/danmaku/get-started/start-danmaku-mobile.mdx,content/docs/zh-CN/api-reference/micro-calling/get-started/start-danmaku-mobile.mdx,migrate_page_after_syntax_and_ia_review,needs_review,medium,partial,,Batch with same product after syntax-map confirmation.,needs-directive-rewrite|needs-image-standard,not_started,not_started,,,,
docs/danmaku/get-started/start-danmaku-windows.mdx,content/docs/zh-CN/api-reference/micro-calling/get-started/start-danmaku-windows.mdx,migrate_page_after_syntax_and_ia_review,needs_review,medium,partial,,Batch with same product after syntax-map confirmation.,needs-directive-rewrite|needs-image-standard,not_started,not_started,,,,
docs/danmaku/landing-page.mdx,content/docs/zh-CN/api-reference/micro-calling/landing-page.mdx,migrate_page_after_syntax_and_ia_review,needs_review,high,no,,Review legacy JSX/shared/platform/API patterns before batching.,needs-directive-rewrite|needs-landing-page-normalization,not_started,not_started,,,,
docs/danmaku/mcp-integrate.mdx,content/docs/zh-CN/api-reference/micro-calling/mcp-integrate.mdx,migrate_page_after_syntax_and_ia_review,needs_review,medium,partial,,Batch with same product after syntax-map confirmation.,needs-directive-rewrite|needs-include-standardization,not_started,not_started,,,,
docs/danmaku/overview/billing.mdx,content/docs/zh-CN/api-reference/micro-calling/overview/billing.mdx,migrate_page_after_syntax_and_ia_review,needs_review,medium,partial,,Batch with same product after syntax-map confirmation.,needs-directive-rewrite,not_started,not_started,,,,
docs/danmaku/overview/product-overview.mdx,content/docs/zh-CN/api-reference/micro-calling/overview/product-overview.mdx,migrate_page_after_syntax_and_ia_review,needs_review,medium,partial,,Batch with same product after syntax-map confirmation.,needs-directive-rewrite|needs-image-standard,not_started,not_started,,,,
docs/danmaku/overview/release-notes.mdx,content/docs/zh-CN/api-reference/micro-calling/overview/release-notes.mdx,migrate_page_after_syntax_and_ia_review,needs_review,low,yes,,Batch with same product after syntax-map confirmation.,ready-native,not_started,not_started,,,,
docs/danmaku/resources.mdx,content/docs/zh-CN/api-reference/micro-calling/resources.mdx,migrate_page_after_syntax_and_ia_review,needs_review,high,no,,Review legacy JSX/shared/platform/API patterns before batching.,needs-directive-rewrite|needs-landing-page-normalization,not_started,not_started,,,,
docs/danmaku/response-code.mdx,content/docs/zh-CN/api-reference/micro-calling/response-code.mdx,migrate_page_after_syntax_and_ia_review,needs_review,low,yes,,Batch with same product after syntax-map confirmation.,ready-native,not_started,not_started,,,,
docs/danmaku/skills-integrate.mdx,content/docs/zh-CN/api-reference/micro-calling/skills-integrate.mdx,migrate_page_after_syntax_and_ia_review,needs_review,medium,partial,,Batch with same product after syntax-map confirmation.,needs-directive-rewrite|needs-include-standardization,not_started,not_started,,,,
docs/digital-learning/course-delivery/integration.mdx,content/docs/zh-CN/api-reference/online-music-teaching/course-delivery/integration.mdx,migrate_page_after_syntax_and_ia_review,needs_review,high,no,,Review legacy JSX/shared/platform/API patterns before batching.,needs-directive-rewrite|needs-include-standardization|needs-platform-expansion,not_started,not_started,,,,
docs/digital-learning/course-delivery/overview.mdx,content/docs/zh-CN/api-reference/online-music-teaching/course-delivery/overview.mdx,migrate_page_after_syntax_and_ia_review,needs_review,medium,partial,,Batch with same product after syntax-map confirmation.,needs-directive-rewrite|needs-image-standard,not_started,not_started,,,,
docs/digital-learning/course-resource/integration.mdx,content/docs/zh-CN/api-reference/online-music-teaching/course-resource/integration.mdx,migrate_page_after_syntax_and_ia_review,needs_review,high,no,,Review legacy JSX/shared/platform/API patterns before batching.,needs-directive-rewrite|needs-include-standardization|needs-platform-expansion,not_started,not_started,,,,
docs/digital-learning/course-resource/overview.mdx,content/docs/zh-CN/api-reference/online-music-teaching/course-resource/overview.mdx,migrate_page_after_syntax_and_ia_review,needs_review,medium,partial,,Batch with same product after syntax-map confirmation.,needs-directive-rewrite|needs-image-standard,not_started,not_started,,,,
docs/digital-learning/mcp-integrate.mdx,content/docs/zh-CN/api-reference/online-music-teaching/mcp-integrate.mdx,migrate_page_after_syntax_and_ia_review,needs_review,medium,partial,,Batch with same product after syntax-map confirmation.,needs-directive-rewrite|needs-include-standardization,not_started,not_started,,,,
docs/digital-learning/school-resource/integration.mdx,content/docs/zh-CN/api-reference/online-music-teaching/school-resource/integration.mdx,migrate_page_after_syntax_and_ia_review,needs_review,high,no,,Review legacy JSX/shared/platform/API patterns before batching.,needs-directive-rewrite|needs-include-standardization|needs-platform-expansion,not_started,not_started,,,,
docs/digital-learning/school-resource/overview.mdx,content/docs/zh-CN/api-reference/online-music-teaching/school-resource/overview.mdx,migrate_page_after_syntax_and_ia_review,needs_review,medium,partial,,Batch with same product after syntax-map confirmation.,needs-directive-rewrite|needs-image-standard,not_started,not_started,,,,
docs/digital-learning/skills-integrate.mdx,content/docs/zh-CN/api-reference/online-music-teaching/skills-integrate.mdx,migrate_page_after_syntax_and_ia_review,needs_review,medium,partial,,Batch with same product after syntax-map confirmation.,needs-directive-rewrite|needs-include-standardization,not_started,not_started,,,,
docs/dummy-product/_homepage_.mdx,,migrate_page_after_syntax_and_ia_review,blocked,high,no,No matching target product directory found for legacy docs/dummy-product; decide tab/product IA before migration.,Confirm target IA and migration strategy for docs/dummy-product/_homepage_.mdx.,needs-directive-rewrite|needs-landing-page-normalization,not_started,not_started,,,,
docs/dummy-product/get-started/enable-service.mdx,,migrate_page_after_syntax_and_ia_review,blocked,medium,partial,No matching target product directory found for legacy docs/dummy-product; decide tab/product IA before migration.,Confirm target IA and migration strategy for docs/dummy-product/get-started/enable-service.mdx.,needs-directive-rewrite|needs-include-standardization,not_started,not_started,,,,
docs/dummy-product/landing-page.mdx,,migrate_page_after_syntax_and_ia_review,blocked,high,no,No matching target product directory found for legacy docs/dummy-product; decide tab/product IA before migration.,Confirm target IA and migration strategy for docs/dummy-product/landing-page.mdx.,needs-directive-rewrite|needs-landing-page-normalization,not_started,not_started,,,,
docs/dummy-product/landing-page.unity.mdx,,migrate_page_after_syntax_and_ia_review,blocked,high,no,No matching target product directory found for legacy docs/dummy-product; decide tab/product IA before migration.,Confirm target IA and migration strategy for docs/dummy-product/landing-page.unity.mdx.,needs-directive-rewrite|needs-image-standard|needs-landing-page-normalization,not_started,not_started,,,,
docs/dummy-product/mcp-integrate.mdx,,migrate_page_after_syntax_and_ia_review,blocked,medium,partial,No matching target product directory found for legacy docs/dummy-product; decide tab/product IA before migration.,Confirm target IA and migration strategy for docs/dummy-product/mcp-integrate.mdx.,needs-directive-rewrite|needs-include-standardization,not_started,not_started,,,,
docs/dummy-product/skills-integrate.mdx,,migrate_page_after_syntax_and_ia_review,blocked,medium,partial,No matching target product directory found for legacy docs/dummy-product; decide tab/product IA before migration.,Confirm target IA and migration strategy for docs/dummy-product/skills-integrate.mdx.,needs-directive-rewrite|needs-include-standardization,not_started,not_started,,,,
docs/dummy-product/test/components.mdx,,migrate_page_after_syntax_and_ia_review,blocked,high,no,No matching target product directory found for legacy docs/dummy-product; decide tab/product IA before migration.,Confirm target IA and migration strategy for docs/dummy-product/test/components.mdx.,needs-directive-rewrite|needs-include-standardization|needs-platform-expansion|needs-image-standard|needs-landing-page-normalization,not_started,not_started,,,,
docs/dummy-product/test/landing-page.mdx,,migrate_page_after_syntax_and_ia_review,blocked,high,no,No matching target product directory found for legacy docs/dummy-product; decide tab/product IA before migration.,Confirm target IA and migration strategy for docs/dummy-product/test/landing-page.mdx.,needs-directive-rewrite|needs-landing-page-normalization,not_started,not_started,,,,
docs/dummy-product/test/release-note.unity.mdx,,migrate_page_after_syntax_and_ia_review,blocked,medium,partial,No matching target product directory found for legacy docs/dummy-product; decide tab/product IA before migration.,Confirm target IA and migration strategy for docs/dummy-product/test/release-note.unity.mdx.,needs-directive-rewrite|needs-include-standardization|needs-anchor-normalization,not_started,not_started,,,,
docs/dummy-product/test/rtc-homepage.mdx,,migrate_page_after_syntax_and_ia_review,blocked,high,no,No matching target product directory found for legacy docs/dummy-product; decide tab/product IA before migration.,Confirm target IA and migration strategy for docs/dummy-product/test/rtc-homepage.mdx.,needs-directive-rewrite|needs-platform-expansion|needs-landing-page-normalization,not_started,not_started,,,,
docs/dummy-product/test/table.mdx,,migrate_page_after_syntax_and_ia_review,blocked,medium,partial,No matching target product directory found for legacy docs/dummy-product; decide tab/product IA before migration.,Confirm target IA and migration strategy for docs/dummy-product/test/table.mdx.,needs-directive-rewrite|needs-table-normalization|needs-image-standard,not_started,not_started,,,,
docs/dummy-product/test/toc.mdx,,migrate_page_after_syntax_and_ia_review,blocked,high,no,No matching target product directory found for legacy docs/dummy-product; decide tab/product IA before migration.,Confirm target IA and migration strategy for docs/dummy-product/test/toc.mdx.,needs-directive-rewrite|needs-include-standardization|needs-platform-expansion|needs-anchor-normalization,not_started,not_started,,,,
docs/dummy-product/test/toc2.mdx,,migrate_page_after_syntax_and_ia_review,blocked,medium,partial,No matching target product directory found for legacy docs/dummy-product; decide tab/product IA before migration.,Confirm target IA and migration strategy for docs/dummy-product/test/toc2.mdx.,needs-include-standardization,not_started,not_started,,,,
docs/flexible-classroom/_resources.mdx,,migrate_page_after_syntax_and_ia_review,blocked,high,no,No matching target product directory found for legacy docs/flexible-classroom; decide tab/product IA before migration.,Confirm target IA and migration strategy for docs/flexible-classroom/_resources.mdx.,needs-directive-rewrite|needs-platform-expansion|needs-landing-page-normalization,not_started,not_started,,,,
docs/flexible-classroom/_restapi.mdx,,migrate_page_after_syntax_and_ia_review,blocked,medium,partial,No matching target product directory found for legacy docs/flexible-classroom; decide tab/product IA before migration.,Confirm target IA and migration strategy for docs/flexible-classroom/_restapi.mdx.,needs-directive-rewrite|needs-include-standardization|needs-table-normalization,not_started,not_started,,,,
docs/flexible-classroom/advanced-features/_scene-builder/_create-project.mdx,,migrate_page_after_syntax_and_ia_review,blocked,medium,partial,No matching target product directory found for legacy docs/flexible-classroom; decide tab/product IA before migration.,Confirm target IA and migration strategy for docs/flexible-classroom/advanced-features/_scene-builder/_create-project.mdx.,needs-directive-rewrite|needs-image-standard,not_started,not_started,,,,
docs/flexible-classroom/advanced-features/_scene-builder/_deploy-scene.mdx,,migrate_page_after_syntax_and_ia_review,blocked,high,no,No matching target product directory found for legacy docs/flexible-classroom; decide tab/product IA before migration.,Confirm target IA and migration strategy for docs/flexible-classroom/advanced-features/_scene-builder/_deploy-scene.mdx.,needs-directive-rewrite|needs-include-standardization|needs-platform-expansion|needs-image-standard,not_started,not_started,,,,
docs/flexible-classroom/advanced-features/_scene-builder/_design-scene.mdx,,migrate_page_after_syntax_and_ia_review,blocked,medium,partial,No matching target product directory found for legacy docs/flexible-classroom; decide tab/product IA before migration.,Confirm target IA and migration strategy for docs/flexible-classroom/advanced-features/_scene-builder/_design-scene.mdx.,needs-directive-rewrite|needs-image-standard,not_started,not_started,,,,
docs/flexible-classroom/advanced-features/_scene-builder/_preview-scene.mdx,,migrate_page_after_syntax_and_ia_review,blocked,medium,partial,No matching target product directory found for legacy docs/flexible-classroom; decide tab/product IA before migration.,Confirm target IA and migration strategy for docs/flexible-classroom/advanced-features/_scene-builder/_preview-scene.mdx.,needs-directive-rewrite|needs-image-standard,not_started,not_started,,,,
docs/flexible-classroom/advanced-features/_scene-builder/_sign-up-log-in.mdx,,migrate_page_after_syntax_and_ia_review,blocked,medium,partial,No matching target product directory found for legacy docs/flexible-classroom; decide tab/product IA before migration.,Confirm target IA and migration strategy for docs/flexible-classroom/advanced-features/_scene-builder/_sign-up-log-in.mdx.,needs-directive-rewrite|needs-image-standard,not_started,not_started,,,,
docs/flexible-classroom/advanced-features/custom-ui-new.electron.mdx,,migrate_page_after_syntax_and_ia_review,blocked,low,yes,No matching target product directory found for legacy docs/flexible-classroom; decide tab/product IA before migration.,Confirm target IA and migration strategy for docs/flexible-classroom/advanced-features/custom-ui-new.electron.mdx.,ready-native,not_started,not_started,,,,
docs/flexible-classroom/advanced-features/custom-ui-new.javascript.mdx,,migrate_page_after_syntax_and_ia_review,blocked,medium,partial,No matching target product directory found for legacy docs/flexible-classroom; decide tab/product IA before migration.,Confirm target IA and migration strategy for docs/flexible-classroom/advanced-features/custom-ui-new.javascript.mdx.,needs-directive-rewrite|needs-image-standard,not_started,not_started,,,,
docs/flexible-classroom/advanced-features/custom-ui.android.mdx,,migrate_page_after_syntax_and_ia_review,blocked,medium,partial,No matching target product directory found for legacy docs/flexible-classroom; decide tab/product IA before migration.,Confirm target IA and migration strategy for docs/flexible-classroom/advanced-features/custom-ui.android.mdx.,needs-directive-rewrite|needs-include-standardization|needs-image-standard,not_started,not_started,,,,
docs/flexible-classroom/advanced-features/custom-ui.ios.mdx,,migrate_page_after_syntax_and_ia_review,blocked,medium,partial,No matching target product directory found for legacy docs/flexible-classroom; decide tab/product IA before migration.,Confirm target IA and migration strategy for docs/flexible-classroom/advanced-features/custom-ui.ios.mdx.,needs-directive-rewrite|needs-image-standard,not_started,not_started,,,,
docs/flexible-classroom/advanced-features/custom-ui.javascript.electron.mdx,,migrate_page_after_syntax_and_ia_review,blocked,medium,partial,No matching target product directory found for legacy docs/flexible-classroom; decide tab/product IA before migration.,Confirm target IA and migration strategy for docs/flexible-classroom/advanced-features/custom-ui.javascript.electron.mdx.,needs-directive-rewrite|needs-image-standard,not_started,not_started,,,,
docs/flexible-classroom/advanced-features/widget-previous.javascript.electron.mdx,,migrate_page_after_syntax_and_ia_review,blocked,medium,partial,No matching target product directory found for legacy docs/flexible-classroom; decide tab/product IA before migration.,Confirm target IA and migration strategy for docs/flexible-classroom/advanced-features/widget-previous.javascript.electron.mdx.,needs-directive-rewrite,not_started,not_started,,,,
docs/flexible-classroom/advanced-features/widget-tech.javascript.electron.mdx,,migrate_page_after_syntax_and_ia_review,blocked,medium,partial,No matching target product directory found for legacy docs/flexible-classroom; decide tab/product IA before migration.,Confirm target IA and migration strategy for docs/flexible-classroom/advanced-features/widget-tech.javascript.electron.mdx.,needs-directive-rewrite,not_started,not_started,,,,
docs/flexible-classroom/advanced-features/widget.android.mdx,,migrate_page_after_syntax_and_ia_review,blocked,medium,partial,No matching target product directory found for legacy docs/flexible-classroom; decide tab/product IA before migration.,Confirm target IA and migration strategy for docs/flexible-classroom/advanced-features/widget.android.mdx.,needs-directive-rewrite,not_started,not_started,,,,
docs/flexible-classroom/advanced-features/widget.ios.mdx,,migrate_page_after_syntax_and_ia_review,blocked,medium,partial,No matching target product directory found for legacy docs/flexible-classroom; decide tab/product IA before migration.,Confirm target IA and migration strategy for docs/flexible-classroom/advanced-features/widget.ios.mdx.,needs-directive-rewrite|needs-image-standard,not_started,not_started,,,,
docs/flexible-classroom/advanced-features/widget.javascript.electron.mdx,,migrate_page_after_syntax_and_ia_review,blocked,high,no,No matching target product directory found for legacy docs/flexible-classroom; decide tab/product IA before migration.,Confirm target IA and migration strategy for docs/flexible-classroom/advanced-features/widget.javascript.electron.mdx.,needs-directive-rewrite|needs-platform-expansion|needs-image-standard|needs-anchor-normalization,not_started,not_started,,,,
docs/flexible-classroom/api/api-classroom.restful.mdx,,migrate_page_after_syntax_and_ia_review,blocked,medium,partial,No matching target product directory found for legacy docs/flexible-classroom; decide tab/product IA before migration.,Confirm target IA and migration strategy for docs/flexible-classroom/api/api-classroom.restful.mdx.,needs-directive-rewrite|needs-include-standardization|needs-table-normalization,not_started,not_started,,,,
docs/flexible-classroom/api/api-recording.restful.mdx,,migrate_page_after_syntax_and_ia_review,blocked,medium,partial,No matching target product directory found for legacy docs/flexible-classroom; decide tab/product IA before migration.,Confirm target IA and migration strategy for docs/flexible-classroom/api/api-recording.restful.mdx.,needs-directive-rewrite|needs-include-standardization|needs-table-normalization,not_started,not_started,,,,
docs/flexible-classroom/api/api-sync.restful.mdx,,migrate_page_after_syntax_and_ia_review,blocked,medium,partial,No matching target product directory found for legacy docs/flexible-classroom; decide tab/product IA before migration.,Confirm target IA and migration strategy for docs/flexible-classroom/api/api-sync.restful.mdx.,needs-directive-rewrite|needs-include-standardization|needs-table-normalization,not_started,not_started,,,,
docs/flexible-classroom/api/api-user.restful.mdx,,migrate_page_after_syntax_and_ia_review,blocked,medium,partial,No matching target product directory found for legacy docs/flexible-classroom; decide tab/product IA before migration.,Confirm target IA and migration strategy for docs/flexible-classroom/api/api-user.restful.mdx.,needs-directive-rewrite|needs-include-standardization|needs-table-normalization,not_started,not_started,,,,
docs/flexible-classroom/api/api-widget.restful.mdx,,migrate_page_after_syntax_and_ia_review,blocked,medium,partial,No matching target product directory found for legacy docs/flexible-classroom; decide tab/product IA before migration.,Confirm target IA and migration strategy for docs/flexible-classroom/api/api-widget.restful.mdx.,needs-directive-rewrite|needs-include-standardization|needs-table-normalization,not_started,not_started,,,,
docs/flexible-classroom/basic-features/generate-token.android.ios.javascript.electron.mdx,,migrate_page_after_syntax_and_ia_review,blocked,high,no,No matching target product directory found for legacy docs/flexible-classroom; decide tab/product IA before migration.,Confirm target IA and migration strategy for docs/flexible-classroom/basic-features/generate-token.android.ios.javascript.electron.mdx.,needs-directive-rewrite|needs-include-standardization|needs-platform-expansion|needs-image-standard,not_started,not_started,,,,
docs/flexible-classroom/basic-features/http-token-auth.restful.mdx,,migrate_page_after_syntax_and_ia_review,blocked,medium,partial,No matching target product directory found for legacy docs/flexible-classroom; decide tab/product IA before migration.,Confirm target IA and migration strategy for docs/flexible-classroom/basic-features/http-token-auth.restful.mdx.,needs-directive-rewrite,not_started,not_started,,,,
docs/flexible-classroom/basic-features/proctor-online-exams.android.ios.javascript.electron.mdx,,migrate_page_after_syntax_and_ia_review,blocked,high,no,No matching target product directory found for legacy docs/flexible-classroom; decide tab/product IA before migration.,Confirm target IA and migration strategy for docs/flexible-classroom/basic-features/proctor-online-exams.android.ios.javascript.electron.mdx.,needs-directive-rewrite|needs-platform-expansion|needs-image-standard,not_started,not_started,,,,
docs/flexible-classroom/basic-features/whiteboard-on-off.android.mdx,,migrate_page_after_syntax_and_ia_review,blocked,low,yes,No matching target product directory found for legacy docs/flexible-classroom; decide tab/product IA before migration.,Confirm target IA and migration strategy for docs/flexible-classroom/basic-features/whiteboard-on-off.android.mdx.,ready-native,not_started,not_started,,,,
docs/flexible-classroom/basic-features/whiteboard-on-off.ios.mdx,,migrate_page_after_syntax_and_ia_review,blocked,low,yes,No matching target product directory found for legacy docs/flexible-classroom; decide tab/product IA before migration.,Confirm target IA and migration strategy for docs/flexible-classroom/basic-features/whiteboard-on-off.ios.mdx.,ready-native,not_started,not_started,,,,
docs/flexible-classroom/basic-features/whiteboard-on-off.javascript.electron.mdx,,migrate_page_after_syntax_and_ia_review,blocked,low,yes,No matching target product directory found for legacy docs/flexible-classroom; decide tab/product IA before migration.,Confirm target IA and migration strategy for docs/flexible-classroom/basic-features/whiteboard-on-off.javascript.electron.mdx.,ready-native,not_started,not_started,,,,
docs/flexible-classroom/best-practices/classroom-properties.android.ios.javascript.electron.mdx,,migrate_page_after_syntax_and_ia_review,blocked,high,no,No matching target product directory found for legacy docs/flexible-classroom; decide tab/product IA before migration.,Confirm target IA and migration strategy for docs/flexible-classroom/best-practices/classroom-properties.android.ios.javascript.electron.mdx.,needs-directive-rewrite|needs-platform-expansion,not_started,not_started,,,,
docs/flexible-classroom/best-practices/courseware.android.ios.javascript.electron.mdx,,migrate_page_after_syntax_and_ia_review,blocked,medium,partial,No matching target product directory found for legacy docs/flexible-classroom; decide tab/product IA before migration.,Confirm target IA and migration strategy for docs/flexible-classroom/best-practices/courseware.android.ios.javascript.electron.mdx.,needs-directive-rewrite|needs-include-standardization|needs-image-standard,not_started,not_started,,,,
docs/flexible-classroom/best-practices/high-availability.restful.mdx,,migrate_page_after_syntax_and_ia_review,blocked,medium,partial,No matching target product directory found for legacy docs/flexible-classroom; decide tab/product IA before migration.,Confirm target IA and migration strategy for docs/flexible-classroom/best-practices/high-availability.restful.mdx.,needs-directive-rewrite|needs-image-standard,not_started,not_started,,,,
docs/flexible-classroom/best-practices/integrate-systems.android.ios.javascript.electron.mdx,,migrate_page_after_syntax_and_ia_review,blocked,medium,partial,No matching target product directory found for legacy docs/flexible-classroom; decide tab/product IA before migration.,Confirm target IA and migration strategy for docs/flexible-classroom/best-practices/integrate-systems.android.ios.javascript.electron.mdx.,needs-directive-rewrite|needs-image-standard,not_started,not_started,,,,
docs/flexible-classroom/best-practices/record.android.ios.javascript.electron.mdx,,migrate_page_after_syntax_and_ia_review,blocked,high,no,No matching target product directory found for legacy docs/flexible-classroom; decide tab/product IA before migration.,Confirm target IA and migration strategy for docs/flexible-classroom/best-practices/record.android.ios.javascript.electron.mdx.,needs-directive-rewrite|needs-platform-expansion|needs-image-standard,not_started,not_started,,,,
docs/flexible-classroom/get-started/call-api.restful.mdx,,migrate_page_after_syntax_and_ia_review,blocked,low,yes,No matching target product directory found for legacy docs/flexible-classroom; decide tab/product IA before migration.,Confirm target IA and migration strategy for docs/flexible-classroom/get-started/call-api.restful.mdx.,ready-native,not_started,not_started,,,,
docs/flexible-classroom/get-started/configure.android.ios.javascript.electron.mdx,,migrate_page_after_syntax_and_ia_review,blocked,medium,partial,No matching target product directory found for legacy docs/flexible-classroom; decide tab/product IA before migration.,Confirm target IA and migration strategy for docs/flexible-classroom/get-started/configure.android.ios.javascript.electron.mdx.,needs-directive-rewrite|needs-include-standardization|needs-image-standard,not_started,not_started,,,,
docs/flexible-classroom/get-started/enable.mdx,,migrate_page_after_syntax_and_ia_review,blocked,high,no,No matching target product directory found for legacy docs/flexible-classroom; decide tab/product IA before migration.,Confirm target IA and migration strategy for docs/flexible-classroom/get-started/enable.mdx.,needs-directive-rewrite|needs-include-standardization|needs-platform-expansion|needs-image-standard,not_started,not_started,,,,
docs/flexible-classroom/get-started/integrate-new.electron.mdx,,migrate_page_after_syntax_and_ia_review,blocked,low,yes,No matching target product directory found for legacy docs/flexible-classroom; decide tab/product IA before migration.,Confirm target IA and migration strategy for docs/flexible-classroom/get-started/integrate-new.electron.mdx.,ready-native,not_started,not_started,,,,
docs/flexible-classroom/get-started/integrate-new.javascript.mdx,,migrate_page_after_syntax_and_ia_review,blocked,medium,partial,No matching target product directory found for legacy docs/flexible-classroom; decide tab/product IA before migration.,Confirm target IA and migration strategy for docs/flexible-classroom/get-started/integrate-new.javascript.mdx.,needs-directive-rewrite|needs-include-standardization,not_started,not_started,,,,
docs/flexible-classroom/get-started/integrate.android.mdx,,migrate_page_after_syntax_and_ia_review,blocked,medium,partial,No matching target product directory found for legacy docs/flexible-classroom; decide tab/product IA before migration.,Confirm target IA and migration strategy for docs/flexible-classroom/get-started/integrate.android.mdx.,needs-directive-rewrite|needs-include-standardization,not_started,not_started,,,,
docs/flexible-classroom/get-started/integrate.electron.mdx,,migrate_page_after_syntax_and_ia_review,blocked,medium,partial,No matching target product directory found for legacy docs/flexible-classroom; decide tab/product IA before migration.,Confirm target IA and migration strategy for docs/flexible-classroom/get-started/integrate.electron.mdx.,needs-directive-rewrite|needs-include-standardization|needs-anchor-normalization,not_started,not_started,,,,
docs/flexible-classroom/get-started/integrate.ios.mdx,,migrate_page_after_syntax_and_ia_review,blocked,medium,partial,No matching target product directory found for legacy docs/flexible-classroom; decide tab/product IA before migration.,Confirm target IA and migration strategy for docs/flexible-classroom/get-started/integrate.ios.mdx.,needs-directive-rewrite|needs-include-standardization|needs-image-standard,not_started,not_started,,,,
docs/flexible-classroom/get-started/integrate.javascript.mdx,,migrate_page_after_syntax_and_ia_review,blocked,medium,partial,No matching target product directory found for legacy docs/flexible-classroom; decide tab/product IA before migration.,Confirm target IA and migration strategy for docs/flexible-classroom/get-started/integrate.javascript.mdx.,needs-directive-rewrite|needs-include-standardization|needs-anchor-normalization,not_started,not_started,,,,
docs/flexible-classroom/get-started/quick-start.android.mdx,,migrate_page_after_syntax_and_ia_review,blocked,medium,partial,No matching target product directory found for legacy docs/flexible-classroom; decide tab/product IA before migration.,Confirm target IA and migration strategy for docs/flexible-classroom/get-started/quick-start.android.mdx.,needs-directive-rewrite|needs-include-standardization|needs-image-standard|needs-anchor-normalization,not_started,not_started,,,,
docs/flexible-classroom/get-started/quick-start.electron.mdx,,migrate_page_after_syntax_and_ia_review,blocked,medium,partial,No matching target product directory found for legacy docs/flexible-classroom; decide tab/product IA before migration.,Confirm target IA and migration strategy for docs/flexible-classroom/get-started/quick-start.electron.mdx.,needs-directive-rewrite|needs-include-standardization|needs-image-standard|needs-anchor-normalization,not_started,not_started,,,,
docs/flexible-classroom/get-started/quick-start.ios.mdx,,migrate_page_after_syntax_and_ia_review,blocked,medium,partial,No matching target product directory found for legacy docs/flexible-classroom; decide tab/product IA before migration.,Confirm target IA and migration strategy for docs/flexible-classroom/get-started/quick-start.ios.mdx.,needs-directive-rewrite|needs-include-standardization|needs-image-standard,not_started,not_started,,,,
docs/flexible-classroom/get-started/quick-start.javascript.mdx,,migrate_page_after_syntax_and_ia_review,blocked,medium,partial,No matching target product directory found for legacy docs/flexible-classroom; decide tab/product IA before migration.,Confirm target IA and migration strategy for docs/flexible-classroom/get-started/quick-start.javascript.mdx.,needs-directive-rewrite|needs-include-standardization|needs-anchor-normalization,not_started,not_started,,,,
docs/flexible-classroom/landing-page.android.ios.javascript.electron.mdx,,migrate_page_after_syntax_and_ia_review,blocked,high,no,No matching target product directory found for legacy docs/flexible-classroom; decide tab/product IA before migration.,Confirm target IA and migration strategy for docs/flexible-classroom/landing-page.android.ios.javascript.electron.mdx.,needs-directive-rewrite|needs-platform-expansion|needs-landing-page-normalization,not_started,not_started,,,,
docs/flexible-classroom/landing-page.restful.mdx,,migrate_page_after_syntax_and_ia_review,blocked,high,no,No matching target product directory found for legacy docs/flexible-classroom; decide tab/product IA before migration.,Confirm target IA and migration strategy for docs/flexible-classroom/landing-page.restful.mdx.,needs-directive-rewrite|needs-landing-page-normalization,not_started,not_started,,,,
docs/flexible-classroom/mcp-integrate.mdx,,migrate_page_after_syntax_and_ia_review,blocked,medium,partial,No matching target product directory found for legacy docs/flexible-classroom; decide tab/product IA before migration.,Confirm target IA and migration strategy for docs/flexible-classroom/mcp-integrate.mdx.,needs-directive-rewrite|needs-include-standardization,not_started,not_started,,,,
docs/flexible-classroom/overview/basic-concept.mdx,,migrate_page_after_syntax_and_ia_review,blocked,low,yes,No matching target product directory found for legacy docs/flexible-classroom; decide tab/product IA before migration.,Confirm target IA and migration strategy for docs/flexible-classroom/overview/basic-concept.mdx.,ready-native,not_started,not_started,,,,
docs/flexible-classroom/overview/billing.mdx,,migrate_page_after_syntax_and_ia_review,blocked,medium,partial,No matching target product directory found for legacy docs/flexible-classroom; decide tab/product IA before migration.,Confirm target IA and migration strategy for docs/flexible-classroom/overview/billing.mdx.,needs-directive-rewrite|needs-table-normalization,not_started,not_started,,,,
docs/flexible-classroom/overview/migration.android.mdx,,migrate_page_after_syntax_and_ia_review,blocked,medium,partial,No matching target product directory found for legacy docs/flexible-classroom; decide tab/product IA before migration.,Confirm target IA and migration strategy for docs/flexible-classroom/overview/migration.android.mdx.,needs-directive-rewrite,not_started,not_started,,,,
docs/flexible-classroom/overview/migration.ios.mdx,,migrate_page_after_syntax_and_ia_review,blocked,medium,partial,No matching target product directory found for legacy docs/flexible-classroom; decide tab/product IA before migration.,Confirm target IA and migration strategy for docs/flexible-classroom/overview/migration.ios.mdx.,needs-directive-rewrite|needs-image-standard,not_started,not_started,,,,
docs/flexible-classroom/overview/platform-support.android.ios.javascript.electron.mdx,,migrate_page_after_syntax_and_ia_review,blocked,medium,partial,No matching target product directory found for legacy docs/flexible-classroom; decide tab/product IA before migration.,Confirm target IA and migration strategy for docs/flexible-classroom/overview/platform-support.android.ios.javascript.electron.mdx.,needs-directive-rewrite|needs-table-normalization,not_started,not_started,,,,
docs/flexible-classroom/overview/product.mdx,,migrate_page_after_syntax_and_ia_review,blocked,high,no,No matching target product directory found for legacy docs/flexible-classroom; decide tab/product IA before migration.,Confirm target IA and migration strategy for docs/flexible-classroom/overview/product.mdx.,needs-directive-rewrite|needs-platform-expansion|needs-image-standard,not_started,not_started,,,,
docs/flexible-classroom/overview/release-notes.android.mdx,,migrate_page_after_syntax_and_ia_review,blocked,medium,partial,No matching target product directory found for legacy docs/flexible-classroom; decide tab/product IA before migration.,Confirm target IA and migration strategy for docs/flexible-classroom/overview/release-notes.android.mdx.,needs-directive-rewrite|needs-image-standard,not_started,not_started,,,,
docs/flexible-classroom/overview/release-notes.ios.mdx,,migrate_page_after_syntax_and_ia_review,blocked,medium,partial,No matching target product directory found for legacy docs/flexible-classroom; decide tab/product IA before migration.,Confirm target IA and migration strategy for docs/flexible-classroom/overview/release-notes.ios.mdx.,needs-directive-rewrite|needs-image-standard,not_started,not_started,,,,
docs/flexible-classroom/overview/release-notes.javascript.electron.mdx,,migrate_page_after_syntax_and_ia_review,blocked,high,no,No matching target product directory found for legacy docs/flexible-classroom; decide tab/product IA before migration.,Confirm target IA and migration strategy for docs/flexible-classroom/overview/release-notes.javascript.electron.mdx.,needs-directive-rewrite|needs-platform-expansion|needs-image-standard,not_started,not_started,,,,
docs/flexible-classroom/overview/tech-architect.android.ios.javascript.electron.mdx,,migrate_page_after_syntax_and_ia_review,blocked,medium,partial,No matching target product directory found for legacy docs/flexible-classroom; decide tab/product IA before migration.,Confirm target IA and migration strategy for docs/flexible-classroom/overview/tech-architect.android.ios.javascript.electron.mdx.,needs-directive-rewrite|needs-image-standard,not_started,not_started,,,,
docs/flexible-classroom/quota.restful.mdx,,migrate_page_after_syntax_and_ia_review,blocked,medium,partial,No matching target product directory found for legacy docs/flexible-classroom; decide tab/product IA before migration.,Confirm target IA and migration strategy for docs/flexible-classroom/quota.restful.mdx.,needs-directive-rewrite|needs-table-normalization,not_started,not_started,,,,
docs/flexible-classroom/resources.android.mdx,,migrate_page_after_syntax_and_ia_review,blocked,high,no,No matching target product directory found for legacy docs/flexible-classroom; decide tab/product IA before migration.,Confirm target IA and migration strategy for docs/flexible-classroom/resources.android.mdx.,needs-directive-rewrite|needs-landing-page-normalization,not_started,not_started,,,,
docs/flexible-classroom/resources.electron.mdx,,migrate_page_after_syntax_and_ia_review,blocked,high,no,No matching target product directory found for legacy docs/flexible-classroom; decide tab/product IA before migration.,Confirm target IA and migration strategy for docs/flexible-classroom/resources.electron.mdx.,needs-directive-rewrite|needs-landing-page-normalization,not_started,not_started,,,,
docs/flexible-classroom/resources.ios.mdx,,migrate_page_after_syntax_and_ia_review,blocked,high,no,No matching target product directory found for legacy docs/flexible-classroom; decide tab/product IA before migration.,Confirm target IA and migration strategy for docs/flexible-classroom/resources.ios.mdx.,needs-directive-rewrite|needs-landing-page-normalization,not_started,not_started,,,,
docs/flexible-classroom/resources.javascript.mdx,,migrate_page_after_syntax_and_ia_review,blocked,high,no,No matching target product directory found for legacy docs/flexible-classroom; decide tab/product IA before migration.,Confirm target IA and migration strategy for docs/flexible-classroom/resources.javascript.mdx.,needs-directive-rewrite|needs-landing-page-normalization,not_started,not_started,,,,
docs/flexible-classroom/response-code.restful.mdx,,migrate_page_after_syntax_and_ia_review,blocked,medium,partial,No matching target product directory found for legacy docs/flexible-classroom; decide tab/product IA before migration.,Confirm target IA and migration strategy for docs/flexible-classroom/response-code.restful.mdx.,needs-directive-rewrite|needs-table-normalization,not_started,not_started,,,,
docs/flexible-classroom/skills-integrate.mdx,,migrate_page_after_syntax_and_ia_review,blocked,medium,partial,No matching target product directory found for legacy docs/flexible-classroom; decide tab/product IA before migration.,Confirm target IA and migration strategy for docs/flexible-classroom/skills-integrate.mdx.,needs-directive-rewrite|needs-include-standardization,not_started,not_started,,,,
docs/fusion-cdn/api/reference.mdx,content/docs/zh-CN/realtime-media/fusion-cdn/api/reference.mdx,migrate_page_after_syntax_and_ia_review,needs_review,medium,partial,,Batch with same product after syntax-map confirmation.,needs-directive-rewrite,not_started,not_started,,,,
docs/fusion-cdn/best-practices/rest-availability.mdx,content/docs/zh-CN/realtime-media/fusion-cdn/best-practices/rest-availability.mdx,migrate_page_after_syntax_and_ia_review,needs_review,medium,partial,,Batch with same product after syntax-map confirmation.,needs-directive-rewrite,not_started,not_started,,,,
docs/fusion-cdn/get-started/enable-service.mdx,content/docs/zh-CN/realtime-media/fusion-cdn/get-started/enable-service.mdx,migrate_page_after_syntax_and_ia_review,needs_review,medium,partial,,Batch with same product after syntax-map confirmation.,needs-directive-rewrite|needs-include-standardization,not_started,not_started,,,,
docs/fusion-cdn/get-started/quick-start.mdx,content/docs/zh-CN/realtime-media/fusion-cdn/get-started/quick-start.mdx,migrate_page_after_syntax_and_ia_review,needs_review,medium,partial,,Batch with same product after syntax-map confirmation.,needs-directive-rewrite|needs-table-normalization|needs-image-standard,not_started,not_started,,,,
docs/fusion-cdn/landing-page.mdx,content/docs/zh-CN/realtime-media/fusion-cdn/landing-page.mdx,migrate_page_after_syntax_and_ia_review,needs_review,high,no,,Review legacy JSX/shared/platform/API patterns before batching.,needs-directive-rewrite|needs-landing-page-normalization,not_started,not_started,,,,
docs/fusion-cdn/mcp-integrate.mdx,content/docs/zh-CN/realtime-media/fusion-cdn/mcp-integrate.mdx,migrate_page_after_syntax_and_ia_review,needs_review,medium,partial,,Batch with same product after syntax-map confirmation.,needs-directive-rewrite|needs-include-standardization,not_started,not_started,,,,
docs/fusion-cdn/overview/billing.mdx,content/docs/zh-CN/realtime-media/fusion-cdn/overview/billing.mdx,migrate_page_after_syntax_and_ia_review,needs_review,low,yes,,Batch with same product after syntax-map confirmation.,ready-native,not_started,not_started,,,,
docs/fusion-cdn/overview/product-overview.mdx,content/docs/zh-CN/realtime-media/fusion-cdn/overview/product-overview.mdx,migrate_page_after_syntax_and_ia_review,needs_review,medium,partial,,Batch with same product after syntax-map confirmation.,needs-directive-rewrite|needs-image-standard,not_started,not_started,,,,
docs/fusion-cdn/quota.mdx,content/docs/zh-CN/realtime-media/fusion-cdn/quota.mdx,migrate_page_after_syntax_and_ia_review,needs_review,medium,partial,,Batch with same product after syntax-map confirmation.,needs-directive-rewrite|needs-include-standardization|needs-table-normalization,not_started,not_started,,,,
docs/fusion-cdn/response-code.mdx,content/docs/zh-CN/realtime-media/fusion-cdn/response-code.mdx,migrate_page_after_syntax_and_ia_review,needs_review,medium,partial,,Batch with same product after syntax-map confirmation.,needs-directive-rewrite|needs-table-normalization,not_started,not_started,,,,
docs/fusion-cdn/skills-integrate.mdx,content/docs/zh-CN/realtime-media/fusion-cdn/skills-integrate.mdx,migrate_page_after_syntax_and_ia_review,needs_review,medium,partial,,Batch with same product after syntax-map confirmation.,needs-directive-rewrite|needs-include-standardization,not_started,not_started,,,,
docs/fusion-cdn/user-guides/analytics.mdx,content/docs/zh-CN/realtime-media/fusion-cdn/user-guides/analytics.mdx,migrate_page_after_syntax_and_ia_review,needs_review,medium,partial,,Batch with same product after syntax-map confirmation.,needs-directive-rewrite|needs-include-standardization,not_started,not_started,,,,
docs/fusion-cdn/user-guides/http-hmac-auth.mdx,content/docs/zh-CN/realtime-media/fusion-cdn/user-guides/http-hmac-auth.mdx,migrate_page_after_syntax_and_ia_review,needs_review,low,yes,,Batch with same product after syntax-map confirmation.,ready-native,not_started,not_started,,,,
docs/fusion-cdn/user-guides/obs-config.mdx,content/docs/zh-CN/realtime-media/fusion-cdn/user-guides/obs-config.mdx,migrate_page_after_syntax_and_ia_review,needs_review,medium,partial,,Batch with same product after syntax-map confirmation.,needs-directive-rewrite|needs-image-standard,not_started,not_started,,,,
docs/fusion-cdn/user-guides/stream-recording.mdx,content/docs/zh-CN/realtime-media/fusion-cdn/user-guides/stream-recording.mdx,migrate_page_after_syntax_and_ia_review,needs_review,medium,partial,,Batch with same product after syntax-map confirmation.,needs-directive-rewrite|needs-image-standard,not_started,not_started,,,,
docs/fusion-cdn/user-guides/streaming-url.mdx,content/docs/zh-CN/realtime-media/fusion-cdn/user-guides/streaming-url.mdx,migrate_page_after_syntax_and_ia_review,needs_review,medium,partial,,Batch with same product after syntax-map confirmation.,needs-directive-rewrite|needs-image-standard|needs-anchor-normalization,not_started,not_started,,,,
docs/fusion-cdn/webhook/_callback-format.mdx,content/docs/zh-CN/realtime-media/fusion-cdn/webhook/_callback-format.mdx,migrate_page_after_syntax_and_ia_review,needs_review,low,yes,,Batch with same product after syntax-map confirmation.,ready-native,not_started,not_started,,,,
docs/fusion-cdn/webhook/enable-ncs.mdx,content/docs/zh-CN/realtime-media/fusion-cdn/webhook/enable-ncs.mdx,migrate_page_after_syntax_and_ia_review,needs_review,medium,partial,,Batch with same product after syntax-map confirmation.,needs-directive-rewrite|needs-include-standardization,not_started,not_started,,,,
docs/fusion-cdn/webhook/ncs-event.mdx,content/docs/zh-CN/realtime-media/fusion-cdn/webhook/ncs-event.mdx,migrate_page_after_syntax_and_ia_review,needs_review,medium,partial,,Batch with same product after syntax-map confirmation.,needs-anchor-normalization,not_started,not_started,,,,
docs/game-voice/api.mdx,,migrate_page_after_syntax_and_ia_review,blocked,high,no,No matching target product directory found for legacy docs/game-voice; decide tab/product IA before migration.,Confirm target IA and migration strategy for docs/game-voice/api.mdx.,needs-directive-rewrite|needs-platform-expansion,not_started,not_started,,,,
docs/game-voice/best-practices/audio-experience-optimization.mdx,,migrate_page_after_syntax_and_ia_review,blocked,medium,partial,No matching target product directory found for legacy docs/game-voice; decide tab/product IA before migration.,Confirm target IA and migration strategy for docs/game-voice/best-practices/audio-experience-optimization.mdx.,needs-directive-rewrite|needs-table-normalization|needs-image-standard,not_started,not_started,,,,
docs/game-voice/get-started/audio-quick-start.mdx,,migrate_page_after_syntax_and_ia_review,blocked,medium,partial,No matching target product directory found for legacy docs/game-voice; decide tab/product IA before migration.,Confirm target IA and migration strategy for docs/game-voice/get-started/audio-quick-start.mdx.,needs-directive-rewrite,not_started,not_started,,,,
docs/game-voice/get-started/enable-service.mdx,,migrate_page_after_syntax_and_ia_review,blocked,medium,partial,No matching target product directory found for legacy docs/game-voice; decide tab/product IA before migration.,Confirm target IA and migration strategy for docs/game-voice/get-started/enable-service.mdx.,needs-directive-rewrite|needs-include-standardization,not_started,not_started,,,,
docs/game-voice/get-started/run-example.unity.mdx,,migrate_page_after_syntax_and_ia_review,blocked,high,no,No matching target product directory found for legacy docs/game-voice; decide tab/product IA before migration.,Confirm target IA and migration strategy for docs/game-voice/get-started/run-example.unity.mdx.,needs-directive-rewrite|needs-image-standard|needs-landing-page-normalization,not_started,not_started,,,,
docs/game-voice/get-started/run-example.unreal-cpp.mdx,,migrate_page_after_syntax_and_ia_review,blocked,high,no,No matching target product directory found for legacy docs/game-voice; decide tab/product IA before migration.,Confirm target IA and migration strategy for docs/game-voice/get-started/run-example.unreal-cpp.mdx.,needs-directive-rewrite|needs-include-standardization|needs-platform-expansion|needs-image-standard|needs-landing-page-normalization,not_started,not_started,,,,
docs/game-voice/landing-page.mdx,,migrate_page_after_syntax_and_ia_review,blocked,high,no,No matching target product directory found for legacy docs/game-voice; decide tab/product IA before migration.,Confirm target IA and migration strategy for docs/game-voice/landing-page.mdx.,needs-directive-rewrite|needs-landing-page-normalization,not_started,not_started,,,,
docs/game-voice/mcp-integrate.mdx,,migrate_page_after_syntax_and_ia_review,blocked,medium,partial,No matching target product directory found for legacy docs/game-voice; decide tab/product IA before migration.,Confirm target IA and migration strategy for docs/game-voice/mcp-integrate.mdx.,needs-directive-rewrite|needs-include-standardization,not_started,not_started,,,,
docs/game-voice/overview/billing.mdx,,migrate_page_after_syntax_and_ia_review,blocked,medium,partial,No matching target product directory found for legacy docs/game-voice; decide tab/product IA before migration.,Confirm target IA and migration strategy for docs/game-voice/overview/billing.mdx.,needs-directive-rewrite|needs-table-normalization|needs-image-standard,not_started,not_started,,,,
docs/game-voice/overview/product-overview.mdx,,migrate_page_after_syntax_and_ia_review,blocked,medium,partial,No matching target product directory found for legacy docs/game-voice; decide tab/product IA before migration.,Confirm target IA and migration strategy for docs/game-voice/overview/product-overview.mdx.,needs-directive-rewrite|needs-table-normalization,not_started,not_started,,,,
docs/game-voice/resources.mdx,,migrate_page_after_syntax_and_ia_review,blocked,high,no,No matching target product directory found for legacy docs/game-voice; decide tab/product IA before migration.,Confirm target IA and migration strategy for docs/game-voice/resources.mdx.,needs-directive-rewrite|needs-platform-expansion|needs-landing-page-normalization,not_started,not_started,,,,
docs/game-voice/skills-integrate.mdx,,migrate_page_after_syntax_and_ia_review,blocked,medium,partial,No matching target product directory found for legacy docs/game-voice; decide tab/product IA before migration.,Confirm target IA and migration strategy for docs/game-voice/skills-integrate.mdx.,needs-directive-rewrite|needs-include-standardization,not_started,not_started,,,,
docs/game-voice/user-guides/spatial-audio-sdk.unity.mdx,,migrate_page_after_syntax_and_ia_review,blocked,medium,partial,No matching target product directory found for legacy docs/game-voice; decide tab/product IA before migration.,Confirm target IA and migration strategy for docs/game-voice/user-guides/spatial-audio-sdk.unity.mdx.,needs-directive-rewrite|needs-include-standardization,not_started,not_started,,,,
docs/game-voice/user-guides/spatial-audio-sdk.unreal-cpp.mdx,,migrate_page_after_syntax_and_ia_review,blocked,low,yes,No matching target product directory found for legacy docs/game-voice; decide tab/product IA before migration.,Confirm target IA and migration strategy for docs/game-voice/user-guides/spatial-audio-sdk.unreal-cpp.mdx.,ready-native,not_started,not_started,,,,
docs/game-voice/user-guides/spatial-audio-wwise.unity.mdx,,migrate_page_after_syntax_and_ia_review,blocked,medium,partial,No matching target product directory found for legacy docs/game-voice; decide tab/product IA before migration.,Confirm target IA and migration strategy for docs/game-voice/user-guides/spatial-audio-wwise.unity.mdx.,needs-directive-rewrite|needs-image-standard,not_started,not_started,,,,
docs/game-voice/user-guides/spatial-audio-wwise.unreal-cpp.mdx,,migrate_page_after_syntax_and_ia_review,blocked,medium,partial,No matching target product directory found for legacy docs/game-voice; decide tab/product IA before migration.,Confirm target IA and migration strategy for docs/game-voice/user-guides/spatial-audio-wwise.unreal-cpp.mdx.,needs-directive-rewrite|needs-table-normalization|needs-image-standard,not_started,not_started,,,,
docs/iot-apaas/_homepage_.mdx,,migrate_page_after_syntax_and_ia_review,blocked,high,no,No matching target product directory found for legacy docs/iot-apaas; decide tab/product IA before migration.,Confirm target IA and migration strategy for docs/iot-apaas/_homepage_.mdx.,needs-directive-rewrite|needs-landing-page-normalization,not_started,not_started,,,,
docs/iot-apaas/_resources.mdx,,migrate_page_after_syntax_and_ia_review,blocked,high,no,No matching target product directory found for legacy docs/iot-apaas; decide tab/product IA before migration.,Confirm target IA and migration strategy for docs/iot-apaas/_resources.mdx.,needs-directive-rewrite|needs-image-standard|needs-landing-page-normalization,not_started,not_started,,,,
docs/iot-apaas/advanced-features/alarm.android.ios.device-c.mdx,,migrate_page_after_syntax_and_ia_review,blocked,high,no,No matching target product directory found for legacy docs/iot-apaas; decide tab/product IA before migration.,Confirm target IA and migration strategy for docs/iot-apaas/advanced-features/alarm.android.ios.device-c.mdx.,needs-directive-rewrite|needs-platform-expansion|needs-image-standard,not_started,not_started,,,,
docs/iot-apaas/advanced-features/cloud-storage.android.ios.device-c.mdx,,migrate_page_after_syntax_and_ia_review,blocked,medium,partial,No matching target product directory found for legacy docs/iot-apaas; decide tab/product IA before migration.,Confirm target IA and migration strategy for docs/iot-apaas/advanced-features/cloud-storage.android.ios.device-c.mdx.,needs-directive-rewrite|needs-image-standard|needs-anchor-normalization,not_started,not_started,,,,
docs/iot-apaas/advanced-features/upgrade-ota.android.ios.device-c.mdx,,migrate_page_after_syntax_and_ia_review,blocked,high,no,No matching target product directory found for legacy docs/iot-apaas; decide tab/product IA before migration.,Confirm target IA and migration strategy for docs/iot-apaas/advanced-features/upgrade-ota.android.ios.device-c.mdx.,needs-directive-rewrite|needs-platform-expansion|needs-image-standard,not_started,not_started,,,,
docs/iot-apaas/get-started/client-call-minimum.android.mdx,,migrate_page_after_syntax_and_ia_review,blocked,medium,partial,No matching target product directory found for legacy docs/iot-apaas; decide tab/product IA before migration.,Confirm target IA and migration strategy for docs/iot-apaas/get-started/client-call-minimum.android.mdx.,needs-directive-rewrite|needs-image-standard,not_started,not_started,,,,
docs/iot-apaas/get-started/client-call-minimum.ios.mdx,,migrate_page_after_syntax_and_ia_review,blocked,medium,partial,No matching target product directory found for legacy docs/iot-apaas; decide tab/product IA before migration.,Confirm target IA and migration strategy for docs/iot-apaas/get-started/client-call-minimum.ios.mdx.,needs-directive-rewrite|needs-image-standard,not_started,not_started,,,,
docs/iot-apaas/get-started/client-call-minimum.wechat.mdx,,migrate_page_after_syntax_and_ia_review,blocked,medium,partial,No matching target product directory found for legacy docs/iot-apaas; decide tab/product IA before migration.,Confirm target IA and migration strategy for docs/iot-apaas/get-started/client-call-minimum.wechat.mdx.,needs-directive-rewrite|needs-image-standard,not_started,not_started,,,,
docs/iot-apaas/get-started/client-call.android.mdx,,migrate_page_after_syntax_and_ia_review,blocked,medium,partial,No matching target product directory found for legacy docs/iot-apaas; decide tab/product IA before migration.,Confirm target IA and migration strategy for docs/iot-apaas/get-started/client-call.android.mdx.,needs-directive-rewrite|needs-image-standard,not_started,not_started,,,,
docs/iot-apaas/get-started/client-call.ios.mdx,,migrate_page_after_syntax_and_ia_review,blocked,medium,partial,No matching target product directory found for legacy docs/iot-apaas; decide tab/product IA before migration.,Confirm target IA and migration strategy for docs/iot-apaas/get-started/client-call.ios.mdx.,needs-directive-rewrite|needs-image-standard,not_started,not_started,,,,
docs/iot-apaas/get-started/device-call-minimum.mdx,,migrate_page_after_syntax_and_ia_review,blocked,medium,partial,No matching target product directory found for legacy docs/iot-apaas; decide tab/product IA before migration.,Confirm target IA and migration strategy for docs/iot-apaas/get-started/device-call-minimum.mdx.,needs-directive-rewrite|needs-image-standard,not_started,not_started,,,,
docs/iot-apaas/get-started/device-call.mdx,,migrate_page_after_syntax_and_ia_review,blocked,medium,partial,No matching target product directory found for legacy docs/iot-apaas; decide tab/product IA before migration.,Confirm target IA and migration strategy for docs/iot-apaas/get-started/device-call.mdx.,needs-directive-rewrite,not_started,not_started,,,,
docs/iot-apaas/get-started/enable-service.mdx,,migrate_page_after_syntax_and_ia_review,blocked,medium,partial,No matching target product directory found for legacy docs/iot-apaas; decide tab/product IA before migration.,Confirm target IA and migration strategy for docs/iot-apaas/get-started/enable-service.mdx.,needs-directive-rewrite|needs-include-standardization|needs-image-standard,not_started,not_started,,,,
docs/iot-apaas/get-started/license.mdx,,migrate_page_after_syntax_and_ia_review,blocked,medium,partial,No matching target product directory found for legacy docs/iot-apaas; decide tab/product IA before migration.,Confirm target IA and migration strategy for docs/iot-apaas/get-started/license.mdx.,needs-directive-rewrite|needs-include-standardization,not_started,not_started,,,,
docs/iot-apaas/landing-page.mdx,,migrate_page_after_syntax_and_ia_review,blocked,high,no,No matching target product directory found for legacy docs/iot-apaas; decide tab/product IA before migration.,Confirm target IA and migration strategy for docs/iot-apaas/landing-page.mdx.,needs-directive-rewrite|needs-landing-page-normalization,not_started,not_started,,,,
docs/iot-apaas/mcp-integrate.mdx,,migrate_page_after_syntax_and_ia_review,blocked,medium,partial,No matching target product directory found for legacy docs/iot-apaas; decide tab/product IA before migration.,Confirm target IA and migration strategy for docs/iot-apaas/mcp-integrate.mdx.,needs-directive-rewrite|needs-include-standardization,not_started,not_started,,,,
docs/iot-apaas/overview/product-overview.mdx,,migrate_page_after_syntax_and_ia_review,blocked,medium,partial,No matching target product directory found for legacy docs/iot-apaas; decide tab/product IA before migration.,Confirm target IA and migration strategy for docs/iot-apaas/overview/product-overview.mdx.,needs-directive-rewrite|needs-table-normalization,not_started,not_started,,,,
docs/iot-apaas/overview/release-notes.mdx,,migrate_page_after_syntax_and_ia_review,blocked,high,no,No matching target product directory found for legacy docs/iot-apaas; decide tab/product IA before migration.,Confirm target IA and migration strategy for docs/iot-apaas/overview/release-notes.mdx.,needs-directive-rewrite|needs-platform-expansion,not_started,not_started,,,,
docs/iot-apaas/overview/tech-architecture.mdx,,migrate_page_after_syntax_and_ia_review,blocked,medium,partial,No matching target product directory found for legacy docs/iot-apaas; decide tab/product IA before migration.,Confirm target IA and migration strategy for docs/iot-apaas/overview/tech-architecture.mdx.,needs-directive-rewrite|needs-image-standard,not_started,not_started,,,,
docs/iot-apaas/restful.mdx,,migrate_page_after_syntax_and_ia_review,blocked,medium,partial,No matching target product directory found for legacy docs/iot-apaas; decide tab/product IA before migration.,Confirm target IA and migration strategy for docs/iot-apaas/restful.mdx.,needs-directive-rewrite|needs-table-normalization|needs-anchor-normalization,not_started,not_started,,,,
docs/iot-apaas/skills-integrate.mdx,,migrate_page_after_syntax_and_ia_review,blocked,medium,partial,No matching target product directory found for legacy docs/iot-apaas; decide tab/product IA before migration.,Confirm target IA and migration strategy for docs/iot-apaas/skills-integrate.mdx.,needs-directive-rewrite|needs-include-standardization,not_started,not_started,,,,
docs/marketplace/_homepage_.mdx,content/docs/zh-CN/realtime-media/marketplace/_homepage_.mdx,migrate_page_after_syntax_and_ia_review,needs_review,high,no,,Review legacy JSX/shared/platform/API patterns before batching.,needs-directive-rewrite|needs-platform-expansion|needs-landing-page-normalization,not_started,not_started,,,,
docs/marketplace/create-extensions/_join.mdx,content/docs/zh-CN/realtime-media/marketplace/create-extensions/_join.mdx,migrate_page_after_syntax_and_ia_review,needs_review,low,yes,,Batch with same product after syntax-map confirmation.,ready-native,not_started,not_started,,,,
docs/marketplace/create-extensions/audio-filter.android.ios.macos.windows.mdx,content/docs/zh-CN/realtime-media/marketplace/create-extensions/audio-filter.android.ios.macos.windows.mdx,migrate_page_after_syntax_and_ia_review,needs_review,high,no,,Review legacy JSX/shared/platform/API patterns before batching.,needs-directive-rewrite|needs-include-standardization|needs-platform-expansion|needs-table-normalization,not_started,not_started,,,,
docs/marketplace/create-extensions/audio-filter.javascript.mdx,content/docs/zh-CN/realtime-media/marketplace/create-extensions/audio-filter.javascript.mdx,migrate_page_after_syntax_and_ia_review,needs_review,medium,partial,,Batch with same product after syntax-map confirmation.,needs-directive-rewrite|needs-include-standardization|needs-anchor-normalization,not_started,not_started,,,,
docs/marketplace/create-extensions/concepts.mdx,content/docs/zh-CN/realtime-media/marketplace/create-extensions/concepts.mdx,migrate_page_after_syntax_and_ia_review,needs_review,high,no,,Review legacy JSX/shared/platform/API patterns before batching.,needs-directive-rewrite|needs-platform-expansion|needs-image-standard,not_started,not_started,,,,
docs/marketplace/create-extensions/doc-template.mdx,content/docs/zh-CN/realtime-media/marketplace/create-extensions/doc-template.mdx,migrate_page_after_syntax_and_ia_review,needs_review,medium,partial,,Batch with same product after syntax-map confirmation.,needs-directive-rewrite|needs-table-normalization|needs-image-standard,not_started,not_started,,,,
docs/marketplace/create-extensions/provisioning.mdx,content/docs/zh-CN/realtime-media/marketplace/create-extensions/provisioning.mdx,migrate_page_after_syntax_and_ia_review,needs_review,medium,partial,,Batch with same product after syntax-map confirmation.,needs-directive-rewrite|needs-table-normalization|needs-image-standard,not_started,not_started,,,,
docs/marketplace/create-extensions/publish.mdx,content/docs/zh-CN/realtime-media/marketplace/create-extensions/publish.mdx,migrate_page_after_syntax_and_ia_review,needs_review,medium,partial,,Batch with same product after syntax-map confirmation.,needs-directive-rewrite|needs-table-normalization,not_started,not_started,,,,
docs/marketplace/create-extensions/signature-algorithm.mdx,content/docs/zh-CN/realtime-media/marketplace/create-extensions/signature-algorithm.mdx,migrate_page_after_syntax_and_ia_review,needs_review,medium,partial,,Batch with same product after syntax-map confirmation.,needs-directive-rewrite|needs-table-normalization,not_started,not_started,,,,
docs/marketplace/create-extensions/test.mdx,content/docs/zh-CN/realtime-media/marketplace/create-extensions/test.mdx,migrate_page_after_syntax_and_ia_review,needs_review,high,no,,Review legacy JSX/shared/platform/API patterns before batching.,needs-directive-rewrite|needs-platform-expansion,not_started,not_started,,,,
docs/marketplace/create-extensions/usage-billing.mdx,content/docs/zh-CN/realtime-media/marketplace/create-extensions/usage-billing.mdx,migrate_page_after_syntax_and_ia_review,needs_review,medium,partial,,Batch with same product after syntax-map confirmation.,needs-directive-rewrite|needs-table-normalization,not_started,not_started,,,,
docs/marketplace/create-extensions/video-filter.android.ios.macos.windows.mdx,content/docs/zh-CN/realtime-media/marketplace/create-extensions/video-filter.android.ios.macos.windows.mdx,migrate_page_after_syntax_and_ia_review,needs_review,high,no,,Review legacy JSX/shared/platform/API patterns before batching.,needs-directive-rewrite|needs-include-standardization|needs-platform-expansion|needs-table-normalization,not_started,not_started,,,,
docs/marketplace/create-extensions/video-filter.javascript.mdx,content/docs/zh-CN/realtime-media/marketplace/create-extensions/video-filter.javascript.mdx,migrate_page_after_syntax_and_ia_review,needs_review,medium,partial,,Batch with same product after syntax-map confirmation.,needs-directive-rewrite|needs-include-standardization|needs-anchor-normalization,not_started,not_started,,,,
docs/marketplace/get-started/enable-service.mdx,content/docs/zh-CN/realtime-media/marketplace/get-started/enable-service.mdx,migrate_page_after_syntax_and_ia_review,needs_review,medium,partial,,Batch with same product after syntax-map confirmation.,needs-directive-rewrite|needs-include-standardization|needs-image-standard,not_started,not_started,,,,
docs/marketplace/integrate-extensions/audio-moderation-api.mdx,content/docs/zh-CN/realtime-media/marketplace/integrate-extensions/audio-moderation-api.mdx,migrate_page_after_syntax_and_ia_review,needs_review,medium,partial,,Batch with same product after syntax-map confirmation.,needs-directive-rewrite|needs-table-normalization|needs-image-standard|needs-anchor-normalization,not_started,not_started,,,,
docs/marketplace/integrate-extensions/faceunity-ar-api.android.ios.flutter.mdx,content/docs/zh-CN/realtime-media/marketplace/integrate-extensions/faceunity-ar-api.android.ios.flutter.mdx,migrate_page_after_syntax_and_ia_review,needs_review,medium,partial,,Batch with same product after syntax-map confirmation.,needs-directive-rewrite|needs-include-standardization|needs-table-normalization|needs-anchor-normalization,not_started,not_started,,,,
docs/marketplace/integrate-extensions/faceunity-ar.android.ios.flutter.mdx,content/docs/zh-CN/realtime-media/marketplace/integrate-extensions/faceunity-ar.android.ios.flutter.mdx,migrate_page_after_syntax_and_ia_review,needs_review,high,no,,Review legacy JSX/shared/platform/API patterns before batching.,needs-directive-rewrite|needs-include-standardization|needs-platform-expansion|needs-image-standard|needs-anchor-normalization,not_started,not_started,,,,
docs/marketplace/integrate-extensions/iflytek-asr-api.android.ios.windows.mdx,content/docs/zh-CN/realtime-media/marketplace/integrate-extensions/iflytek-asr-api.android.ios.windows.mdx,migrate_page_after_syntax_and_ia_review,needs_review,medium,partial,,Batch with same product after syntax-map confirmation.,needs-directive-rewrite|needs-include-standardization|needs-table-normalization|needs-anchor-normalization,not_started,not_started,,,,
docs/marketplace/integrate-extensions/iflytek-asr-api.javascript.mdx,content/docs/zh-CN/realtime-media/marketplace/integrate-extensions/iflytek-asr-api.javascript.mdx,migrate_page_after_syntax_and_ia_review,needs_review,medium,partial,,Batch with same product after syntax-map confirmation.,needs-directive-rewrite|needs-include-standardization|needs-table-normalization,not_started,not_started,,,,
docs/marketplace/integrate-extensions/iflytek-asr.android.ios.windows.mdx,content/docs/zh-CN/realtime-media/marketplace/integrate-extensions/iflytek-asr.android.ios.windows.mdx,migrate_page_after_syntax_and_ia_review,needs_review,high,no,,Review legacy JSX/shared/platform/API patterns before batching.,needs-directive-rewrite|needs-include-standardization|needs-platform-expansion|needs-anchor-normalization,not_started,not_started,,,,
docs/marketplace/integrate-extensions/iflytek-asr.javascript.mdx,content/docs/zh-CN/realtime-media/marketplace/integrate-extensions/iflytek-asr.javascript.mdx,migrate_page_after_syntax_and_ia_review,needs_review,high,no,,Review legacy JSX/shared/platform/API patterns before batching.,needs-directive-rewrite|needs-anchor-normalization|needs-landing-page-normalization,not_started,not_started,,,,
docs/marketplace/integrate-extensions/kivisense-beautify.javascript.mdx,content/docs/zh-CN/realtime-media/marketplace/integrate-extensions/kivisense-beautify.javascript.mdx,migrate_page_after_syntax_and_ia_review,needs_review,high,no,,Review legacy JSX/shared/platform/API patterns before batching.,needs-directive-rewrite|needs-table-normalization|needs-anchor-normalization|needs-landing-page-normalization,not_started,not_started,,,,
docs/marketplace/integrate-extensions/legacy/_bytedance-volcengine-ar-api.android.ios.mdx,content/docs/zh-CN/realtime-media/marketplace/integrate-extensions/legacy/_bytedance-volcengine-ar-api.android.ios.mdx,migrate_page_after_syntax_and_ia_review,needs_review,medium,partial,,Batch with same product after syntax-map confirmation.,needs-directive-rewrite|needs-include-standardization|needs-anchor-normalization,not_started,not_started,,,,
docs/marketplace/integrate-extensions/legacy/_bytedance-volcengine-ar.android.ios.mdx,content/docs/zh-CN/realtime-media/marketplace/integrate-extensions/legacy/_bytedance-volcengine-ar.android.ios.mdx,migrate_page_after_syntax_and_ia_review,needs_review,high,no,,Review legacy JSX/shared/platform/API patterns before batching.,needs-directive-rewrite|needs-include-standardization|needs-platform-expansion|needs-anchor-normalization,not_started,not_started,,,,
docs/marketplace/integrate-extensions/legacy/_databaker-voice-changer-api.android.ios.mdx,content/docs/zh-CN/realtime-media/marketplace/integrate-extensions/legacy/_databaker-voice-changer-api.android.ios.mdx,migrate_page_after_syntax_and_ia_review,needs_review,high,no,,Review legacy JSX/shared/platform/API patterns before batching.,needs-directive-rewrite|needs-include-standardization|needs-platform-expansion|needs-anchor-normalization,not_started,not_started,,,,
docs/marketplace/integrate-extensions/legacy/_databaker-voice-changer.android.ios.mdx,content/docs/zh-CN/realtime-media/marketplace/integrate-extensions/legacy/_databaker-voice-changer.android.ios.mdx,migrate_page_after_syntax_and_ia_review,needs_review,high,no,,Review legacy JSX/shared/platform/API patterns before batching.,needs-directive-rewrite|needs-include-standardization|needs-platform-expansion|needs-anchor-normalization,not_started,not_started,,,,
docs/marketplace/integrate-extensions/legacy/_dubbing-voice-changer-api.android.ios.mdx,content/docs/zh-CN/realtime-media/marketplace/integrate-extensions/legacy/_dubbing-voice-changer-api.android.ios.mdx,migrate_page_after_syntax_and_ia_review,needs_review,medium,partial,,Batch with same product after syntax-map confirmation.,needs-include-standardization|needs-anchor-normalization,not_started,not_started,,,,
docs/marketplace/integrate-extensions/legacy/_dubbing-voice-changer.android.ios.mdx,content/docs/zh-CN/realtime-media/marketplace/integrate-extensions/legacy/_dubbing-voice-changer.android.ios.mdx,migrate_page_after_syntax_and_ia_review,needs_review,high,no,,Review legacy JSX/shared/platform/API patterns before batching.,needs-directive-rewrite|needs-include-standardization|needs-platform-expansion|needs-image-standard,not_started,not_started,,,,
docs/marketplace/integrate-extensions/legacy/_fosafer-ar-api.android.ios.mdx,content/docs/zh-CN/realtime-media/marketplace/integrate-extensions/legacy/_fosafer-ar-api.android.ios.mdx,migrate_page_after_syntax_and_ia_review,needs_review,high,no,,Review legacy JSX/shared/platform/API patterns before batching.,needs-directive-rewrite|needs-include-standardization|needs-platform-expansion|needs-anchor-normalization,not_started,not_started,,,,
docs/marketplace/integrate-extensions/legacy/_fosafer-ar.android.ios.mdx,content/docs/zh-CN/realtime-media/marketplace/integrate-extensions/legacy/_fosafer-ar.android.ios.mdx,migrate_page_after_syntax_and_ia_review,needs_review,high,no,,Review legacy JSX/shared/platform/API patterns before batching.,needs-directive-rewrite|needs-include-standardization|needs-platform-expansion|needs-anchor-normalization,not_started,not_started,,,,
docs/marketplace/integrate-extensions/legacy/_hteffect-3d-avatar-cn-api.android.ios.mdx,content/docs/zh-CN/realtime-media/marketplace/integrate-extensions/legacy/_hteffect-3d-avatar-cn-api.android.ios.mdx,migrate_page_after_syntax_and_ia_review,needs_review,medium,partial,,Batch with same product after syntax-map confirmation.,needs-include-standardization|needs-anchor-normalization,not_started,not_started,,,,
docs/marketplace/integrate-extensions/legacy/_hteffect-3d-avatar-cn.android.ios.mdx,content/docs/zh-CN/realtime-media/marketplace/integrate-extensions/legacy/_hteffect-3d-avatar-cn.android.ios.mdx,migrate_page_after_syntax_and_ia_review,needs_review,high,no,,Review legacy JSX/shared/platform/API patterns before batching.,needs-directive-rewrite|needs-include-standardization|needs-platform-expansion|needs-anchor-normalization,not_started,not_started,,,,
docs/marketplace/integrate-extensions/legacy/_hteffect-ar-api.android.ios.mdx,content/docs/zh-CN/realtime-media/marketplace/integrate-extensions/legacy/_hteffect-ar-api.android.ios.mdx,migrate_page_after_syntax_and_ia_review,needs_review,medium,partial,,Batch with same product after syntax-map confirmation.,needs-include-standardization|needs-anchor-normalization,not_started,not_started,,,,
docs/marketplace/integrate-extensions/legacy/_hteffect-ar.android.ios.mdx,content/docs/zh-CN/realtime-media/marketplace/integrate-extensions/legacy/_hteffect-ar.android.ios.mdx,migrate_page_after_syntax_and_ia_review,needs_review,high,no,,Review legacy JSX/shared/platform/API patterns before batching.,needs-directive-rewrite|needs-include-standardization|needs-platform-expansion|needs-anchor-normalization,not_started,not_started,,,,
docs/marketplace/integrate-extensions/legacy/_livedata-moderation-api.android.ios.mdx,content/docs/zh-CN/realtime-media/marketplace/integrate-extensions/legacy/_livedata-moderation-api.android.ios.mdx,migrate_page_after_syntax_and_ia_review,needs_review,medium,partial,,Batch with same product after syntax-map confirmation.,needs-include-standardization|needs-anchor-normalization,not_started,not_started,,,,
docs/marketplace/integrate-extensions/legacy/_livedata-moderation.android.ios.mdx,content/docs/zh-CN/realtime-media/marketplace/integrate-extensions/legacy/_livedata-moderation.android.ios.mdx,migrate_page_after_syntax_and_ia_review,needs_review,high,no,,Review legacy JSX/shared/platform/API patterns before batching.,needs-directive-rewrite|needs-include-standardization|needs-platform-expansion,not_started,not_started,,,,
docs/marketplace/integrate-extensions/legacy/_microsoft-asr-api.android.ios.mdx,content/docs/zh-CN/realtime-media/marketplace/integrate-extensions/legacy/_microsoft-asr-api.android.ios.mdx,migrate_page_after_syntax_and_ia_review,needs_review,medium,partial,,Batch with same product after syntax-map confirmation.,needs-directive-rewrite|needs-include-standardization|needs-table-normalization,not_started,not_started,,,,
docs/marketplace/integrate-extensions/legacy/_microsoft-asr.android.ios.mdx,content/docs/zh-CN/realtime-media/marketplace/integrate-extensions/legacy/_microsoft-asr.android.ios.mdx,migrate_page_after_syntax_and_ia_review,needs_review,high,no,,Review legacy JSX/shared/platform/API patterns before batching.,needs-directive-rewrite|needs-include-standardization|needs-platform-expansion|needs-anchor-normalization,not_started,not_started,,,,
docs/marketplace/integrate-extensions/legacy/_qzlink-pstn-api.mdx,content/docs/zh-CN/realtime-media/marketplace/integrate-extensions/legacy/_qzlink-pstn-api.mdx,migrate_page_after_syntax_and_ia_review,needs_review,medium,partial,,Batch with same product after syntax-map confirmation.,needs-directive-rewrite|needs-table-normalization,not_started,not_started,,,,
docs/marketplace/integrate-extensions/legacy/_qzlink-pstn.mdx,content/docs/zh-CN/realtime-media/marketplace/integrate-extensions/legacy/_qzlink-pstn.mdx,migrate_page_after_syntax_and_ia_review,needs_review,medium,partial,,Batch with same product after syntax-map confirmation.,needs-directive-rewrite,not_started,not_started,,,,
docs/marketplace/integrate-extensions/legacy/_shumei-audio-moderation.mdx,content/docs/zh-CN/realtime-media/marketplace/integrate-extensions/legacy/_shumei-audio-moderation.mdx,migrate_page_after_syntax_and_ia_review,needs_review,medium,partial,,Batch with same product after syntax-map confirmation.,needs-directive-rewrite|needs-include-standardization,not_started,not_started,,,,
docs/marketplace/integrate-extensions/legacy/_shumei-video-moderation.android.ios.mdx,content/docs/zh-CN/realtime-media/marketplace/integrate-extensions/legacy/_shumei-video-moderation.android.ios.mdx,migrate_page_after_syntax_and_ia_review,needs_review,high,no,,Review legacy JSX/shared/platform/API patterns before batching.,needs-directive-rewrite|needs-include-standardization|needs-platform-expansion,not_started,not_started,,,,
docs/marketplace/integrate-extensions/legacy/_shumei-video-moderation.javascript.mdx,content/docs/zh-CN/realtime-media/marketplace/integrate-extensions/legacy/_shumei-video-moderation.javascript.mdx,migrate_page_after_syntax_and_ia_review,needs_review,high,no,,Review legacy JSX/shared/platform/API patterns before batching.,needs-directive-rewrite|needs-include-standardization|needs-platform-expansion,not_started,not_started,,,,
docs/marketplace/integrate-extensions/legacy/_tillusory-ar-api.android.ios.mdx,content/docs/zh-CN/realtime-media/marketplace/integrate-extensions/legacy/_tillusory-ar-api.android.ios.mdx,migrate_page_after_syntax_and_ia_review,needs_review,medium,partial,,Batch with same product after syntax-map confirmation.,needs-include-standardization|needs-anchor-normalization,not_started,not_started,,,,
docs/marketplace/integrate-extensions/legacy/_tillusory-ar.android.ios.mdx,content/docs/zh-CN/realtime-media/marketplace/integrate-extensions/legacy/_tillusory-ar.android.ios.mdx,migrate_page_after_syntax_and_ia_review,needs_review,high,no,,Review legacy JSX/shared/platform/API patterns before batching.,needs-directive-rewrite|needs-include-standardization|needs-platform-expansion|needs-anchor-normalization,not_started,not_started,,,,
docs/marketplace/integrate-extensions/legacy/_tuputech-audio-moderation.mdx,content/docs/zh-CN/realtime-media/marketplace/integrate-extensions/legacy/_tuputech-audio-moderation.mdx,migrate_page_after_syntax_and_ia_review,needs_review,medium,partial,,Batch with same product after syntax-map confirmation.,needs-directive-rewrite|needs-include-standardization,not_started,not_started,,,,
docs/marketplace/integrate-extensions/legacy/_tuputech-video-moderation.android.ios.mdx,content/docs/zh-CN/realtime-media/marketplace/integrate-extensions/legacy/_tuputech-video-moderation.android.ios.mdx,migrate_page_after_syntax_and_ia_review,needs_review,high,no,,Review legacy JSX/shared/platform/API patterns before batching.,needs-directive-rewrite|needs-include-standardization|needs-platform-expansion,not_started,not_started,,,,
docs/marketplace/integrate-extensions/legacy/_tuputech-video-moderation.javascript.mdx,content/docs/zh-CN/realtime-media/marketplace/integrate-extensions/legacy/_tuputech-video-moderation.javascript.mdx,migrate_page_after_syntax_and_ia_review,needs_review,high,no,,Review legacy JSX/shared/platform/API patterns before batching.,needs-directive-rewrite|needs-include-standardization|needs-platform-expansion,not_started,not_started,,,,
docs/marketplace/integrate-extensions/legacy/_unisound-asr-api.android.ios.mdx,content/docs/zh-CN/realtime-media/marketplace/integrate-extensions/legacy/_unisound-asr-api.android.ios.mdx,migrate_page_after_syntax_and_ia_review,needs_review,medium,partial,,Batch with same product after syntax-map confirmation.,needs-directive-rewrite|needs-include-standardization|needs-table-normalization|needs-anchor-normalization,not_started,not_started,,,,
docs/marketplace/integrate-extensions/legacy/_unisound-asr.android.ios.mdx,content/docs/zh-CN/realtime-media/marketplace/integrate-extensions/legacy/_unisound-asr.android.ios.mdx,migrate_page_after_syntax_and_ia_review,needs_review,high,no,,Review legacy JSX/shared/platform/API patterns before batching.,needs-directive-rewrite|needs-include-standardization|needs-platform-expansion|needs-anchor-normalization,not_started,not_started,,,,
docs/marketplace/integrate-extensions/legacy/_ximalaya-voice-changer-api.android.ios.mdx,content/docs/zh-CN/realtime-media/marketplace/integrate-extensions/legacy/_ximalaya-voice-changer-api.android.ios.mdx,migrate_page_after_syntax_and_ia_review,needs_review,medium,partial,,Batch with same product after syntax-map confirmation.,needs-directive-rewrite|needs-include-standardization|needs-anchor-normalization,not_started,not_started,,,,
docs/marketplace/integrate-extensions/legacy/_ximalaya-voice-changer.android.ios.mdx,content/docs/zh-CN/realtime-media/marketplace/integrate-extensions/legacy/_ximalaya-voice-changer.android.ios.mdx,migrate_page_after_syntax_and_ia_review,needs_review,high,no,,Review legacy JSX/shared/platform/API patterns before batching.,needs-directive-rewrite|needs-include-standardization|needs-platform-expansion|needs-anchor-normalization,not_started,not_started,,,,
docs/marketplace/integrate-extensions/legacy/_xyt-xswitch-pstn-cn-api.mdx,content/docs/zh-CN/realtime-media/marketplace/integrate-extensions/legacy/_xyt-xswitch-pstn-cn-api.mdx,migrate_page_after_syntax_and_ia_review,needs_review,low,yes,,Batch with same product after syntax-map confirmation.,ready-native,not_started,not_started,,,,
docs/marketplace/integrate-extensions/legacy/_xyt-xswitch-pstn-cn.mdx,content/docs/zh-CN/realtime-media/marketplace/integrate-extensions/legacy/_xyt-xswitch-pstn-cn.mdx,migrate_page_after_syntax_and_ia_review,needs_review,medium,partial,,Batch with same product after syntax-map confirmation.,needs-directive-rewrite,not_started,not_started,,,,
docs/marketplace/integrate-extensions/legacy/_yitutech-asr-api.android.ios.mdx,content/docs/zh-CN/realtime-media/marketplace/integrate-extensions/legacy/_yitutech-asr-api.android.ios.mdx,migrate_page_after_syntax_and_ia_review,needs_review,medium,partial,,Batch with same product after syntax-map confirmation.,needs-directive-rewrite|needs-include-standardization|needs-table-normalization|needs-anchor-normalization,not_started,not_started,,,,
docs/marketplace/integrate-extensions/legacy/_yitutech-asr.android.ios.mdx,content/docs/zh-CN/realtime-media/marketplace/integrate-extensions/legacy/_yitutech-asr.android.ios.mdx,migrate_page_after_syntax_and_ia_review,needs_review,high,no,,Review legacy JSX/shared/platform/API patterns before batching.,needs-directive-rewrite|needs-include-standardization|needs-platform-expansion|needs-image-standard|needs-anchor-normalization,not_started,not_started,,,,
docs/marketplace/integrate-extensions/legacy/_yitutech-video-moderation.android.ios.mdx,content/docs/zh-CN/realtime-media/marketplace/integrate-extensions/legacy/_yitutech-video-moderation.android.ios.mdx,migrate_page_after_syntax_and_ia_review,needs_review,high,no,,Review legacy JSX/shared/platform/API patterns before batching.,needs-directive-rewrite|needs-include-standardization|needs-platform-expansion,not_started,not_started,,,,
docs/marketplace/integrate-extensions/legacy/_yitutech-video-moderation.javascript.mdx,content/docs/zh-CN/realtime-media/marketplace/integrate-extensions/legacy/_yitutech-video-moderation.javascript.mdx,migrate_page_after_syntax_and_ia_review,needs_review,high,no,,Review legacy JSX/shared/platform/API patterns before batching.,needs-directive-rewrite|needs-include-standardization|needs-platform-expansion,not_started,not_started,,,,
docs/marketplace/integrate-extensions/legacy/.livedata-asr-api.android.ios.mdx,content/docs/zh-CN/realtime-media/marketplace/integrate-extensions/legacy/.livedata-asr-api.android.ios.mdx,migrate_page_after_syntax_and_ia_review,needs_review,medium,partial,,Batch with same product after syntax-map confirmation.,needs-include-standardization|needs-anchor-normalization,not_started,not_started,,,,
docs/marketplace/integrate-extensions/legacy/.livedata-asr.android.ios.mdx,content/docs/zh-CN/realtime-media/marketplace/integrate-extensions/legacy/.livedata-asr.android.ios.mdx,migrate_page_after_syntax_and_ia_review,needs_review,high,no,,Review legacy JSX/shared/platform/API patterns before batching.,needs-directive-rewrite|needs-include-standardization|needs-platform-expansion|needs-image-standard|needs-anchor-normalization,not_started,not_started,,,,
docs/marketplace/integrate-extensions/netease-yidun-video-moderation.android.ios.mdx,content/docs/zh-CN/realtime-media/marketplace/integrate-extensions/netease-yidun-video-moderation.android.ios.mdx,migrate_page_after_syntax_and_ia_review,needs_review,high,no,,Review legacy JSX/shared/platform/API patterns before batching.,needs-directive-rewrite|needs-include-standardization|needs-platform-expansion,not_started,not_started,,,,
docs/marketplace/integrate-extensions/netease-yidun-video-moderation.javascript.mdx,content/docs/zh-CN/realtime-media/marketplace/integrate-extensions/netease-yidun-video-moderation.javascript.mdx,migrate_page_after_syntax_and_ia_review,needs_review,high,no,,Review legacy JSX/shared/platform/API patterns before batching.,needs-directive-rewrite|needs-include-standardization|needs-platform-expansion,not_started,not_started,,,,
docs/marketplace/integrate-extensions/picup.javascript.mdx,content/docs/zh-CN/realtime-media/marketplace/integrate-extensions/picup.javascript.mdx,migrate_page_after_syntax_and_ia_review,needs_review,high,no,,Review legacy JSX/shared/platform/API patterns before batching.,needs-directive-rewrite|needs-anchor-normalization|needs-landing-page-normalization,not_started,not_started,,,,
docs/marketplace/integrate-extensions/sensetime-ar-api.android.ios.mdx,content/docs/zh-CN/realtime-media/marketplace/integrate-extensions/sensetime-ar-api.android.ios.mdx,migrate_page_after_syntax_and_ia_review,needs_review,high,no,,Review legacy JSX/shared/platform/API patterns before batching.,needs-directive-rewrite|needs-include-standardization|needs-platform-expansion|needs-anchor-normalization,not_started,not_started,,,,
docs/marketplace/integrate-extensions/sensetime-ar.android.ios.mdx,content/docs/zh-CN/realtime-media/marketplace/integrate-extensions/sensetime-ar.android.ios.mdx,migrate_page_after_syntax_and_ia_review,needs_review,high,no,,Review legacy JSX/shared/platform/API patterns before batching.,needs-directive-rewrite|needs-include-standardization|needs-platform-expansion|needs-anchor-normalization,not_started,not_started,,,,
docs/marketplace/integrate-extensions/shengwang-ai-meeting-notes-api.mdx,content/docs/zh-CN/realtime-media/marketplace/integrate-extensions/shengwang-ai-meeting-notes-api.mdx,migrate_page_after_syntax_and_ia_review,needs_review,low,yes,,Batch with same product after syntax-map confirmation.,ready-native,not_started,not_started,,,,
docs/marketplace/integrate-extensions/shengwang-ai-meeting-notes.mdx,content/docs/zh-CN/realtime-media/marketplace/integrate-extensions/shengwang-ai-meeting-notes.mdx,migrate_page_after_syntax_and_ia_review,needs_review,medium,partial,,Batch with same product after syntax-map confirmation.,needs-directive-rewrite|needs-image-standard,not_started,not_started,,,,
docs/marketplace/integrate-extensions/yitutech-audio-moderation.mdx,content/docs/zh-CN/realtime-media/marketplace/integrate-extensions/yitutech-audio-moderation.mdx,migrate_page_after_syntax_and_ia_review,needs_review,medium,partial,,Batch with same product after syntax-map confirmation.,needs-directive-rewrite|needs-include-standardization,not_started,not_started,,,,
docs/marketplace/landing-page.mdx,content/docs/zh-CN/realtime-media/marketplace/landing-page.mdx,migrate_page_after_syntax_and_ia_review,needs_review,high,no,,Review legacy JSX/shared/platform/API patterns before batching.,needs-directive-rewrite|needs-platform-expansion|needs-landing-page-normalization,not_started,not_started,,,,
docs/marketplace/mcp-integrate.mdx,content/docs/zh-CN/realtime-media/marketplace/mcp-integrate.mdx,migrate_page_after_syntax_and_ia_review,needs_review,medium,partial,,Batch with same product after syntax-map confirmation.,needs-directive-rewrite|needs-include-standardization,not_started,not_started,,,,
docs/marketplace/overview/product-overview.mdx,content/docs/zh-CN/realtime-media/marketplace/overview/product-overview.mdx,migrate_page_after_syntax_and_ia_review,needs_review,high,no,,Review legacy JSX/shared/platform/API patterns before batching.,needs-directive-rewrite|needs-landing-page-normalization,not_started,not_started,,,,
docs/marketplace/skills-integrate.mdx,content/docs/zh-CN/realtime-media/marketplace/skills-integrate.mdx,migrate_page_after_syntax_and_ia_review,needs_review,medium,partial,,Batch with same product after syntax-map confirmation.,needs-directive-rewrite|needs-include-standardization,not_started,not_started,,,,
docs/media-pull/api/video-profile.mdx,content/docs/zh-CN/realtime-media/media-pull/api/video-profile.mdx,migrate_page_after_syntax_and_ia_review,needs_review,medium,partial,,Batch with same product after syntax-map confirmation.,needs-directive-rewrite|needs-include-standardization,not_started,not_started,,,,
docs/media-pull/best-practices/checklist.mdx,content/docs/zh-CN/realtime-media/media-pull/best-practices/checklist.mdx,migrate_page_after_syntax_and_ia_review,needs_review,medium,partial,,Batch with same product after syntax-map confirmation.,needs-directive-rewrite,not_started,not_started,,,,
docs/media-pull/best-practices/ensure-player-created.mdx,content/docs/zh-CN/realtime-media/media-pull/best-practices/ensure-player-created.mdx,migrate_page_after_syntax_and_ia_review,needs_review,low,yes,,Batch with same product after syntax-map confirmation.,ready-native,not_started,not_started,,,,
docs/media-pull/best-practices/rest-availability.mdx,content/docs/zh-CN/realtime-media/media-pull/best-practices/rest-availability.mdx,migrate_page_after_syntax_and_ia_review,needs_review,medium,partial,,Batch with same product after syntax-map confirmation.,needs-directive-rewrite|needs-include-standardization,not_started,not_started,,,,
docs/media-pull/get-started/call-api.mdx,content/docs/zh-CN/realtime-media/media-pull/get-started/call-api.mdx,migrate_page_after_syntax_and_ia_review,needs_review,low,yes,,Batch with same product after syntax-map confirmation.,ready-native,not_started,not_started,,,,
docs/media-pull/get-started/enable-service.mdx,content/docs/zh-CN/realtime-media/media-pull/get-started/enable-service.mdx,migrate_page_after_syntax_and_ia_review,needs_review,medium,partial,,Batch with same product after syntax-map confirmation.,needs-directive-rewrite|needs-include-standardization|needs-image-standard,not_started,not_started,,,,
docs/media-pull/landing-page.mdx,content/docs/zh-CN/realtime-media/media-pull/landing-page.mdx,migrate_page_after_syntax_and_ia_review,needs_review,high,no,,Review legacy JSX/shared/platform/API patterns before batching.,needs-directive-rewrite|needs-landing-page-normalization,not_started,not_started,,,,
docs/media-pull/mcp-integrate.mdx,content/docs/zh-CN/realtime-media/media-pull/mcp-integrate.mdx,migrate_page_after_syntax_and_ia_review,needs_review,medium,partial,,Batch with same product after syntax-map confirmation.,needs-directive-rewrite|needs-include-standardization,not_started,not_started,,,,
docs/media-pull/overview/billing.mdx,content/docs/zh-CN/realtime-media/media-pull/overview/billing.mdx,migrate_page_after_syntax_and_ia_review,needs_review,medium,partial,,Batch with same product after syntax-map confirmation.,needs-directive-rewrite,not_started,not_started,,,,
docs/media-pull/overview/payment.mdx,content/docs/zh-CN/realtime-media/media-pull/overview/payment.mdx,migrate_page_after_syntax_and_ia_review,needs_review,medium,partial,,Batch with same product after syntax-map confirmation.,needs-directive-rewrite|needs-include-standardization|needs-image-standard,not_started,not_started,,,,
docs/media-pull/overview/product-overview.mdx,content/docs/zh-CN/realtime-media/media-pull/overview/product-overview.mdx,migrate_page_after_syntax_and_ia_review,needs_review,medium,partial,,Batch with same product after syntax-map confirmation.,needs-directive-rewrite|needs-image-standard,not_started,not_started,,,,
docs/media-pull/overview/release-notes.mdx,content/docs/zh-CN/realtime-media/media-pull/overview/release-notes.mdx,migrate_page_after_syntax_and_ia_review,needs_review,medium,partial,,Batch with same product after syntax-map confirmation.,needs-directive-rewrite,not_started,not_started,,,,
docs/media-pull/quota.mdx,content/docs/zh-CN/realtime-media/media-pull/quota.mdx,migrate_page_after_syntax_and_ia_review,needs_review,medium,partial,,Batch with same product after syntax-map confirmation.,needs-directive-rewrite|needs-include-standardization|needs-table-normalization|needs-anchor-normalization,not_started,not_started,,,,
docs/media-pull/response-code.mdx,content/docs/zh-CN/realtime-media/media-pull/response-code.mdx,migrate_page_after_syntax_and_ia_review,needs_review,medium,partial,,Batch with same product after syntax-map confirmation.,needs-directive-rewrite,not_started,not_started,,,,
docs/media-pull/skills-integrate.mdx,content/docs/zh-CN/realtime-media/media-pull/skills-integrate.mdx,migrate_page_after_syntax_and_ia_review,needs_review,medium,partial,,Batch with same product after syntax-map confirmation.,needs-directive-rewrite|needs-include-standardization,not_started,not_started,,,,
docs/media-pull/user-guides/http-basic-auth.mdx,content/docs/zh-CN/realtime-media/media-pull/user-guides/http-basic-auth.mdx,migrate_page_after_syntax_and_ia_review,needs_review,medium,partial,,Batch with same product after syntax-map confirmation.,needs-directive-rewrite|needs-include-standardization,not_started,not_started,,,,
docs/media-pull/webhook/enable-event-notification.mdx,content/docs/zh-CN/realtime-media/media-pull/webhook/enable-event-notification.mdx,migrate_page_after_syntax_and_ia_review,needs_review,medium,partial,,Batch with same product after syntax-map confirmation.,needs-directive-rewrite|needs-include-standardization|needs-anchor-normalization,not_started,not_started,,,,
docs/media-pull/webhook/ncs-events.mdx,content/docs/zh-CN/realtime-media/media-pull/webhook/ncs-events.mdx,migrate_page_after_syntax_and_ia_review,needs_review,low,yes,,Batch with same product after syntax-map confirmation.,ready-native,not_started,not_started,,,,
docs/media-push/api/video-profile.mdx,content/docs/zh-CN/realtime-media/media-push/api/video-profile.mdx,migrate_page_after_syntax_and_ia_review,needs_review,medium,partial,,Batch with same product after syntax-map confirmation.,needs-directive-rewrite|needs-include-standardization,not_started,not_started,,,,
docs/media-push/best-practices/checklist.mdx,content/docs/zh-CN/realtime-media/media-push/best-practices/checklist.mdx,migrate_page_after_syntax_and_ia_review,needs_review,medium,partial,,Batch with same product after syntax-map confirmation.,needs-directive-rewrite,not_started,not_started,,,,
docs/media-push/best-practices/ensure-converter-created.mdx,content/docs/zh-CN/realtime-media/media-push/best-practices/ensure-converter-created.mdx,migrate_page_after_syntax_and_ia_review,needs_review,low,yes,,Batch with same product after syntax-map confirmation.,ready-native,not_started,not_started,,,,
docs/media-push/best-practices/rest-availability.mdx,content/docs/zh-CN/realtime-media/media-push/best-practices/rest-availability.mdx,migrate_page_after_syntax_and_ia_review,needs_review,medium,partial,,Batch with same product after syntax-map confirmation.,needs-directive-rewrite|needs-include-standardization,not_started,not_started,,,,
docs/media-push/get-started/call-api.mdx,content/docs/zh-CN/realtime-media/media-push/get-started/call-api.mdx,migrate_page_after_syntax_and_ia_review,needs_review,low,yes,,Batch with same product after syntax-map confirmation.,ready-native,not_started,not_started,,,,
docs/media-push/get-started/enable-service.mdx,content/docs/zh-CN/realtime-media/media-push/get-started/enable-service.mdx,migrate_page_after_syntax_and_ia_review,needs_review,medium,partial,,Batch with same product after syntax-map confirmation.,needs-directive-rewrite|needs-include-standardization|needs-image-standard,not_started,not_started,,,,
docs/media-push/landing-page.mdx,content/docs/zh-CN/realtime-media/media-push/landing-page.mdx,migrate_page_after_syntax_and_ia_review,needs_review,high,no,,Review legacy JSX/shared/platform/API patterns before batching.,needs-directive-rewrite|needs-landing-page-normalization,not_started,not_started,,,,
docs/media-push/mcp-integrate.mdx,content/docs/zh-CN/realtime-media/media-push/mcp-integrate.mdx,migrate_page_after_syntax_and_ia_review,needs_review,medium,partial,,Batch with same product after syntax-map confirmation.,needs-directive-rewrite|needs-include-standardization,not_started,not_started,,,,
docs/media-push/overview/billing.mdx,content/docs/zh-CN/realtime-media/media-push/overview/billing.mdx,migrate_page_after_syntax_and_ia_review,needs_review,medium,partial,,Batch with same product after syntax-map confirmation.,needs-directive-rewrite|needs-table-normalization|needs-image-standard,not_started,not_started,,,,
docs/media-push/overview/payment.mdx,content/docs/zh-CN/realtime-media/media-push/overview/payment.mdx,migrate_page_after_syntax_and_ia_review,needs_review,medium,partial,,Batch with same product after syntax-map confirmation.,needs-directive-rewrite|needs-include-standardization|needs-image-standard,not_started,not_started,,,,
docs/media-push/overview/product-overview.mdx,content/docs/zh-CN/realtime-media/media-push/overview/product-overview.mdx,migrate_page_after_syntax_and_ia_review,needs_review,medium,partial,,Batch with same product after syntax-map confirmation.,needs-directive-rewrite|needs-image-standard,not_started,not_started,,,,
docs/media-push/quota.mdx,content/docs/zh-CN/realtime-media/media-push/quota.mdx,migrate_page_after_syntax_and_ia_review,needs_review,medium,partial,,Batch with same product after syntax-map confirmation.,needs-directive-rewrite|needs-table-normalization|needs-anchor-normalization,not_started,not_started,,,,
docs/media-push/response-code.mdx,content/docs/zh-CN/realtime-media/media-push/response-code.mdx,migrate_page_after_syntax_and_ia_review,needs_review,medium,partial,,Batch with same product after syntax-map confirmation.,needs-directive-rewrite,not_started,not_started,,,,
docs/media-push/skills-integrate.mdx,content/docs/zh-CN/realtime-media/media-push/skills-integrate.mdx,migrate_page_after_syntax_and_ia_review,needs_review,medium,partial,,Batch with same product after syntax-map confirmation.,needs-directive-rewrite|needs-include-standardization,not_started,not_started,,,,
docs/media-push/user-guides/http-basic-auth.mdx,content/docs/zh-CN/realtime-media/media-push/user-guides/http-basic-auth.mdx,migrate_page_after_syntax_and_ia_review,needs_review,medium,partial,,Batch with same product after syntax-map confirmation.,needs-directive-rewrite|needs-include-standardization,not_started,not_started,,,,
docs/media-push/user-guides/set-no-transcode.mdx,content/docs/zh-CN/realtime-media/media-push/user-guides/set-no-transcode.mdx,migrate_page_after_syntax_and_ia_review,needs_review,low,yes,,Batch with same product after syntax-map confirmation.,ready-native,not_started,not_started,,,,
docs/media-push/user-guides/set-sei.mdx,content/docs/zh-CN/realtime-media/media-push/user-guides/set-sei.mdx,migrate_page_after_syntax_and_ia_review,needs_review,low,yes,,Batch with same product after syntax-map confirmation.,ready-native,not_started,not_started,,,,
docs/media-push/user-guides/set-transcode.mdx,content/docs/zh-CN/realtime-media/media-push/user-guides/set-transcode.mdx,migrate_page_after_syntax_and_ia_review,needs_review,low,yes,,Batch with same product after syntax-map confirmation.,ready-native,not_started,not_started,,,,
docs/media-push/user-guides/set-volume.mdx,content/docs/zh-CN/realtime-media/media-push/user-guides/set-volume.mdx,migrate_page_after_syntax_and_ia_review,needs_review,medium,partial,,Batch with same product after syntax-map confirmation.,needs-directive-rewrite,not_started,not_started,,,,
docs/media-push/user-guides/update-transcode.mdx,content/docs/zh-CN/realtime-media/media-push/user-guides/update-transcode.mdx,migrate_page_after_syntax_and_ia_review,needs_review,low,yes,,Batch with same product after syntax-map confirmation.,ready-native,not_started,not_started,,,,
docs/media-push/user-guides/vertical-streaming.mdx,content/docs/zh-CN/realtime-media/media-push/user-guides/vertical-streaming.mdx,migrate_page_after_syntax_and_ia_review,needs_review,medium,partial,,Batch with same product after syntax-map confirmation.,needs-directive-rewrite|needs-image-standard,not_started,not_started,,,,
docs/media-push/webhook/enable-ncs.mdx,content/docs/zh-CN/realtime-media/media-push/webhook/enable-ncs.mdx,migrate_page_after_syntax_and_ia_review,needs_review,medium,partial,,Batch with same product after syntax-map confirmation.,needs-directive-rewrite|needs-include-standardization|needs-anchor-normalization,not_started,not_started,,,,
docs/media-push/webhook/ncs-events.mdx,content/docs/zh-CN/realtime-media/media-push/webhook/ncs-events.mdx,migrate_page_after_syntax_and_ia_review,needs_review,medium,partial,,Batch with same product after syntax-map confirmation.,needs-directive-rewrite,not_started,not_started,,,,
docs/meeting/_resources.mdx,content/docs/zh-CN/api-reference/meeting/_resources.mdx,migrate_page_after_syntax_and_ia_review,needs_review,low,yes,,Batch with same product after syntax-map confirmation.,ready-native,not_started,not_started,,,,
docs/meeting/api/create-room.restful.mdx,content/docs/zh-CN/api-reference/meeting/api/create-room.restful.mdx,migrate_page_after_syntax_and_ia_review,needs_review,medium,partial,,Batch with same product after syntax-map confirmation.,needs-directive-rewrite|needs-include-standardization|needs-table-normalization,not_started,not_started,,,,
docs/meeting/api/query-recording.restful.mdx,content/docs/zh-CN/api-reference/meeting/api/query-recording.restful.mdx,migrate_page_after_syntax_and_ia_review,needs_review,medium,partial,,Batch with same product after syntax-map confirmation.,needs-directive-rewrite|needs-include-standardization|needs-table-normalization,not_started,not_started,,,,
docs/meeting/best-practices/high-availability.restful.mdx,content/docs/zh-CN/api-reference/meeting/best-practices/high-availability.restful.mdx,migrate_page_after_syntax_and_ia_review,needs_review,medium,partial,,Batch with same product after syntax-map confirmation.,needs-directive-rewrite|needs-image-standard,not_started,not_started,,,,
docs/meeting/get-started/_integrate-meeting.macos.mdx,content/docs/zh-CN/api-reference/meeting/get-started/_integrate-meeting.macos.mdx,migrate_page_after_syntax_and_ia_review,needs_review,low,yes,,Batch with same product after syntax-map confirmation.,ready-native,not_started,not_started,,,,
docs/meeting/get-started/_integrate-meeting.windows.mdx,content/docs/zh-CN/api-reference/meeting/get-started/_integrate-meeting.windows.mdx,migrate_page_after_syntax_and_ia_review,needs_review,low,yes,,Batch with same product after syntax-map confirmation.,ready-native,not_started,not_started,,,,
docs/meeting/get-started/_run-example.android.mdx,content/docs/zh-CN/api-reference/meeting/get-started/_run-example.android.mdx,migrate_page_after_syntax_and_ia_review,needs_review,low,yes,,Batch with same product after syntax-map confirmation.,ready-native,not_started,not_started,,,,
docs/meeting/get-started/_run-example.electron.mdx,content/docs/zh-CN/api-reference/meeting/get-started/_run-example.electron.mdx,migrate_page_after_syntax_and_ia_review,needs_review,low,yes,,Batch with same product after syntax-map confirmation.,ready-native,not_started,not_started,,,,
docs/meeting/get-started/_run-example.ios.mdx,content/docs/zh-CN/api-reference/meeting/get-started/_run-example.ios.mdx,migrate_page_after_syntax_and_ia_review,needs_review,low,yes,,Batch with same product after syntax-map confirmation.,ready-native,not_started,not_started,,,,
docs/meeting/get-started/_run-example.macos.mdx,content/docs/zh-CN/api-reference/meeting/get-started/_run-example.macos.mdx,migrate_page_after_syntax_and_ia_review,needs_review,low,yes,,Batch with same product after syntax-map confirmation.,ready-native,not_started,not_started,,,,
docs/meeting/get-started/_run-example.windows.mdx,content/docs/zh-CN/api-reference/meeting/get-started/_run-example.windows.mdx,migrate_page_after_syntax_and_ia_review,needs_review,low,yes,,Batch with same product after syntax-map confirmation.,ready-native,not_started,not_started,,,,
docs/meeting/get-started/call-api.restful.mdx,content/docs/zh-CN/api-reference/meeting/get-started/call-api.restful.mdx,migrate_page_after_syntax_and_ia_review,needs_review,medium,partial,,Batch with same product after syntax-map confirmation.,needs-directive-rewrite|needs-include-standardization,not_started,not_started,,,,
docs/meeting/get-started/configure-meeting.mdx,content/docs/zh-CN/api-reference/meeting/get-started/configure-meeting.mdx,migrate_page_after_syntax_and_ia_review,needs_review,medium,partial,,Batch with same product after syntax-map confirmation.,needs-directive-rewrite|needs-table-normalization|needs-image-standard,not_started,not_started,,,,
docs/meeting/get-started/enable-service.mdx,content/docs/zh-CN/api-reference/meeting/get-started/enable-service.mdx,migrate_page_after_syntax_and_ia_review,needs_review,high,no,,Review legacy JSX/shared/platform/API patterns before batching.,needs-directive-rewrite|needs-include-standardization|needs-platform-expansion|needs-image-standard,not_started,not_started,,,,
docs/meeting/get-started/integrate-meeting.android.mdx,content/docs/zh-CN/api-reference/meeting/get-started/integrate-meeting.android.mdx,migrate_page_after_syntax_and_ia_review,needs_review,medium,partial,,Batch with same product after syntax-map confirmation.,needs-directive-rewrite|needs-include-standardization,not_started,not_started,,,,
docs/meeting/get-started/integrate-meeting.electron.mdx,content/docs/zh-CN/api-reference/meeting/get-started/integrate-meeting.electron.mdx,migrate_page_after_syntax_and_ia_review,needs_review,medium,partial,,Batch with same product after syntax-map confirmation.,needs-directive-rewrite|needs-include-standardization,not_started,not_started,,,,
docs/meeting/get-started/integrate-meeting.ios.mdx,content/docs/zh-CN/api-reference/meeting/get-started/integrate-meeting.ios.mdx,migrate_page_after_syntax_and_ia_review,needs_review,medium,partial,,Batch with same product after syntax-map confirmation.,needs-directive-rewrite|needs-include-standardization,not_started,not_started,,,,
docs/meeting/landing-page.mdx,content/docs/zh-CN/api-reference/meeting/landing-page.mdx,migrate_page_after_syntax_and_ia_review,needs_review,high,no,,Review legacy JSX/shared/platform/API patterns before batching.,needs-directive-rewrite|needs-landing-page-normalization,not_started,not_started,,,,
docs/meeting/landing-page.restful.mdx,content/docs/zh-CN/api-reference/meeting/landing-page.restful.mdx,migrate_page_after_syntax_and_ia_review,needs_review,high,no,,Review legacy JSX/shared/platform/API patterns before batching.,needs-directive-rewrite|needs-landing-page-normalization,not_started,not_started,,,,
docs/meeting/mcp-integrate.mdx,content/docs/zh-CN/api-reference/meeting/mcp-integrate.mdx,migrate_page_after_syntax_and_ia_review,needs_review,medium,partial,,Batch with same product after syntax-map confirmation.,needs-directive-rewrite|needs-include-standardization,not_started,not_started,,,,
docs/meeting/overview/_billing.mdx,content/docs/zh-CN/api-reference/meeting/overview/_billing.mdx,migrate_page_after_syntax_and_ia_review,needs_review,medium,partial,,Batch with same product after syntax-map confirmation.,needs-directive-rewrite|needs-table-normalization,not_started,not_started,,,,
docs/meeting/overview/platform-support.mdx,content/docs/zh-CN/api-reference/meeting/overview/platform-support.mdx,migrate_page_after_syntax_and_ia_review,needs_review,medium,partial,,Batch with same product after syntax-map confirmation.,needs-directive-rewrite|needs-table-normalization,not_started,not_started,,,,
docs/meeting/overview/product-overview.mdx,content/docs/zh-CN/api-reference/meeting/overview/product-overview.mdx,migrate_page_after_syntax_and_ia_review,needs_review,medium,partial,,Batch with same product after syntax-map confirmation.,needs-directive-rewrite|needs-table-normalization|needs-image-standard,not_started,not_started,,,,
docs/meeting/quota.restful.mdx,content/docs/zh-CN/api-reference/meeting/quota.restful.mdx,migrate_page_after_syntax_and_ia_review,needs_review,medium,partial,,Batch with same product after syntax-map confirmation.,needs-directive-rewrite|needs-table-normalization,not_started,not_started,,,,
docs/meeting/response-code.restful.mdx,content/docs/zh-CN/api-reference/meeting/response-code.restful.mdx,migrate_page_after_syntax_and_ia_review,needs_review,medium,partial,,Batch with same product after syntax-map confirmation.,needs-directive-rewrite|needs-table-normalization,not_started,not_started,,,,
docs/meeting/skills-integrate.mdx,content/docs/zh-CN/api-reference/meeting/skills-integrate.mdx,migrate_page_after_syntax_and_ia_review,needs_review,medium,partial,,Batch with same product after syntax-map confirmation.,needs-directive-rewrite|needs-include-standardization,not_started,not_started,,,,
docs/meeting/user-guides/generate-token.mdx,content/docs/zh-CN/api-reference/meeting/user-guides/generate-token.mdx,migrate_page_after_syntax_and_ia_review,needs_review,high,no,,Review legacy JSX/shared/platform/API patterns before batching.,needs-directive-rewrite|needs-platform-expansion,not_started,not_started,,,,
docs/meeting/user-guides/http-token-auth.restful.mdx,content/docs/zh-CN/api-reference/meeting/user-guides/http-token-auth.restful.mdx,migrate_page_after_syntax_and_ia_review,needs_review,low,yes,,Batch with same product after syntax-map confirmation.,ready-native,not_started,not_started,,,,
docs/meeting/webhook/webhook-events.restful.mdx,content/docs/zh-CN/api-reference/meeting/webhook/webhook-events.restful.mdx,migrate_page_after_syntax_and_ia_review,needs_review,medium,partial,,Batch with same product after syntax-map confirmation.,needs-directive-rewrite|needs-include-standardization|needs-table-normalization,not_started,not_started,,,,
docs/meta-world/advanced-features/dress-face.android.mdx,,migrate_page_after_syntax_and_ia_review,blocked,medium,partial,No matching target product directory found for legacy docs/meta-world; decide tab/product IA before migration.,Confirm target IA and migration strategy for docs/meta-world/advanced-features/dress-face.android.mdx.,needs-directive-rewrite|needs-image-standard,not_started,not_started,,,,
docs/meta-world/advanced-features/dress-face.ios.mdx,,migrate_page_after_syntax_and_ia_review,blocked,medium,partial,No matching target product directory found for legacy docs/meta-world; decide tab/product IA before migration.,Confirm target IA and migration strategy for docs/meta-world/advanced-features/dress-face.ios.mdx.,needs-directive-rewrite|needs-image-standard,not_started,not_started,,,,
docs/meta-world/advanced-features/share-audio-video.android.mdx,,migrate_page_after_syntax_and_ia_review,blocked,medium,partial,No matching target product directory found for legacy docs/meta-world; decide tab/product IA before migration.,Confirm target IA and migration strategy for docs/meta-world/advanced-features/share-audio-video.android.mdx.,needs-directive-rewrite|needs-image-standard,not_started,not_started,,,,
docs/meta-world/advanced-features/share-audio-video.ios.mdx,,migrate_page_after_syntax_and_ia_review,blocked,medium,partial,No matching target product directory found for legacy docs/meta-world; decide tab/product IA before migration.,Confirm target IA and migration strategy for docs/meta-world/advanced-features/share-audio-video.ios.mdx.,needs-directive-rewrite|needs-image-standard,not_started,not_started,,,,
docs/meta-world/advanced-features/spatial-audio.android.mdx,,migrate_page_after_syntax_and_ia_review,blocked,medium,partial,No matching target product directory found for legacy docs/meta-world; decide tab/product IA before migration.,Confirm target IA and migration strategy for docs/meta-world/advanced-features/spatial-audio.android.mdx.,needs-directive-rewrite|needs-image-standard,not_started,not_started,,,,
docs/meta-world/advanced-features/spatial-audio.ios.mdx,,migrate_page_after_syntax_and_ia_review,blocked,medium,partial,No matching target product directory found for legacy docs/meta-world; decide tab/product IA before migration.,Confirm target IA and migration strategy for docs/meta-world/advanced-features/spatial-audio.ios.mdx.,needs-directive-rewrite|needs-image-standard,not_started,not_started,,,,
docs/meta-world/api-ref/meta-api.android.mdx,,migrate_page_after_syntax_and_ia_review,blocked,medium,partial,No matching target product directory found for legacy docs/meta-world; decide tab/product IA before migration.,Confirm target IA and migration strategy for docs/meta-world/api-ref/meta-api.android.mdx.,needs-directive-rewrite|needs-image-standard|needs-anchor-normalization,not_started,not_started,,,,
docs/meta-world/api-ref/meta-api.ios.mdx,,migrate_page_after_syntax_and_ia_review,blocked,medium,partial,No matching target product directory found for legacy docs/meta-world; decide tab/product IA before migration.,Confirm target IA and migration strategy for docs/meta-world/api-ref/meta-api.ios.mdx.,needs-directive-rewrite|needs-anchor-normalization,not_started,not_started,,,,
docs/meta-world/api-ref/rtc-api.android.mdx,,migrate_page_after_syntax_and_ia_review,blocked,low,yes,No matching target product directory found for legacy docs/meta-world; decide tab/product IA before migration.,Confirm target IA and migration strategy for docs/meta-world/api-ref/rtc-api.android.mdx.,ready-native,not_started,not_started,,,,
docs/meta-world/api-ref/rtc-api.ios.mdx,,migrate_page_after_syntax_and_ia_review,blocked,low,yes,No matching target product directory found for legacy docs/meta-world; decide tab/product IA before migration.,Confirm target IA and migration strategy for docs/meta-world/api-ref/rtc-api.ios.mdx.,ready-native,not_started,not_started,,,,
docs/meta-world/basic-features/metachat.android.mdx,,migrate_page_after_syntax_and_ia_review,blocked,medium,partial,No matching target product directory found for legacy docs/meta-world; decide tab/product IA before migration.,Confirm target IA and migration strategy for docs/meta-world/basic-features/metachat.android.mdx.,needs-directive-rewrite|needs-image-standard,not_started,not_started,,,,
docs/meta-world/basic-features/metachat.ios.mdx,,migrate_page_after_syntax_and_ia_review,blocked,medium,partial,No matching target product directory found for legacy docs/meta-world; decide tab/product IA before migration.,Confirm target IA and migration strategy for docs/meta-world/basic-features/metachat.ios.mdx.,needs-directive-rewrite|needs-image-standard,not_started,not_started,,,,
docs/meta-world/basic-features/metalive.android.mdx,,migrate_page_after_syntax_and_ia_review,blocked,medium,partial,No matching target product directory found for legacy docs/meta-world; decide tab/product IA before migration.,Confirm target IA and migration strategy for docs/meta-world/basic-features/metalive.android.mdx.,needs-directive-rewrite|needs-image-standard,not_started,not_started,,,,
docs/meta-world/basic-features/metalive.ios.mdx,,migrate_page_after_syntax_and_ia_review,blocked,medium,partial,No matching target product directory found for legacy docs/meta-world; decide tab/product IA before migration.,Confirm target IA and migration strategy for docs/meta-world/basic-features/metalive.ios.mdx.,needs-directive-rewrite|needs-image-standard,not_started,not_started,,,,
docs/meta-world/basic-features/mixed-scenario.android.mdx,,migrate_page_after_syntax_and_ia_review,blocked,medium,partial,No matching target product directory found for legacy docs/meta-world; decide tab/product IA before migration.,Confirm target IA and migration strategy for docs/meta-world/basic-features/mixed-scenario.android.mdx.,needs-directive-rewrite|needs-image-standard,not_started,not_started,,,,
docs/meta-world/basic-features/mixed-scenario.ios.mdx,,migrate_page_after_syntax_and_ia_review,blocked,medium,partial,No matching target product directory found for legacy docs/meta-world; decide tab/product IA before migration.,Confirm target IA and migration strategy for docs/meta-world/basic-features/mixed-scenario.ios.mdx.,needs-directive-rewrite|needs-image-standard,not_started,not_started,,,,
docs/meta-world/get-started/enable-service.mdx,,migrate_page_after_syntax_and_ia_review,blocked,medium,partial,No matching target product directory found for legacy docs/meta-world; decide tab/product IA before migration.,Confirm target IA and migration strategy for docs/meta-world/get-started/enable-service.mdx.,needs-directive-rewrite|needs-include-standardization,not_started,not_started,,,,
docs/meta-world/get-started/integrate-sdk.android.mdx,,migrate_page_after_syntax_and_ia_review,blocked,medium,partial,No matching target product directory found for legacy docs/meta-world; decide tab/product IA before migration.,Confirm target IA and migration strategy for docs/meta-world/get-started/integrate-sdk.android.mdx.,needs-directive-rewrite|needs-include-standardization|needs-image-standard,not_started,not_started,,,,
docs/meta-world/get-started/integrate-sdk.ios.mdx,,migrate_page_after_syntax_and_ia_review,blocked,medium,partial,No matching target product directory found for legacy docs/meta-world; decide tab/product IA before migration.,Confirm target IA and migration strategy for docs/meta-world/get-started/integrate-sdk.ios.mdx.,needs-directive-rewrite,not_started,not_started,,,,
docs/meta-world/get-started/run-example.android.mdx,,migrate_page_after_syntax_and_ia_review,blocked,medium,partial,No matching target product directory found for legacy docs/meta-world; decide tab/product IA before migration.,Confirm target IA and migration strategy for docs/meta-world/get-started/run-example.android.mdx.,needs-directive-rewrite|needs-include-standardization|needs-image-standard,not_started,not_started,,,,
docs/meta-world/get-started/run-example.ios.mdx,,migrate_page_after_syntax_and_ia_review,blocked,medium,partial,No matching target product directory found for legacy docs/meta-world; decide tab/product IA before migration.,Confirm target IA and migration strategy for docs/meta-world/get-started/run-example.ios.mdx.,needs-directive-rewrite|needs-image-standard,not_started,not_started,,,,
docs/meta-world/landing-page.mdx,,migrate_page_after_syntax_and_ia_review,blocked,high,no,No matching target product directory found for legacy docs/meta-world; decide tab/product IA before migration.,Confirm target IA and migration strategy for docs/meta-world/landing-page.mdx.,needs-directive-rewrite|needs-landing-page-normalization,not_started,not_started,,,,
docs/meta-world/mcp-integrate.mdx,,migrate_page_after_syntax_and_ia_review,blocked,medium,partial,No matching target product directory found for legacy docs/meta-world; decide tab/product IA before migration.,Confirm target IA and migration strategy for docs/meta-world/mcp-integrate.mdx.,needs-directive-rewrite|needs-include-standardization,not_started,not_started,,,,
docs/meta-world/overview/demo.mdx,,migrate_page_after_syntax_and_ia_review,blocked,medium,partial,No matching target product directory found for legacy docs/meta-world; decide tab/product IA before migration.,Confirm target IA and migration strategy for docs/meta-world/overview/demo.mdx.,needs-image-standard,not_started,not_started,,,,
docs/meta-world/overview/product-overview.mdx,,migrate_page_after_syntax_and_ia_review,blocked,medium,partial,No matching target product directory found for legacy docs/meta-world; decide tab/product IA before migration.,Confirm target IA and migration strategy for docs/meta-world/overview/product-overview.mdx.,needs-directive-rewrite|needs-image-standard,not_started,not_started,,,,
docs/meta-world/resources.mdx,,migrate_page_after_syntax_and_ia_review,blocked,high,no,No matching target product directory found for legacy docs/meta-world; decide tab/product IA before migration.,Confirm target IA and migration strategy for docs/meta-world/resources.mdx.,needs-directive-rewrite|needs-landing-page-normalization,not_started,not_started,,,,
docs/meta-world/skills-integrate.mdx,,migrate_page_after_syntax_and_ia_review,blocked,medium,partial,No matching target product directory found for legacy docs/meta-world; decide tab/product IA before migration.,Confirm target IA and migration strategy for docs/meta-world/skills-integrate.mdx.,needs-directive-rewrite|needs-include-standardization,not_started,not_started,,,,
docs/multi-usecase/_homepage_.mdx,,migrate_page_after_syntax_and_ia_review,blocked,high,no,No matching target product directory found for legacy docs/multi-usecase; decide tab/product IA before migration.,Confirm target IA and migration strategy for docs/multi-usecase/_homepage_.mdx.,needs-directive-rewrite|needs-landing-page-normalization,not_started,not_started,,,,
docs/multi-usecase/non-scenario-based/karaoke.android.mdx,,migrate_page_after_syntax_and_ia_review,blocked,medium,partial,No matching target product directory found for legacy docs/multi-usecase; decide tab/product IA before migration.,Confirm target IA and migration strategy for docs/multi-usecase/non-scenario-based/karaoke.android.mdx.,needs-directive-rewrite,not_started,not_started,,,,
docs/multi-usecase/non-scenario-based/karaoke.ios.mdx,,migrate_page_after_syntax_and_ia_review,blocked,medium,partial,No matching target product directory found for legacy docs/multi-usecase; decide tab/product IA before migration.,Confirm target IA and migration strategy for docs/multi-usecase/non-scenario-based/karaoke.ios.mdx.,needs-directive-rewrite,not_started,not_started,,,,
docs/multi-usecase/non-scenario-based/landing-page.mdx,,migrate_page_after_syntax_and_ia_review,blocked,high,no,No matching target product directory found for legacy docs/multi-usecase; decide tab/product IA before migration.,Confirm target IA and migration strategy for docs/multi-usecase/non-scenario-based/landing-page.mdx.,needs-directive-rewrite|needs-table-normalization|needs-landing-page-normalization,not_started,not_started,,,,
docs/multi-usecase/non-scenario-based/mcp-integrate.mdx,,migrate_page_after_syntax_and_ia_review,blocked,medium,partial,No matching target product directory found for legacy docs/multi-usecase; decide tab/product IA before migration.,Confirm target IA and migration strategy for docs/multi-usecase/non-scenario-based/mcp-integrate.mdx.,needs-directive-rewrite|needs-include-standardization,not_started,not_started,,,,
docs/multi-usecase/non-scenario-based/overview/billing.mdx,,migrate_page_after_syntax_and_ia_review,blocked,low,yes,No matching target product directory found for legacy docs/multi-usecase; decide tab/product IA before migration.,Confirm target IA and migration strategy for docs/multi-usecase/non-scenario-based/overview/billing.mdx.,ready-native,not_started,not_started,,,,
docs/multi-usecase/non-scenario-based/overview/demo.mdx,,migrate_page_after_syntax_and_ia_review,blocked,medium,partial,No matching target product directory found for legacy docs/multi-usecase; decide tab/product IA before migration.,Confirm target IA and migration strategy for docs/multi-usecase/non-scenario-based/overview/demo.mdx.,needs-directive-rewrite|needs-image-standard,not_started,not_started,,,,
docs/multi-usecase/non-scenario-based/overview/introduction.mdx,,migrate_page_after_syntax_and_ia_review,blocked,medium,partial,No matching target product directory found for legacy docs/multi-usecase; decide tab/product IA before migration.,Confirm target IA and migration strategy for docs/multi-usecase/non-scenario-based/overview/introduction.mdx.,needs-directive-rewrite|needs-table-normalization,not_started,not_started,,,,
docs/multi-usecase/non-scenario-based/resources.mdx,,migrate_page_after_syntax_and_ia_review,blocked,high,no,No matching target product directory found for legacy docs/multi-usecase; decide tab/product IA before migration.,Confirm target IA and migration strategy for docs/multi-usecase/non-scenario-based/resources.mdx.,needs-directive-rewrite|needs-include-standardization|needs-platform-expansion|needs-image-standard|needs-landing-page-normalization,not_started,not_started,,,,
docs/multi-usecase/non-scenario-based/skills-integrate.mdx,,migrate_page_after_syntax_and_ia_review,blocked,medium,partial,No matching target product directory found for legacy docs/multi-usecase; decide tab/product IA before migration.,Confirm target IA and migration strategy for docs/multi-usecase/non-scenario-based/skills-integrate.mdx.,needs-directive-rewrite|needs-include-standardization,not_started,not_started,,,,
docs/multi-usecase/non-scenario-based/test.android.mdx,,migrate_page_after_syntax_and_ia_review,blocked,low,yes,No matching target product directory found for legacy docs/multi-usecase; decide tab/product IA before migration.,Confirm target IA and migration strategy for docs/multi-usecase/non-scenario-based/test.android.mdx.,ready-native,not_started,not_started,,,,
docs/multi-usecase/non-scenario-based/test2.ios.mdx,,migrate_page_after_syntax_and_ia_review,blocked,low,yes,No matching target product directory found for legacy docs/multi-usecase; decide tab/product IA before migration.,Confirm target IA and migration strategy for docs/multi-usecase/non-scenario-based/test2.ios.mdx.,ready-native,not_started,not_started,,,,
docs/multi-usecase/scenario-based/chorus.android.mdx,,migrate_page_after_syntax_and_ia_review,blocked,medium,partial,No matching target product directory found for legacy docs/multi-usecase; decide tab/product IA before migration.,Confirm target IA and migration strategy for docs/multi-usecase/scenario-based/chorus.android.mdx.,needs-directive-rewrite|needs-image-standard,not_started,not_started,,,,
docs/multi-usecase/scenario-based/chorus.ios.mdx,,migrate_page_after_syntax_and_ia_review,blocked,medium,partial,No matching target product directory found for legacy docs/multi-usecase; decide tab/product IA before migration.,Confirm target IA and migration strategy for docs/multi-usecase/scenario-based/chorus.ios.mdx.,needs-directive-rewrite|needs-image-standard,not_started,not_started,,,,
docs/multi-usecase/scenario-based/get-music.android.mdx,,migrate_page_after_syntax_and_ia_review,blocked,medium,partial,No matching target product directory found for legacy docs/multi-usecase; decide tab/product IA before migration.,Confirm target IA and migration strategy for docs/multi-usecase/scenario-based/get-music.android.mdx.,needs-directive-rewrite|needs-anchor-normalization,not_started,not_started,,,,
docs/multi-usecase/scenario-based/get-music.ios.mdx,,migrate_page_after_syntax_and_ia_review,blocked,medium,partial,No matching target product directory found for legacy docs/multi-usecase; decide tab/product IA before migration.,Confirm target IA and migration strategy for docs/multi-usecase/scenario-based/get-music.ios.mdx.,needs-directive-rewrite|needs-image-standard|needs-anchor-normalization,not_started,not_started,,,,
docs/multi-usecase/scenario-based/landing-page.mdx,,migrate_page_after_syntax_and_ia_review,blocked,high,no,No matching target product directory found for legacy docs/multi-usecase; decide tab/product IA before migration.,Confirm target IA and migration strategy for docs/multi-usecase/scenario-based/landing-page.mdx.,needs-directive-rewrite|needs-table-normalization|needs-landing-page-normalization,not_started,not_started,,,,
docs/multi-usecase/scenario-based/mcp-integrate.mdx,,migrate_page_after_syntax_and_ia_review,blocked,medium,partial,No matching target product directory found for legacy docs/multi-usecase; decide tab/product IA before migration.,Confirm target IA and migration strategy for docs/multi-usecase/scenario-based/mcp-integrate.mdx.,needs-directive-rewrite|needs-include-standardization,not_started,not_started,,,,
docs/multi-usecase/scenario-based/overview/billing.mdx,,migrate_page_after_syntax_and_ia_review,blocked,low,yes,No matching target product directory found for legacy docs/multi-usecase; decide tab/product IA before migration.,Confirm target IA and migration strategy for docs/multi-usecase/scenario-based/overview/billing.mdx.,ready-native,not_started,not_started,,,,
docs/multi-usecase/scenario-based/overview/demo.mdx,,migrate_page_after_syntax_and_ia_review,blocked,medium,partial,No matching target product directory found for legacy docs/multi-usecase; decide tab/product IA before migration.,Confirm target IA and migration strategy for docs/multi-usecase/scenario-based/overview/demo.mdx.,needs-directive-rewrite|needs-image-standard,not_started,not_started,,,,
docs/multi-usecase/scenario-based/overview/introduction.mdx,,migrate_page_after_syntax_and_ia_review,blocked,medium,partial,No matching target product directory found for legacy docs/multi-usecase; decide tab/product IA before migration.,Confirm target IA and migration strategy for docs/multi-usecase/scenario-based/overview/introduction.mdx.,needs-directive-rewrite|needs-table-normalization,not_started,not_started,,,,
docs/multi-usecase/scenario-based/resources.mdx,,migrate_page_after_syntax_and_ia_review,blocked,high,no,No matching target product directory found for legacy docs/multi-usecase; decide tab/product IA before migration.,Confirm target IA and migration strategy for docs/multi-usecase/scenario-based/resources.mdx.,needs-directive-rewrite|needs-include-standardization|needs-platform-expansion|needs-image-standard|needs-landing-page-normalization,not_started,not_started,,,,
docs/multi-usecase/scenario-based/skills-integrate.mdx,,migrate_page_after_syntax_and_ia_review,blocked,medium,partial,No matching target product directory found for legacy docs/multi-usecase; decide tab/product IA before migration.,Confirm target IA and migration strategy for docs/multi-usecase/scenario-based/skills-integrate.mdx.,needs-directive-rewrite|needs-include-standardization,not_started,not_started,,,,
docs/multi-usecase/scenario-based/solo.android.mdx,,migrate_page_after_syntax_and_ia_review,blocked,medium,partial,No matching target product directory found for legacy docs/multi-usecase; decide tab/product IA before migration.,Confirm target IA and migration strategy for docs/multi-usecase/scenario-based/solo.android.mdx.,needs-directive-rewrite|needs-image-standard,not_started,not_started,,,,
docs/multi-usecase/scenario-based/solo.ios.mdx,,migrate_page_after_syntax_and_ia_review,blocked,medium,partial,No matching target product directory found for legacy docs/multi-usecase; decide tab/product IA before migration.,Confirm target IA and migration strategy for docs/multi-usecase/scenario-based/solo.ios.mdx.,needs-directive-rewrite|needs-image-standard,not_started,not_started,,,,
docs/multi-usecase/scenario-based/test.android.mdx,,migrate_page_after_syntax_and_ia_review,blocked,low,yes,No matching target product directory found for legacy docs/multi-usecase; decide tab/product IA before migration.,Confirm target IA and migration strategy for docs/multi-usecase/scenario-based/test.android.mdx.,ready-native,not_started,not_started,,,,
docs/multi-usecase/scenario-based/test2.ios.mdx,,migrate_page_after_syntax_and_ia_review,blocked,low,yes,No matching target product directory found for legacy docs/multi-usecase; decide tab/product IA before migration.,Confirm target IA and migration strategy for docs/multi-usecase/scenario-based/test2.ios.mdx.,ready-native,not_started,not_started,,,,
docs/multi-usecase/ui-solution/enable-service.mdx,,migrate_page_after_syntax_and_ia_review,blocked,medium,partial,No matching target product directory found for legacy docs/multi-usecase; decide tab/product IA before migration.,Confirm target IA and migration strategy for docs/multi-usecase/ui-solution/enable-service.mdx.,needs-directive-rewrite|needs-include-standardization|needs-image-standard,not_started,not_started,,,,
docs/multi-usecase/ui-solution/kit-demo.android.mdx,,migrate_page_after_syntax_and_ia_review,blocked,medium,partial,No matching target product directory found for legacy docs/multi-usecase; decide tab/product IA before migration.,Confirm target IA and migration strategy for docs/multi-usecase/ui-solution/kit-demo.android.mdx.,needs-directive-rewrite|needs-image-standard,not_started,not_started,,,,
docs/multi-usecase/ui-solution/kit-demo.ios.mdx,,migrate_page_after_syntax_and_ia_review,blocked,medium,partial,No matching target product directory found for legacy docs/multi-usecase; decide tab/product IA before migration.,Confirm target IA and migration strategy for docs/multi-usecase/ui-solution/kit-demo.ios.mdx.,needs-directive-rewrite|needs-image-standard|needs-anchor-normalization,not_started,not_started,,,,
docs/multi-usecase/ui-solution/kit-demo.javascript.mdx,,migrate_page_after_syntax_and_ia_review,blocked,medium,partial,No matching target product directory found for legacy docs/multi-usecase; decide tab/product IA before migration.,Confirm target IA and migration strategy for docs/multi-usecase/ui-solution/kit-demo.javascript.mdx.,needs-directive-rewrite|needs-image-standard|needs-anchor-normalization,not_started,not_started,,,,
docs/multi-usecase/ui-solution/landing-page.mdx,,migrate_page_after_syntax_and_ia_review,blocked,high,no,No matching target product directory found for legacy docs/multi-usecase; decide tab/product IA before migration.,Confirm target IA and migration strategy for docs/multi-usecase/ui-solution/landing-page.mdx.,needs-directive-rewrite|needs-table-normalization|needs-landing-page-normalization,not_started,not_started,,,,
docs/multi-usecase/ui-solution/mcp-integrate.mdx,,migrate_page_after_syntax_and_ia_review,blocked,medium,partial,No matching target product directory found for legacy docs/multi-usecase; decide tab/product IA before migration.,Confirm target IA and migration strategy for docs/multi-usecase/ui-solution/mcp-integrate.mdx.,needs-directive-rewrite|needs-include-standardization,not_started,not_started,,,,
docs/multi-usecase/ui-solution/overview/billing.mdx,,migrate_page_after_syntax_and_ia_review,blocked,low,yes,No matching target product directory found for legacy docs/multi-usecase; decide tab/product IA before migration.,Confirm target IA and migration strategy for docs/multi-usecase/ui-solution/overview/billing.mdx.,ready-native,not_started,not_started,,,,
docs/multi-usecase/ui-solution/overview/demo.mdx,,migrate_page_after_syntax_and_ia_review,blocked,medium,partial,No matching target product directory found for legacy docs/multi-usecase; decide tab/product IA before migration.,Confirm target IA and migration strategy for docs/multi-usecase/ui-solution/overview/demo.mdx.,needs-directive-rewrite|needs-image-standard,not_started,not_started,,,,
docs/multi-usecase/ui-solution/overview/introduction.mdx,,migrate_page_after_syntax_and_ia_review,blocked,medium,partial,No matching target product directory found for legacy docs/multi-usecase; decide tab/product IA before migration.,Confirm target IA and migration strategy for docs/multi-usecase/ui-solution/overview/introduction.mdx.,needs-directive-rewrite|needs-table-normalization,not_started,not_started,,,,
docs/multi-usecase/ui-solution/resources.mdx,,migrate_page_after_syntax_and_ia_review,blocked,high,no,No matching target product directory found for legacy docs/multi-usecase; decide tab/product IA before migration.,Confirm target IA and migration strategy for docs/multi-usecase/ui-solution/resources.mdx.,needs-directive-rewrite|needs-include-standardization|needs-platform-expansion|needs-image-standard|needs-landing-page-normalization,not_started,not_started,,,,
docs/multi-usecase/ui-solution/skills-integrate.mdx,,migrate_page_after_syntax_and_ia_review,blocked,medium,partial,No matching target product directory found for legacy docs/multi-usecase; decide tab/product IA before migration.,Confirm target IA and migration strategy for docs/multi-usecase/ui-solution/skills-integrate.mdx.,needs-directive-rewrite|needs-include-standardization,not_started,not_started,,,,
docs/multi-usecase/ui-solution/test.android.mdx,,migrate_page_after_syntax_and_ia_review,blocked,low,yes,No matching target product directory found for legacy docs/multi-usecase; decide tab/product IA before migration.,Confirm target IA and migration strategy for docs/multi-usecase/ui-solution/test.android.mdx.,ready-native,not_started,not_started,,,,
docs/multi-usecase/ui-solution/test2.ios.mdx,,migrate_page_after_syntax_and_ia_review,blocked,low,yes,No matching target product directory found for legacy docs/multi-usecase; decide tab/product IA before migration.,Confirm target IA and migration strategy for docs/multi-usecase/ui-solution/test2.ios.mdx.,ready-native,not_started,not_started,,,,
docs/multi-usecase/ui-solution/test3.javascript.mdx,,migrate_page_after_syntax_and_ia_review,blocked,low,yes,No matching target product directory found for legacy docs/multi-usecase; decide tab/product IA before migration.,Confirm target IA and migration strategy for docs/multi-usecase/ui-solution/test3.javascript.mdx.,ready-native,not_started,not_started,,,,
docs/multi-usecase/ui-solution/uikitkaraoke.mdx,,migrate_page_after_syntax_and_ia_review,blocked,high,no,No matching target product directory found for legacy docs/multi-usecase; decide tab/product IA before migration.,Confirm target IA and migration strategy for docs/multi-usecase/ui-solution/uikitkaraoke.mdx.,needs-directive-rewrite|needs-platform-expansion|needs-image-standard,not_started,not_started,,,,
docs/one-to-one-classroom/landing-page.mdx,content/docs/zh-CN/api-reference/online-art-teaching/landing-page.mdx,migrate_page_after_syntax_and_ia_review,needs_review,high,no,,Review legacy JSX/shared/platform/API patterns before batching.,needs-directive-rewrite|needs-platform-expansion|needs-landing-page-normalization,not_started,not_started,,,,
docs/one-to-one-classroom/mcp-integrate.mdx,content/docs/zh-CN/api-reference/online-art-teaching/mcp-integrate.mdx,migrate_page_after_syntax_and_ia_review,needs_review,medium,partial,,Batch with same product after syntax-map confirmation.,needs-directive-rewrite|needs-include-standardization,not_started,not_started,,,,
docs/one-to-one-classroom/overview/product-overview.mdx,content/docs/zh-CN/api-reference/online-art-teaching/overview/product-overview.mdx,migrate_page_after_syntax_and_ia_review,needs_review,medium,partial,,Batch with same product after syntax-map confirmation.,needs-directive-rewrite|needs-include-standardization|needs-image-standard,not_started,not_started,,,,
docs/one-to-one-classroom/paas/architecture.mdx,content/docs/zh-CN/api-reference/online-art-teaching/paas/architecture.mdx,migrate_page_after_syntax_and_ia_review,needs_review,medium,partial,,Batch with same product after syntax-map confirmation.,needs-directive-rewrite|needs-include-standardization|needs-image-standard,not_started,not_started,,,,
docs/one-to-one-classroom/paas/best-practices.mdx,content/docs/zh-CN/api-reference/online-art-teaching/paas/best-practices.mdx,migrate_page_after_syntax_and_ia_review,needs_review,high,no,,Review legacy JSX/shared/platform/API patterns before batching.,needs-directive-rewrite|needs-include-standardization|needs-platform-expansion,not_started,not_started,,,,
docs/one-to-one-classroom/paas/integration-guide.mdx,content/docs/zh-CN/api-reference/online-art-teaching/paas/integration-guide.mdx,migrate_page_after_syntax_and_ia_review,needs_review,high,no,,Review legacy JSX/shared/platform/API patterns before batching.,needs-directive-rewrite|needs-include-standardization|needs-platform-expansion,not_started,not_started,,,,
docs/one-to-one-classroom/skills-integrate.mdx,content/docs/zh-CN/api-reference/online-art-teaching/skills-integrate.mdx,migrate_page_after_syntax_and_ia_review,needs_review,medium,partial,,Batch with same product after syntax-map confirmation.,needs-directive-rewrite|needs-include-standardization,not_started,not_started,,,,
docs/one-to-one-live/custom-signaling/advanced-features/app-billing-policy.mdx,,migrate_page_after_syntax_and_ia_review,blocked,medium,partial,No matching target product directory found for legacy docs/one-to-one-live; decide tab/product IA before migration.,Confirm target IA and migration strategy for docs/one-to-one-live/custom-signaling/advanced-features/app-billing-policy.mdx.,needs-directive-rewrite,not_started,not_started,,,,
docs/one-to-one-live/custom-signaling/advanced-features/audio-scenario.mdx,,migrate_page_after_syntax_and_ia_review,blocked,medium,partial,No matching target product directory found for legacy docs/one-to-one-live; decide tab/product IA before migration.,Confirm target IA and migration strategy for docs/one-to-one-live/custom-signaling/advanced-features/audio-scenario.mdx.,needs-directive-rewrite|needs-include-standardization,not_started,not_started,,,,
docs/one-to-one-live/custom-signaling/advanced-features/integration-guideline.android.mdx,,migrate_page_after_syntax_and_ia_review,blocked,medium,partial,No matching target product directory found for legacy docs/one-to-one-live; decide tab/product IA before migration.,Confirm target IA and migration strategy for docs/one-to-one-live/custom-signaling/advanced-features/integration-guideline.android.mdx.,needs-directive-rewrite,not_started,not_started,,,,
docs/one-to-one-live/custom-signaling/advanced-features/integration-guideline.ios.mdx,,migrate_page_after_syntax_and_ia_review,blocked,medium,partial,No matching target product directory found for legacy docs/one-to-one-live; decide tab/product IA before migration.,Confirm target IA and migration strategy for docs/one-to-one-live/custom-signaling/advanced-features/integration-guideline.ios.mdx.,needs-directive-rewrite,not_started,not_started,,,,
docs/one-to-one-live/custom-signaling/api/call-api.android.mdx,,migrate_page_after_syntax_and_ia_review,blocked,medium,partial,No matching target product directory found for legacy docs/one-to-one-live; decide tab/product IA before migration.,Confirm target IA and migration strategy for docs/one-to-one-live/custom-signaling/api/call-api.android.mdx.,needs-directive-rewrite|needs-table-normalization|needs-anchor-normalization,not_started,not_started,,,,
docs/one-to-one-live/custom-signaling/api/call-api.ios.mdx,,migrate_page_after_syntax_and_ia_review,blocked,medium,partial,No matching target product directory found for legacy docs/one-to-one-live; decide tab/product IA before migration.,Confirm target IA and migration strategy for docs/one-to-one-live/custom-signaling/api/call-api.ios.mdx.,needs-directive-rewrite|needs-table-normalization|needs-anchor-normalization,not_started,not_started,,,,
docs/one-to-one-live/custom-signaling/api/rtc-api.android.mdx,,migrate_page_after_syntax_and_ia_review,blocked,low,yes,No matching target product directory found for legacy docs/one-to-one-live; decide tab/product IA before migration.,Confirm target IA and migration strategy for docs/one-to-one-live/custom-signaling/api/rtc-api.android.mdx.,ready-native,not_started,not_started,,,,
docs/one-to-one-live/custom-signaling/api/rtc-api.ios.mdx,,migrate_page_after_syntax_and_ia_review,blocked,low,yes,No matching target product directory found for legacy docs/one-to-one-live; decide tab/product IA before migration.,Confirm target IA and migration strategy for docs/one-to-one-live/custom-signaling/api/rtc-api.ios.mdx.,ready-native,not_started,not_started,,,,
docs/one-to-one-live/custom-signaling/basic-features/implement-custom-signaling.android.mdx,,migrate_page_after_syntax_and_ia_review,blocked,high,no,No matching target product directory found for legacy docs/one-to-one-live; decide tab/product IA before migration.,Confirm target IA and migration strategy for docs/one-to-one-live/custom-signaling/basic-features/implement-custom-signaling.android.mdx.,needs-directive-rewrite|needs-landing-page-normalization,not_started,not_started,,,,
docs/one-to-one-live/custom-signaling/basic-features/implement-custom-signaling.ios.mdx,,migrate_page_after_syntax_and_ia_review,blocked,high,no,No matching target product directory found for legacy docs/one-to-one-live; decide tab/product IA before migration.,Confirm target IA and migration strategy for docs/one-to-one-live/custom-signaling/basic-features/implement-custom-signaling.ios.mdx.,needs-directive-rewrite|needs-landing-page-normalization,not_started,not_started,,,,
docs/one-to-one-live/custom-signaling/basic-features/showroom-to-one-to-one.android.mdx,,migrate_page_after_syntax_and_ia_review,blocked,medium,partial,No matching target product directory found for legacy docs/one-to-one-live; decide tab/product IA before migration.,Confirm target IA and migration strategy for docs/one-to-one-live/custom-signaling/basic-features/showroom-to-one-to-one.android.mdx.,needs-directive-rewrite|needs-image-standard,not_started,not_started,,,,
docs/one-to-one-live/custom-signaling/basic-features/showroom-to-one-to-one.ios.mdx,,migrate_page_after_syntax_and_ia_review,blocked,medium,partial,No matching target product directory found for legacy docs/one-to-one-live; decide tab/product IA before migration.,Confirm target IA and migration strategy for docs/one-to-one-live/custom-signaling/basic-features/showroom-to-one-to-one.ios.mdx.,needs-directive-rewrite|needs-image-standard,not_started,not_started,,,,
docs/one-to-one-live/custom-signaling/basic-features/start-one-to-one.android.mdx,,migrate_page_after_syntax_and_ia_review,blocked,medium,partial,No matching target product directory found for legacy docs/one-to-one-live; decide tab/product IA before migration.,Confirm target IA and migration strategy for docs/one-to-one-live/custom-signaling/basic-features/start-one-to-one.android.mdx.,needs-directive-rewrite|needs-image-standard,not_started,not_started,,,,
docs/one-to-one-live/custom-signaling/basic-features/start-one-to-one.ios.mdx,,migrate_page_after_syntax_and_ia_review,blocked,medium,partial,No matching target product directory found for legacy docs/one-to-one-live; decide tab/product IA before migration.,Confirm target IA and migration strategy for docs/one-to-one-live/custom-signaling/basic-features/start-one-to-one.ios.mdx.,needs-directive-rewrite|needs-image-standard,not_started,not_started,,,,
docs/one-to-one-live/custom-signaling/get-started/enable-service.mdx,,migrate_page_after_syntax_and_ia_review,blocked,medium,partial,No matching target product directory found for legacy docs/one-to-one-live; decide tab/product IA before migration.,Confirm target IA and migration strategy for docs/one-to-one-live/custom-signaling/get-started/enable-service.mdx.,needs-directive-rewrite|needs-include-standardization|needs-image-standard,not_started,not_started,,,,
docs/one-to-one-live/custom-signaling/get-started/integrate-third-party.android.mdx,,migrate_page_after_syntax_and_ia_review,blocked,medium,partial,No matching target product directory found for legacy docs/one-to-one-live; decide tab/product IA before migration.,Confirm target IA and migration strategy for docs/one-to-one-live/custom-signaling/get-started/integrate-third-party.android.mdx.,needs-directive-rewrite,not_started,not_started,,,,
docs/one-to-one-live/custom-signaling/get-started/integrate-third-party.ios.mdx,,migrate_page_after_syntax_and_ia_review,blocked,medium,partial,No matching target product directory found for legacy docs/one-to-one-live; decide tab/product IA before migration.,Confirm target IA and migration strategy for docs/one-to-one-live/custom-signaling/get-started/integrate-third-party.ios.mdx.,needs-directive-rewrite,not_started,not_started,,,,
docs/one-to-one-live/custom-signaling/get-started/run-example.android.mdx,,migrate_page_after_syntax_and_ia_review,blocked,high,no,No matching target product directory found for legacy docs/one-to-one-live; decide tab/product IA before migration.,Confirm target IA and migration strategy for docs/one-to-one-live/custom-signaling/get-started/run-example.android.mdx.,needs-directive-rewrite|needs-landing-page-normalization,not_started,not_started,,,,
docs/one-to-one-live/custom-signaling/get-started/run-example.ios.mdx,,migrate_page_after_syntax_and_ia_review,blocked,high,no,No matching target product directory found for legacy docs/one-to-one-live; decide tab/product IA before migration.,Confirm target IA and migration strategy for docs/one-to-one-live/custom-signaling/get-started/run-example.ios.mdx.,needs-directive-rewrite|needs-image-standard|needs-landing-page-normalization,not_started,not_started,,,,
docs/one-to-one-live/custom-signaling/landing-page.mdx,,migrate_page_after_syntax_and_ia_review,blocked,high,no,No matching target product directory found for legacy docs/one-to-one-live; decide tab/product IA before migration.,Confirm target IA and migration strategy for docs/one-to-one-live/custom-signaling/landing-page.mdx.,needs-directive-rewrite|needs-landing-page-normalization,not_started,not_started,,,,
docs/one-to-one-live/custom-signaling/mcp-integrate.mdx,,migrate_page_after_syntax_and_ia_review,blocked,medium,partial,No matching target product directory found for legacy docs/one-to-one-live; decide tab/product IA before migration.,Confirm target IA and migration strategy for docs/one-to-one-live/custom-signaling/mcp-integrate.mdx.,needs-directive-rewrite|needs-include-standardization,not_started,not_started,,,,
docs/one-to-one-live/custom-signaling/overview/product-overview.mdx,,migrate_page_after_syntax_and_ia_review,blocked,medium,partial,No matching target product directory found for legacy docs/one-to-one-live; decide tab/product IA before migration.,Confirm target IA and migration strategy for docs/one-to-one-live/custom-signaling/overview/product-overview.mdx.,needs-directive-rewrite|needs-table-normalization,not_started,not_started,,,,
docs/one-to-one-live/custom-signaling/resources.mdx,,migrate_page_after_syntax_and_ia_review,blocked,low,yes,No matching target product directory found for legacy docs/one-to-one-live; decide tab/product IA before migration.,Confirm target IA and migration strategy for docs/one-to-one-live/custom-signaling/resources.mdx.,ready-native,not_started,not_started,,,,
docs/one-to-one-live/custom-signaling/skills-integrate.mdx,,migrate_page_after_syntax_and_ia_review,blocked,medium,partial,No matching target product directory found for legacy docs/one-to-one-live; decide tab/product IA before migration.,Confirm target IA and migration strategy for docs/one-to-one-live/custom-signaling/skills-integrate.mdx.,needs-directive-rewrite|needs-include-standardization,not_started,not_started,,,,
docs/one-to-one-live/custom-signaling/solution-compare.mdx,,migrate_page_after_syntax_and_ia_review,blocked,low,yes,No matching target product directory found for legacy docs/one-to-one-live; decide tab/product IA before migration.,Confirm target IA and migration strategy for docs/one-to-one-live/custom-signaling/solution-compare.mdx.,ready-native,not_started,not_started,,,,
docs/one-to-one-live/rtm/advanced-features/app-billing-policy.mdx,,migrate_page_after_syntax_and_ia_review,blocked,medium,partial,No matching target product directory found for legacy docs/one-to-one-live; decide tab/product IA before migration.,Confirm target IA and migration strategy for docs/one-to-one-live/rtm/advanced-features/app-billing-policy.mdx.,needs-directive-rewrite,not_started,not_started,,,,
docs/one-to-one-live/rtm/advanced-features/audio-scenario.mdx,,migrate_page_after_syntax_and_ia_review,blocked,medium,partial,No matching target product directory found for legacy docs/one-to-one-live; decide tab/product IA before migration.,Confirm target IA and migration strategy for docs/one-to-one-live/rtm/advanced-features/audio-scenario.mdx.,needs-directive-rewrite|needs-include-standardization,not_started,not_started,,,,
docs/one-to-one-live/rtm/advanced-features/integration-guideline.android.mdx,,migrate_page_after_syntax_and_ia_review,blocked,medium,partial,No matching target product directory found for legacy docs/one-to-one-live; decide tab/product IA before migration.,Confirm target IA and migration strategy for docs/one-to-one-live/rtm/advanced-features/integration-guideline.android.mdx.,needs-directive-rewrite,not_started,not_started,,,,
docs/one-to-one-live/rtm/advanced-features/integration-guideline.ios.mdx,,migrate_page_after_syntax_and_ia_review,blocked,medium,partial,No matching target product directory found for legacy docs/one-to-one-live; decide tab/product IA before migration.,Confirm target IA and migration strategy for docs/one-to-one-live/rtm/advanced-features/integration-guideline.ios.mdx.,needs-directive-rewrite,not_started,not_started,,,,
docs/one-to-one-live/rtm/api/call-api.android.mdx,,migrate_page_after_syntax_and_ia_review,blocked,medium,partial,No matching target product directory found for legacy docs/one-to-one-live; decide tab/product IA before migration.,Confirm target IA and migration strategy for docs/one-to-one-live/rtm/api/call-api.android.mdx.,needs-directive-rewrite|needs-table-normalization|needs-anchor-normalization,not_started,not_started,,,,
docs/one-to-one-live/rtm/api/call-api.ios.mdx,,migrate_page_after_syntax_and_ia_review,blocked,medium,partial,No matching target product directory found for legacy docs/one-to-one-live; decide tab/product IA before migration.,Confirm target IA and migration strategy for docs/one-to-one-live/rtm/api/call-api.ios.mdx.,needs-directive-rewrite|needs-table-normalization|needs-anchor-normalization,not_started,not_started,,,,
docs/one-to-one-live/rtm/api/rtc-api.android.mdx,,migrate_page_after_syntax_and_ia_review,blocked,low,yes,No matching target product directory found for legacy docs/one-to-one-live; decide tab/product IA before migration.,Confirm target IA and migration strategy for docs/one-to-one-live/rtm/api/rtc-api.android.mdx.,ready-native,not_started,not_started,,,,
docs/one-to-one-live/rtm/api/rtc-api.ios.mdx,,migrate_page_after_syntax_and_ia_review,blocked,low,yes,No matching target product directory found for legacy docs/one-to-one-live; decide tab/product IA before migration.,Confirm target IA and migration strategy for docs/one-to-one-live/rtm/api/rtc-api.ios.mdx.,ready-native,not_started,not_started,,,,
docs/one-to-one-live/rtm/basic-features/showroom-to-one-to-one.android.mdx,,migrate_page_after_syntax_and_ia_review,blocked,high,no,No matching target product directory found for legacy docs/one-to-one-live; decide tab/product IA before migration.,Confirm target IA and migration strategy for docs/one-to-one-live/rtm/basic-features/showroom-to-one-to-one.android.mdx.,needs-directive-rewrite|needs-image-standard|needs-landing-page-normalization,not_started,not_started,,,,
docs/one-to-one-live/rtm/basic-features/showroom-to-one-to-one.ios.mdx,,migrate_page_after_syntax_and_ia_review,blocked,high,no,No matching target product directory found for legacy docs/one-to-one-live; decide tab/product IA before migration.,Confirm target IA and migration strategy for docs/one-to-one-live/rtm/basic-features/showroom-to-one-to-one.ios.mdx.,needs-directive-rewrite|needs-image-standard|needs-landing-page-normalization,not_started,not_started,,,,
docs/one-to-one-live/rtm/basic-features/start-one-to-one.android.mdx,,migrate_page_after_syntax_and_ia_review,blocked,high,no,No matching target product directory found for legacy docs/one-to-one-live; decide tab/product IA before migration.,Confirm target IA and migration strategy for docs/one-to-one-live/rtm/basic-features/start-one-to-one.android.mdx.,needs-directive-rewrite|needs-image-standard|needs-landing-page-normalization,not_started,not_started,,,,
docs/one-to-one-live/rtm/basic-features/start-one-to-one.ios.mdx,,migrate_page_after_syntax_and_ia_review,blocked,high,no,No matching target product directory found for legacy docs/one-to-one-live; decide tab/product IA before migration.,Confirm target IA and migration strategy for docs/one-to-one-live/rtm/basic-features/start-one-to-one.ios.mdx.,needs-directive-rewrite|needs-image-standard|needs-landing-page-normalization,not_started,not_started,,,,
docs/one-to-one-live/rtm/get-started/enable-service.mdx,,migrate_page_after_syntax_and_ia_review,blocked,medium,partial,No matching target product directory found for legacy docs/one-to-one-live; decide tab/product IA before migration.,Confirm target IA and migration strategy for docs/one-to-one-live/rtm/get-started/enable-service.mdx.,needs-directive-rewrite|needs-include-standardization|needs-image-standard,not_started,not_started,,,,
docs/one-to-one-live/rtm/get-started/integrate-callapi.android.mdx,,migrate_page_after_syntax_and_ia_review,blocked,medium,partial,No matching target product directory found for legacy docs/one-to-one-live; decide tab/product IA before migration.,Confirm target IA and migration strategy for docs/one-to-one-live/rtm/get-started/integrate-callapi.android.mdx.,needs-directive-rewrite,not_started,not_started,,,,
docs/one-to-one-live/rtm/get-started/integrate-callapi.ios.mdx,,migrate_page_after_syntax_and_ia_review,blocked,medium,partial,No matching target product directory found for legacy docs/one-to-one-live; decide tab/product IA before migration.,Confirm target IA and migration strategy for docs/one-to-one-live/rtm/get-started/integrate-callapi.ios.mdx.,needs-directive-rewrite,not_started,not_started,,,,
docs/one-to-one-live/rtm/get-started/run-example.android.mdx,,migrate_page_after_syntax_and_ia_review,blocked,high,no,No matching target product directory found for legacy docs/one-to-one-live; decide tab/product IA before migration.,Confirm target IA and migration strategy for docs/one-to-one-live/rtm/get-started/run-example.android.mdx.,needs-directive-rewrite|needs-image-standard|needs-landing-page-normalization,not_started,not_started,,,,
docs/one-to-one-live/rtm/get-started/run-example.ios.mdx,,migrate_page_after_syntax_and_ia_review,blocked,high,no,No matching target product directory found for legacy docs/one-to-one-live; decide tab/product IA before migration.,Confirm target IA and migration strategy for docs/one-to-one-live/rtm/get-started/run-example.ios.mdx.,needs-directive-rewrite|needs-image-standard|needs-landing-page-normalization,not_started,not_started,,,,
docs/one-to-one-live/rtm/landing-page.mdx,,migrate_page_after_syntax_and_ia_review,blocked,high,no,No matching target product directory found for legacy docs/one-to-one-live; decide tab/product IA before migration.,Confirm target IA and migration strategy for docs/one-to-one-live/rtm/landing-page.mdx.,needs-directive-rewrite|needs-platform-expansion|needs-landing-page-normalization,not_started,not_started,,,,
docs/one-to-one-live/rtm/mcp-integrate.mdx,,migrate_page_after_syntax_and_ia_review,blocked,medium,partial,No matching target product directory found for legacy docs/one-to-one-live; decide tab/product IA before migration.,Confirm target IA and migration strategy for docs/one-to-one-live/rtm/mcp-integrate.mdx.,needs-directive-rewrite|needs-include-standardization,not_started,not_started,,,,
docs/one-to-one-live/rtm/overview/product-overview.mdx,,migrate_page_after_syntax_and_ia_review,blocked,medium,partial,No matching target product directory found for legacy docs/one-to-one-live; decide tab/product IA before migration.,Confirm target IA and migration strategy for docs/one-to-one-live/rtm/overview/product-overview.mdx.,needs-directive-rewrite|needs-table-normalization,not_started,not_started,,,,
docs/one-to-one-live/rtm/resources.mdx,,migrate_page_after_syntax_and_ia_review,blocked,high,no,No matching target product directory found for legacy docs/one-to-one-live; decide tab/product IA before migration.,Confirm target IA and migration strategy for docs/one-to-one-live/rtm/resources.mdx.,needs-directive-rewrite|needs-include-standardization|needs-platform-expansion|needs-landing-page-normalization,not_started,not_started,,,,
docs/one-to-one-live/rtm/skills-integrate.mdx,,migrate_page_after_syntax_and_ia_review,blocked,medium,partial,No matching target product directory found for legacy docs/one-to-one-live; decide tab/product IA before migration.,Confirm target IA and migration strategy for docs/one-to-one-live/rtm/skills-integrate.mdx.,needs-directive-rewrite|needs-include-standardization,not_started,not_started,,,,
docs/one-to-one-live/rtm/solution-compare.mdx,,migrate_page_after_syntax_and_ia_review,blocked,low,yes,No matching target product directory found for legacy docs/one-to-one-live; decide tab/product IA before migration.,Confirm target IA and migration strategy for docs/one-to-one-live/rtm/solution-compare.mdx.,ready-native,not_started,not_started,,,,
docs/online-ktv/auikaraoke/advanced-features/lyrics-scoring.android.mdx,content/docs/zh-CN/realtime-media/online-ktv/auikaraoke/advanced-features/lyrics-scoring.android.mdx,migrate_page_after_syntax_and_ia_review,needs_review,medium,partial,,Batch with same product after syntax-map confirmation.,needs-directive-rewrite|needs-include-standardization,not_started,not_started,,,,
docs/online-ktv/auikaraoke/advanced-features/lyrics-scoring.ios.mdx,content/docs/zh-CN/realtime-media/online-ktv/auikaraoke/advanced-features/lyrics-scoring.ios.mdx,migrate_page_after_syntax_and_ia_review,needs_review,medium,partial,,Batch with same product after syntax-map confirmation.,needs-directive-rewrite|needs-include-standardization,not_started,not_started,,,,
docs/online-ktv/auikaraoke/advanced-features/lyrics-syncing.android.mdx,content/docs/zh-CN/realtime-media/online-ktv/auikaraoke/advanced-features/lyrics-syncing.android.mdx,migrate_page_after_syntax_and_ia_review,needs_review,medium,partial,,Batch with same product after syntax-map confirmation.,needs-directive-rewrite|needs-include-standardization,not_started,not_started,,,,
docs/online-ktv/auikaraoke/advanced-features/lyrics-syncing.ios.mdx,content/docs/zh-CN/realtime-media/online-ktv/auikaraoke/advanced-features/lyrics-syncing.ios.mdx,migrate_page_after_syntax_and_ia_review,needs_review,medium,partial,,Batch with same product after syntax-map confirmation.,needs-directive-rewrite|needs-include-standardization,not_started,not_started,,,,
docs/online-ktv/auikaraoke/api/auikaraoke-api.android.mdx,content/docs/zh-CN/realtime-media/online-ktv/auikaraoke/api/auikaraoke-api.android.mdx,migrate_page_after_syntax_and_ia_review,needs_review,medium,partial,,Batch with same product after syntax-map confirmation.,needs-directive-rewrite|needs-anchor-normalization,not_started,not_started,,,,
docs/online-ktv/auikaraoke/api/auikaraoke-api.ios.mdx,content/docs/zh-CN/realtime-media/online-ktv/auikaraoke/api/auikaraoke-api.ios.mdx,migrate_page_after_syntax_and_ia_review,needs_review,medium,partial,,Batch with same product after syntax-map confirmation.,needs-directive-rewrite|needs-anchor-normalization,not_started,not_started,,,,
docs/online-ktv/auikaraoke/api/lyrics-api.android.mdx,content/docs/zh-CN/realtime-media/online-ktv/auikaraoke/api/lyrics-api.android.mdx,migrate_page_after_syntax_and_ia_review,needs_review,medium,partial,,Batch with same product after syntax-map confirmation.,needs-directive-rewrite|needs-include-standardization,not_started,not_started,,,,
docs/online-ktv/auikaraoke/api/lyrics-api.ios.mdx,content/docs/zh-CN/realtime-media/online-ktv/auikaraoke/api/lyrics-api.ios.mdx,migrate_page_after_syntax_and_ia_review,needs_review,medium,partial,,Batch with same product after syntax-map confirmation.,needs-directive-rewrite|needs-include-standardization,not_started,not_started,,,,
docs/online-ktv/auikaraoke/get-started/enable-service.mdx,content/docs/zh-CN/realtime-media/online-ktv/auikaraoke/get-started/enable-service.mdx,migrate_page_after_syntax_and_ia_review,needs_review,medium,partial,,Batch with same product after syntax-map confirmation.,needs-directive-rewrite|needs-include-standardization|needs-image-standard,not_started,not_started,,,,
docs/online-ktv/auikaraoke/get-started/integrate.android.mdx,content/docs/zh-CN/realtime-media/online-ktv/auikaraoke/get-started/integrate.android.mdx,migrate_page_after_syntax_and_ia_review,needs_review,medium,partial,,Batch with same product after syntax-map confirmation.,needs-directive-rewrite|needs-image-standard,not_started,not_started,,,,
docs/online-ktv/auikaraoke/get-started/integrate.ios.mdx,content/docs/zh-CN/realtime-media/online-ktv/auikaraoke/get-started/integrate.ios.mdx,migrate_page_after_syntax_and_ia_review,needs_review,medium,partial,,Batch with same product after syntax-map confirmation.,needs-directive-rewrite|needs-image-standard|needs-anchor-normalization,not_started,not_started,,,,
docs/online-ktv/auikaraoke/get-started/kit-demo.android.mdx,content/docs/zh-CN/realtime-media/online-ktv/auikaraoke/get-started/kit-demo.android.mdx,migrate_page_after_syntax_and_ia_review,needs_review,medium,partial,,Batch with same product after syntax-map confirmation.,needs-directive-rewrite|needs-image-standard,not_started,not_started,,,,
docs/online-ktv/auikaraoke/get-started/kit-demo.ios.mdx,content/docs/zh-CN/realtime-media/online-ktv/auikaraoke/get-started/kit-demo.ios.mdx,migrate_page_after_syntax_and_ia_review,needs_review,medium,partial,,Batch with same product after syntax-map confirmation.,needs-directive-rewrite|needs-image-standard|needs-anchor-normalization,not_started,not_started,,,,
docs/online-ktv/auikaraoke/get-started/run-github-project-backend.mdx,content/docs/zh-CN/realtime-media/online-ktv/auikaraoke/get-started/run-github-project-backend.mdx,migrate_page_after_syntax_and_ia_review,needs_review,medium,partial,,Batch with same product after syntax-map confirmation.,needs-directive-rewrite|needs-table-normalization|needs-anchor-normalization,not_started,not_started,,,,
docs/online-ktv/auikaraoke/landing-page.mdx,content/docs/zh-CN/realtime-media/online-ktv/auikaraoke/landing-page.mdx,migrate_page_after_syntax_and_ia_review,needs_review,high,no,,Review legacy JSX/shared/platform/API patterns before batching.,needs-directive-rewrite|needs-platform-expansion|needs-landing-page-normalization,not_started,not_started,,,,
docs/online-ktv/auikaraoke/mcp-integrate.mdx,content/docs/zh-CN/realtime-media/online-ktv/auikaraoke/mcp-integrate.mdx,migrate_page_after_syntax_and_ia_review,needs_review,medium,partial,,Batch with same product after syntax-map confirmation.,needs-directive-rewrite|needs-include-standardization,not_started,not_started,,,,
docs/online-ktv/auikaraoke/overview/_demo.mdx,content/docs/zh-CN/realtime-media/online-ktv/auikaraoke/overview/_demo.mdx,migrate_page_after_syntax_and_ia_review,needs_review,medium,partial,,Batch with same product after syntax-map confirmation.,needs-directive-rewrite|needs-image-standard,not_started,not_started,,,,
docs/online-ktv/auikaraoke/overview/billing.mdx,content/docs/zh-CN/realtime-media/online-ktv/auikaraoke/overview/billing.mdx,migrate_page_after_syntax_and_ia_review,needs_review,medium,partial,,Batch with same product after syntax-map confirmation.,needs-directive-rewrite|needs-include-standardization,not_started,not_started,,,,
docs/online-ktv/auikaraoke/overview/introduction.mdx,content/docs/zh-CN/realtime-media/online-ktv/auikaraoke/overview/introduction.mdx,migrate_page_after_syntax_and_ia_review,needs_review,low,yes,,Batch with same product after syntax-map confirmation.,ready-native,not_started,not_started,,,,
docs/online-ktv/auikaraoke/overview/solution-compare.mdx,content/docs/zh-CN/realtime-media/online-ktv/auikaraoke/overview/solution-compare.mdx,migrate_page_after_syntax_and_ia_review,needs_review,medium,partial,,Batch with same product after syntax-map confirmation.,needs-directive-rewrite|needs-include-standardization,not_started,not_started,,,,
docs/online-ktv/auikaraoke/overview/uikitkaraoke.mdx,content/docs/zh-CN/realtime-media/online-ktv/auikaraoke/overview/uikitkaraoke.mdx,migrate_page_after_syntax_and_ia_review,needs_review,high,no,,Review legacy JSX/shared/platform/API patterns before batching.,needs-directive-rewrite|needs-platform-expansion|needs-image-standard,not_started,not_started,,,,
docs/online-ktv/auikaraoke/resources.mdx,content/docs/zh-CN/realtime-media/online-ktv/auikaraoke/resources.mdx,migrate_page_after_syntax_and_ia_review,needs_review,high,no,,Review legacy JSX/shared/platform/API patterns before batching.,needs-directive-rewrite|needs-platform-expansion|needs-landing-page-normalization,not_started,not_started,,,,
docs/online-ktv/auikaraoke/skills-integrate.mdx,content/docs/zh-CN/realtime-media/online-ktv/auikaraoke/skills-integrate.mdx,migrate_page_after_syntax_and_ia_review,needs_review,medium,partial,,Batch with same product after syntax-map confirmation.,needs-directive-rewrite|needs-include-standardization,not_started,not_started,,,,
docs/online-ktv/ktv-scenario/advanced-features/get-music.android.mdx,content/docs/zh-CN/realtime-media/online-ktv/ktv-scenario/advanced-features/get-music.android.mdx,migrate_page_after_syntax_and_ia_review,needs_review,medium,partial,,Batch with same product after syntax-map confirmation.,needs-directive-rewrite|needs-anchor-normalization,not_started,not_started,,,,
docs/online-ktv/ktv-scenario/advanced-features/get-music.ios.mdx,content/docs/zh-CN/realtime-media/online-ktv/ktv-scenario/advanced-features/get-music.ios.mdx,migrate_page_after_syntax_and_ia_review,needs_review,medium,partial,,Batch with same product after syntax-map confirmation.,needs-directive-rewrite|needs-image-standard|needs-anchor-normalization,not_started,not_started,,,,
docs/online-ktv/ktv-scenario/advanced-features/lyrics-scoring.android.mdx,content/docs/zh-CN/realtime-media/online-ktv/ktv-scenario/advanced-features/lyrics-scoring.android.mdx,migrate_page_after_syntax_and_ia_review,needs_review,medium,partial,,Batch with same product after syntax-map confirmation.,needs-directive-rewrite|needs-include-standardization,not_started,not_started,,,,
docs/online-ktv/ktv-scenario/advanced-features/lyrics-scoring.ios.mdx,content/docs/zh-CN/realtime-media/online-ktv/ktv-scenario/advanced-features/lyrics-scoring.ios.mdx,migrate_page_after_syntax_and_ia_review,needs_review,medium,partial,,Batch with same product after syntax-map confirmation.,needs-directive-rewrite|needs-include-standardization,not_started,not_started,,,,
docs/online-ktv/ktv-scenario/advanced-features/lyrics-syncing.android.mdx,content/docs/zh-CN/realtime-media/online-ktv/ktv-scenario/advanced-features/lyrics-syncing.android.mdx,migrate_page_after_syntax_and_ia_review,needs_review,medium,partial,,Batch with same product after syntax-map confirmation.,needs-directive-rewrite|needs-include-standardization,not_started,not_started,,,,
docs/online-ktv/ktv-scenario/advanced-features/lyrics-syncing.ios.mdx,content/docs/zh-CN/realtime-media/online-ktv/ktv-scenario/advanced-features/lyrics-syncing.ios.mdx,migrate_page_after_syntax_and_ia_review,needs_review,medium,partial,,Batch with same product after syntax-map confirmation.,needs-directive-rewrite|needs-include-standardization,not_started,not_started,,,,
docs/online-ktv/ktv-scenario/api/ktv-api.android.mdx,content/docs/zh-CN/realtime-media/online-ktv/ktv-scenario/api/ktv-api.android.mdx,migrate_page_after_syntax_and_ia_review,needs_review,medium,partial,,Batch with same product after syntax-map confirmation.,needs-directive-rewrite|needs-anchor-normalization,not_started,not_started,,,,
docs/online-ktv/ktv-scenario/api/ktv-api.ios.mdx,content/docs/zh-CN/realtime-media/online-ktv/ktv-scenario/api/ktv-api.ios.mdx,migrate_page_after_syntax_and_ia_review,needs_review,medium,partial,,Batch with same product after syntax-map confirmation.,needs-directive-rewrite|needs-anchor-normalization,not_started,not_started,,,,
docs/online-ktv/ktv-scenario/api/lyrics-api.android.mdx,content/docs/zh-CN/realtime-media/online-ktv/ktv-scenario/api/lyrics-api.android.mdx,migrate_page_after_syntax_and_ia_review,needs_review,medium,partial,,Batch with same product after syntax-map confirmation.,needs-directive-rewrite|needs-include-standardization,not_started,not_started,,,,
docs/online-ktv/ktv-scenario/api/lyrics-api.ios.mdx,content/docs/zh-CN/realtime-media/online-ktv/ktv-scenario/api/lyrics-api.ios.mdx,migrate_page_after_syntax_and_ia_review,needs_review,medium,partial,,Batch with same product after syntax-map confirmation.,needs-directive-rewrite|needs-include-standardization,not_started,not_started,,,,
docs/online-ktv/ktv-scenario/api/music-content-center.mdx,content/docs/zh-CN/realtime-media/online-ktv/ktv-scenario/api/music-content-center.mdx,migrate_page_after_syntax_and_ia_review,needs_review,medium,partial,,Batch with same product after syntax-map confirmation.,needs-directive-rewrite|needs-include-standardization,not_started,not_started,,,,
docs/online-ktv/ktv-scenario/api/rtc-api.android.mdx,content/docs/zh-CN/realtime-media/online-ktv/ktv-scenario/api/rtc-api.android.mdx,migrate_page_after_syntax_and_ia_review,needs_review,low,yes,,Batch with same product after syntax-map confirmation.,ready-native,not_started,not_started,,,,
docs/online-ktv/ktv-scenario/api/rtc-api.ios.mdx,content/docs/zh-CN/realtime-media/online-ktv/ktv-scenario/api/rtc-api.ios.mdx,migrate_page_after_syntax_and_ia_review,needs_review,low,yes,,Batch with same product after syntax-map confirmation.,ready-native,not_started,not_started,,,,
docs/online-ktv/ktv-scenario/get-started/enable-service.mdx,content/docs/zh-CN/realtime-media/online-ktv/ktv-scenario/get-started/enable-service.mdx,migrate_page_after_syntax_and_ia_review,needs_review,medium,partial,,Batch with same product after syntax-map confirmation.,needs-directive-rewrite|needs-include-standardization,not_started,not_started,,,,
docs/online-ktv/ktv-scenario/get-started/integrate-ktvapi.android.mdx,content/docs/zh-CN/realtime-media/online-ktv/ktv-scenario/get-started/integrate-ktvapi.android.mdx,migrate_page_after_syntax_and_ia_review,needs_review,medium,partial,,Batch with same product after syntax-map confirmation.,needs-directive-rewrite|needs-image-standard,not_started,not_started,,,,
docs/online-ktv/ktv-scenario/get-started/integrate-ktvapi.ios.mdx,content/docs/zh-CN/realtime-media/online-ktv/ktv-scenario/get-started/integrate-ktvapi.ios.mdx,migrate_page_after_syntax_and_ia_review,needs_review,medium,partial,,Batch with same product after syntax-map confirmation.,needs-directive-rewrite|needs-image-standard,not_started,not_started,,,,
docs/online-ktv/ktv-scenario/implementation/chorus.android.mdx,content/docs/zh-CN/realtime-media/online-ktv/ktv-scenario/implementation/chorus.android.mdx,migrate_page_after_syntax_and_ia_review,needs_review,medium,partial,,Batch with same product after syntax-map confirmation.,needs-directive-rewrite|needs-image-standard,not_started,not_started,,,,
docs/online-ktv/ktv-scenario/implementation/chorus.ios.mdx,content/docs/zh-CN/realtime-media/online-ktv/ktv-scenario/implementation/chorus.ios.mdx,migrate_page_after_syntax_and_ia_review,needs_review,medium,partial,,Batch with same product after syntax-map confirmation.,needs-directive-rewrite|needs-image-standard,not_started,not_started,,,,
docs/online-ktv/ktv-scenario/implementation/gaming.android.mdx,content/docs/zh-CN/realtime-media/online-ktv/ktv-scenario/implementation/gaming.android.mdx,migrate_page_after_syntax_and_ia_review,needs_review,medium,partial,,Batch with same product after syntax-map confirmation.,needs-directive-rewrite|needs-image-standard|needs-anchor-normalization,not_started,not_started,,,,
docs/online-ktv/ktv-scenario/implementation/gaming.ios.mdx,content/docs/zh-CN/realtime-media/online-ktv/ktv-scenario/implementation/gaming.ios.mdx,migrate_page_after_syntax_and_ia_review,needs_review,medium,partial,,Batch with same product after syntax-map confirmation.,needs-directive-rewrite|needs-image-standard|needs-anchor-normalization,not_started,not_started,,,,
docs/online-ktv/ktv-scenario/implementation/grand-chorus.android.mdx,content/docs/zh-CN/realtime-media/online-ktv/ktv-scenario/implementation/grand-chorus.android.mdx,migrate_page_after_syntax_and_ia_review,needs_review,medium,partial,,Batch with same product after syntax-map confirmation.,needs-directive-rewrite,not_started,not_started,,,,
docs/online-ktv/ktv-scenario/implementation/grand-chorus.ios.mdx,content/docs/zh-CN/realtime-media/online-ktv/ktv-scenario/implementation/grand-chorus.ios.mdx,migrate_page_after_syntax_and_ia_review,needs_review,medium,partial,,Batch with same product after syntax-map confirmation.,needs-directive-rewrite|needs-image-standard,not_started,not_started,,,,
docs/online-ktv/ktv-scenario/implementation/relay.android.mdx,content/docs/zh-CN/realtime-media/online-ktv/ktv-scenario/implementation/relay.android.mdx,migrate_page_after_syntax_and_ia_review,needs_review,medium,partial,,Batch with same product after syntax-map confirmation.,needs-directive-rewrite|needs-image-standard,not_started,not_started,,,,
docs/online-ktv/ktv-scenario/implementation/relay.ios.mdx,content/docs/zh-CN/realtime-media/online-ktv/ktv-scenario/implementation/relay.ios.mdx,migrate_page_after_syntax_and_ia_review,needs_review,medium,partial,,Batch with same product after syntax-map confirmation.,needs-directive-rewrite|needs-image-standard,not_started,not_started,,,,
docs/online-ktv/ktv-scenario/implementation/solo.android.mdx,content/docs/zh-CN/realtime-media/online-ktv/ktv-scenario/implementation/solo.android.mdx,migrate_page_after_syntax_and_ia_review,needs_review,medium,partial,,Batch with same product after syntax-map confirmation.,needs-directive-rewrite|needs-image-standard,not_started,not_started,,,,
docs/online-ktv/ktv-scenario/implementation/solo.ios.mdx,content/docs/zh-CN/realtime-media/online-ktv/ktv-scenario/implementation/solo.ios.mdx,migrate_page_after_syntax_and_ia_review,needs_review,medium,partial,,Batch with same product after syntax-map confirmation.,needs-directive-rewrite|needs-image-standard,not_started,not_started,,,,
docs/online-ktv/ktv-scenario/landing-page.mdx,content/docs/zh-CN/realtime-media/online-ktv/ktv-scenario/landing-page.mdx,migrate_page_after_syntax_and_ia_review,needs_review,high,no,,Review legacy JSX/shared/platform/API patterns before batching.,needs-directive-rewrite|needs-platform-expansion|needs-landing-page-normalization,not_started,not_started,,,,
docs/online-ktv/ktv-scenario/mcp-integrate.mdx,content/docs/zh-CN/realtime-media/online-ktv/ktv-scenario/mcp-integrate.mdx,migrate_page_after_syntax_and_ia_review,needs_review,medium,partial,,Batch with same product after syntax-map confirmation.,needs-directive-rewrite|needs-include-standardization,not_started,not_started,,,,
docs/online-ktv/ktv-scenario/overview/_demo.mdx,content/docs/zh-CN/realtime-media/online-ktv/ktv-scenario/overview/_demo.mdx,migrate_page_after_syntax_and_ia_review,needs_review,medium,partial,,Batch with same product after syntax-map confirmation.,needs-directive-rewrite|needs-image-standard,not_started,not_started,,,,
docs/online-ktv/ktv-scenario/overview/billing.mdx,content/docs/zh-CN/realtime-media/online-ktv/ktv-scenario/overview/billing.mdx,migrate_page_after_syntax_and_ia_review,needs_review,medium,partial,,Batch with same product after syntax-map confirmation.,needs-directive-rewrite|needs-include-standardization,not_started,not_started,,,,
docs/online-ktv/ktv-scenario/overview/introduction.mdx,content/docs/zh-CN/realtime-media/online-ktv/ktv-scenario/overview/introduction.mdx,migrate_page_after_syntax_and_ia_review,needs_review,low,yes,,Batch with same product after syntax-map confirmation.,ready-native,not_started,not_started,,,,
docs/online-ktv/ktv-scenario/overview/solution-compare.mdx,content/docs/zh-CN/realtime-media/online-ktv/ktv-scenario/overview/solution-compare.mdx,migrate_page_after_syntax_and_ia_review,needs_review,medium,partial,,Batch with same product after syntax-map confirmation.,needs-directive-rewrite|needs-include-standardization,not_started,not_started,,,,
docs/online-ktv/ktv-scenario/resources.mdx,content/docs/zh-CN/realtime-media/online-ktv/ktv-scenario/resources.mdx,migrate_page_after_syntax_and_ia_review,needs_review,high,no,,Review legacy JSX/shared/platform/API patterns before batching.,needs-directive-rewrite|needs-platform-expansion|needs-landing-page-normalization,not_started,not_started,,,,
docs/online-ktv/ktv-scenario/skills-integrate.mdx,content/docs/zh-CN/realtime-media/online-ktv/ktv-scenario/skills-integrate.mdx,migrate_page_after_syntax_and_ia_review,needs_review,medium,partial,,Batch with same product after syntax-map confirmation.,needs-directive-rewrite|needs-include-standardization,not_started,not_started,,,,
docs/online-ktv/online-ktv-sdk/advanced-features/get-music.android.mdx,content/docs/zh-CN/realtime-media/online-ktv/online-ktv-sdk/advanced-features/get-music.android.mdx,migrate_page_after_syntax_and_ia_review,needs_review,medium,partial,,Batch with same product after syntax-map confirmation.,needs-directive-rewrite|needs-anchor-normalization,not_started,not_started,,,,
docs/online-ktv/online-ktv-sdk/advanced-features/get-music.ios.mdx,content/docs/zh-CN/realtime-media/online-ktv/online-ktv-sdk/advanced-features/get-music.ios.mdx,migrate_page_after_syntax_and_ia_review,needs_review,medium,partial,,Batch with same product after syntax-map confirmation.,needs-directive-rewrite|needs-anchor-normalization,not_started,not_started,,,,
docs/online-ktv/online-ktv-sdk/advanced-features/lyrics-scoring.android.mdx,content/docs/zh-CN/realtime-media/online-ktv/online-ktv-sdk/advanced-features/lyrics-scoring.android.mdx,migrate_page_after_syntax_and_ia_review,needs_review,medium,partial,,Batch with same product after syntax-map confirmation.,needs-directive-rewrite|needs-include-standardization,not_started,not_started,,,,
docs/online-ktv/online-ktv-sdk/advanced-features/lyrics-scoring.ios.mdx,content/docs/zh-CN/realtime-media/online-ktv/online-ktv-sdk/advanced-features/lyrics-scoring.ios.mdx,migrate_page_after_syntax_and_ia_review,needs_review,medium,partial,,Batch with same product after syntax-map confirmation.,needs-directive-rewrite|needs-include-standardization,not_started,not_started,,,,
docs/online-ktv/online-ktv-sdk/advanced-features/lyrics-syncing.android.mdx,content/docs/zh-CN/realtime-media/online-ktv/online-ktv-sdk/advanced-features/lyrics-syncing.android.mdx,migrate_page_after_syntax_and_ia_review,needs_review,medium,partial,,Batch with same product after syntax-map confirmation.,needs-directive-rewrite|needs-include-standardization,not_started,not_started,,,,
docs/online-ktv/online-ktv-sdk/advanced-features/lyrics-syncing.ios.mdx,content/docs/zh-CN/realtime-media/online-ktv/online-ktv-sdk/advanced-features/lyrics-syncing.ios.mdx,migrate_page_after_syntax_and_ia_review,needs_review,medium,partial,,Batch with same product after syntax-map confirmation.,needs-directive-rewrite|needs-include-standardization,not_started,not_started,,,,
docs/online-ktv/online-ktv-sdk/api/lyrics-api.android.mdx,content/docs/zh-CN/realtime-media/online-ktv/online-ktv-sdk/api/lyrics-api.android.mdx,migrate_page_after_syntax_and_ia_review,needs_review,medium,partial,,Batch with same product after syntax-map confirmation.,needs-directive-rewrite|needs-include-standardization,not_started,not_started,,,,
docs/online-ktv/online-ktv-sdk/api/lyrics-api.ios.mdx,content/docs/zh-CN/realtime-media/online-ktv/online-ktv-sdk/api/lyrics-api.ios.mdx,migrate_page_after_syntax_and_ia_review,needs_review,medium,partial,,Batch with same product after syntax-map confirmation.,needs-directive-rewrite|needs-include-standardization,not_started,not_started,,,,
docs/online-ktv/online-ktv-sdk/api/music-content-center.mdx,content/docs/zh-CN/realtime-media/online-ktv/online-ktv-sdk/api/music-content-center.mdx,migrate_page_after_syntax_and_ia_review,needs_review,medium,partial,,Batch with same product after syntax-map confirmation.,needs-directive-rewrite|needs-include-standardization,not_started,not_started,,,,
docs/online-ktv/online-ktv-sdk/api/rtc-api.android.mdx,content/docs/zh-CN/realtime-media/online-ktv/online-ktv-sdk/api/rtc-api.android.mdx,migrate_page_after_syntax_and_ia_review,needs_review,low,yes,,Batch with same product after syntax-map confirmation.,ready-native,not_started,not_started,,,,
docs/online-ktv/online-ktv-sdk/api/rtc-api.ios.mdx,content/docs/zh-CN/realtime-media/online-ktv/online-ktv-sdk/api/rtc-api.ios.mdx,migrate_page_after_syntax_and_ia_review,needs_review,low,yes,,Batch with same product after syntax-map confirmation.,ready-native,not_started,not_started,,,,
docs/online-ktv/online-ktv-sdk/get-started/enable-service.mdx,content/docs/zh-CN/realtime-media/online-ktv/online-ktv-sdk/get-started/enable-service.mdx,migrate_page_after_syntax_and_ia_review,needs_review,medium,partial,,Batch with same product after syntax-map confirmation.,needs-directive-rewrite|needs-include-standardization,not_started,not_started,,,,
docs/online-ktv/online-ktv-sdk/get-started/karaoke.android.mdx,content/docs/zh-CN/realtime-media/online-ktv/online-ktv-sdk/get-started/karaoke.android.mdx,migrate_page_after_syntax_and_ia_review,needs_review,medium,partial,,Batch with same product after syntax-map confirmation.,needs-directive-rewrite|needs-image-standard,not_started,not_started,,,,
docs/online-ktv/online-ktv-sdk/get-started/karaoke.ios.mdx,content/docs/zh-CN/realtime-media/online-ktv/online-ktv-sdk/get-started/karaoke.ios.mdx,migrate_page_after_syntax_and_ia_review,needs_review,medium,partial,,Batch with same product after syntax-map confirmation.,needs-directive-rewrite|needs-image-standard,not_started,not_started,,,,
docs/online-ktv/online-ktv-sdk/landing-page.mdx,content/docs/zh-CN/realtime-media/online-ktv/online-ktv-sdk/landing-page.mdx,migrate_page_after_syntax_and_ia_review,needs_review,high,no,,Review legacy JSX/shared/platform/API patterns before batching.,needs-directive-rewrite|needs-landing-page-normalization,not_started,not_started,,,,
docs/online-ktv/online-ktv-sdk/mcp-integrate.mdx,content/docs/zh-CN/realtime-media/online-ktv/online-ktv-sdk/mcp-integrate.mdx,migrate_page_after_syntax_and_ia_review,needs_review,medium,partial,,Batch with same product after syntax-map confirmation.,needs-directive-rewrite|needs-include-standardization,not_started,not_started,,,,
docs/online-ktv/online-ktv-sdk/overview/_demo.mdx,content/docs/zh-CN/realtime-media/online-ktv/online-ktv-sdk/overview/_demo.mdx,migrate_page_after_syntax_and_ia_review,needs_review,medium,partial,,Batch with same product after syntax-map confirmation.,needs-directive-rewrite|needs-image-standard,not_started,not_started,,,,
docs/online-ktv/online-ktv-sdk/overview/billing.mdx,content/docs/zh-CN/realtime-media/online-ktv/online-ktv-sdk/overview/billing.mdx,migrate_page_after_syntax_and_ia_review,needs_review,medium,partial,,Batch with same product after syntax-map confirmation.,needs-directive-rewrite|needs-include-standardization,not_started,not_started,,,,
docs/online-ktv/online-ktv-sdk/overview/introduction.mdx,content/docs/zh-CN/realtime-media/online-ktv/online-ktv-sdk/overview/introduction.mdx,migrate_page_after_syntax_and_ia_review,needs_review,low,yes,,Batch with same product after syntax-map confirmation.,ready-native,not_started,not_started,,,,
docs/online-ktv/online-ktv-sdk/overview/solution-compare.mdx,content/docs/zh-CN/realtime-media/online-ktv/online-ktv-sdk/overview/solution-compare.mdx,migrate_page_after_syntax_and_ia_review,needs_review,medium,partial,,Batch with same product after syntax-map confirmation.,needs-directive-rewrite|needs-include-standardization,not_started,not_started,,,,
docs/online-ktv/online-ktv-sdk/resources.android.mdx,content/docs/zh-CN/realtime-media/online-ktv/online-ktv-sdk/resources.android.mdx,migrate_page_after_syntax_and_ia_review,needs_review,high,no,,Review legacy JSX/shared/platform/API patterns before batching.,needs-directive-rewrite|needs-landing-page-normalization,not_started,not_started,,,,
docs/online-ktv/online-ktv-sdk/resources.ios.mdx,content/docs/zh-CN/realtime-media/online-ktv/online-ktv-sdk/resources.ios.mdx,migrate_page_after_syntax_and_ia_review,needs_review,high,no,,Review legacy JSX/shared/platform/API patterns before batching.,needs-directive-rewrite|needs-landing-page-normalization,not_started,not_started,,,,
docs/online-ktv/online-ktv-sdk/skills-integrate.mdx,content/docs/zh-CN/realtime-media/online-ktv/online-ktv-sdk/skills-integrate.mdx,migrate_page_after_syntax_and_ia_review,needs_review,medium,partial,,Batch with same product after syntax-map confirmation.,needs-directive-rewrite|needs-include-standardization,not_started,not_started,,,,
docs/online-music-class/advanced-features/fish-eye.android.windows.mdx,content/docs/zh-CN/api-reference/online-music-teaching/advanced-features/fish-eye.android.windows.mdx,migrate_page_after_syntax_and_ia_review,needs_review,high,no,,Review legacy JSX/shared/platform/API patterns before batching.,needs-directive-rewrite|needs-platform-expansion|needs-image-standard,not_started,not_started,,,,
docs/online-music-class/advanced-features/fish-eye.ios.macos.mdx,content/docs/zh-CN/api-reference/online-music-teaching/advanced-features/fish-eye.ios.macos.mdx,migrate_page_after_syntax_and_ia_review,needs_review,medium,partial,,Batch with same product after syntax-map confirmation.,needs-directive-rewrite|needs-image-standard,not_started,not_started,,,,
docs/online-music-class/api/fish-eye.android.mdx,content/docs/zh-CN/api-reference/online-music-teaching/api/fish-eye.android.mdx,migrate_page_after_syntax_and_ia_review,needs_review,medium,partial,,Batch with same product after syntax-map confirmation.,needs-directive-rewrite|needs-table-normalization|needs-anchor-normalization,not_started,not_started,,,,
docs/online-music-class/api/fish-eye.ios.macos.mdx,content/docs/zh-CN/api-reference/online-music-teaching/api/fish-eye.ios.macos.mdx,migrate_page_after_syntax_and_ia_review,needs_review,high,no,,Review legacy JSX/shared/platform/API patterns before batching.,needs-directive-rewrite|needs-platform-expansion|needs-table-normalization|needs-anchor-normalization,not_started,not_started,,,,
docs/online-music-class/api/fish-eye.windows.mdx,content/docs/zh-CN/api-reference/online-music-teaching/api/fish-eye.windows.mdx,migrate_page_after_syntax_and_ia_review,needs_review,medium,partial,,Batch with same product after syntax-map confirmation.,needs-directive-rewrite|needs-table-normalization|needs-anchor-normalization,not_started,not_started,,,,
docs/online-music-class/get-started/enable-service.mdx,content/docs/zh-CN/api-reference/online-music-teaching/get-started/enable-service.mdx,migrate_page_after_syntax_and_ia_review,needs_review,medium,partial,,Batch with same product after syntax-map confirmation.,needs-directive-rewrite|needs-include-standardization,not_started,not_started,,,,
docs/online-music-class/get-started/quick-start.mdx,content/docs/zh-CN/api-reference/online-music-teaching/get-started/quick-start.mdx,migrate_page_after_syntax_and_ia_review,needs_review,high,no,,Review legacy JSX/shared/platform/API patterns before batching.,needs-directive-rewrite|needs-platform-expansion,not_started,not_started,,,,
docs/online-music-class/landing-page.mdx,content/docs/zh-CN/api-reference/online-music-teaching/landing-page.mdx,migrate_page_after_syntax_and_ia_review,needs_review,high,no,,Review legacy JSX/shared/platform/API patterns before batching.,needs-directive-rewrite|needs-platform-expansion|needs-landing-page-normalization,not_started,not_started,,,,
docs/online-music-class/mcp-integrate.mdx,content/docs/zh-CN/api-reference/online-music-teaching/mcp-integrate.mdx,migrate_page_after_syntax_and_ia_review,needs_review,medium,partial,,Batch with same product after syntax-map confirmation.,needs-directive-rewrite|needs-include-standardization,not_started,not_started,,,,
docs/online-music-class/overview/product-overview.mdx,content/docs/zh-CN/api-reference/online-music-teaching/overview/product-overview.mdx,migrate_page_after_syntax_and_ia_review,needs_review,medium,partial,,Batch with same product after syntax-map confirmation.,needs-directive-rewrite|needs-include-standardization|needs-table-normalization|needs-image-standard,not_started,not_started,,,,
docs/online-music-class/resources.mdx,content/docs/zh-CN/api-reference/online-music-teaching/resources.mdx,migrate_page_after_syntax_and_ia_review,needs_review,high,no,,Review legacy JSX/shared/platform/API patterns before batching.,needs-directive-rewrite|needs-platform-expansion,not_started,not_started,,,,
docs/online-music-class/skills-integrate.mdx,content/docs/zh-CN/api-reference/online-music-teaching/skills-integrate.mdx,migrate_page_after_syntax_and_ia_review,needs_review,medium,partial,,Batch with same product after syntax-map confirmation.,needs-directive-rewrite|needs-include-standardization,not_started,not_started,,,,
docs/recording/best-practice/restore-files.mdx,content/docs/zh-CN/realtime-media/recording/best-practice/restore-files.mdx,migrate_page_after_syntax_and_ia_review,needs_review,high,no,,Review legacy JSX/shared/platform/API patterns before batching.,needs-directive-rewrite|needs-platform-expansion,not_started,not_started,,,,
docs/recording/get-started/enable-service.mdx,content/docs/zh-CN/realtime-media/recording/get-started/enable-service.mdx,migrate_page_after_syntax_and_ia_review,needs_review,medium,partial,,Batch with same product after syntax-map confirmation.,needs-directive-rewrite|needs-include-standardization,not_started,not_started,,,,
docs/recording/get-started/start-recording.cpp.mdx,content/docs/zh-CN/realtime-media/recording/get-started/start-recording.cpp.mdx,migrate_page_after_syntax_and_ia_review,needs_review,medium,partial,,Batch with same product after syntax-map confirmation.,needs-directive-rewrite|needs-image-standard|needs-anchor-normalization,not_started,not_started,,,,
docs/recording/get-started/start-recording.java.mdx,content/docs/zh-CN/realtime-media/recording/get-started/start-recording.java.mdx,migrate_page_after_syntax_and_ia_review,needs_review,high,no,,Review legacy JSX/shared/platform/API patterns before batching.,needs-directive-rewrite|needs-image-standard|needs-anchor-normalization|needs-landing-page-normalization,not_started,not_started,,,,
docs/recording/landing-page.mdx,content/docs/zh-CN/realtime-media/recording/landing-page.mdx,migrate_page_after_syntax_and_ia_review,needs_review,high,no,,Review legacy JSX/shared/platform/API patterns before batching.,needs-directive-rewrite|needs-landing-page-normalization,not_started,not_started,,,,
docs/recording/legacy/collect-logs.mdx,content/docs/zh-CN/realtime-media/recording/legacy/collect-logs.mdx,migrate_page_after_syntax_and_ia_review,needs_review,medium,partial,,Batch with same product after syntax-map confirmation.,needs-directive-rewrite,not_started,not_started,,,,
docs/recording/legacy/composite-mode.mdx,content/docs/zh-CN/realtime-media/recording/legacy/composite-mode.mdx,migrate_page_after_syntax_and_ia_review,needs_review,medium,partial,,Batch with same product after syntax-map confirmation.,needs-directive-rewrite,not_started,not_started,,,,
docs/recording/legacy/docker.mdx,content/docs/zh-CN/realtime-media/recording/legacy/docker.mdx,migrate_page_after_syntax_and_ia_review,needs_review,medium,partial,,Batch with same product after syntax-map confirmation.,needs-directive-rewrite,not_started,not_started,,,,
docs/recording/legacy/individual-mode.mdx,content/docs/zh-CN/realtime-media/recording/legacy/individual-mode.mdx,migrate_page_after_syntax_and_ia_review,needs_review,medium,partial,,Batch with same product after syntax-map confirmation.,needs-directive-rewrite|needs-table-normalization,not_started,not_started,,,,
docs/recording/legacy/integrate-sdk.mdx,content/docs/zh-CN/realtime-media/recording/legacy/integrate-sdk.mdx,migrate_page_after_syntax_and_ia_review,needs_review,high,no,,Review legacy JSX/shared/platform/API patterns before batching.,needs-directive-rewrite|needs-platform-expansion|needs-table-normalization|needs-image-standard,not_started,not_started,,,,
docs/recording/legacy/manage-files.mdx,content/docs/zh-CN/realtime-media/recording/legacy/manage-files.mdx,migrate_page_after_syntax_and_ia_review,needs_review,medium,partial,,Batch with same product after syntax-map confirmation.,needs-directive-rewrite,not_started,not_started,,,,
docs/recording/legacy/merge-files.mdx,content/docs/zh-CN/realtime-media/recording/legacy/merge-files.mdx,migrate_page_after_syntax_and_ia_review,needs_review,medium,partial,,Batch with same product after syntax-map confirmation.,needs-directive-rewrite|needs-table-normalization|needs-image-standard|needs-anchor-normalization,not_started,not_started,,,,
docs/recording/legacy/raw-data.mdx,content/docs/zh-CN/realtime-media/recording/legacy/raw-data.mdx,migrate_page_after_syntax_and_ia_review,needs_review,medium,partial,,Batch with same product after syntax-map confirmation.,needs-directive-rewrite|needs-table-normalization,not_started,not_started,,,,
docs/recording/legacy/record-by-api.cpp.mdx,content/docs/zh-CN/realtime-media/recording/legacy/record-by-api.cpp.mdx,migrate_page_after_syntax_and_ia_review,needs_review,high,no,,Review legacy JSX/shared/platform/API patterns before batching.,needs-directive-rewrite|needs-platform-expansion,not_started,not_started,,,,
docs/recording/legacy/record-by-api.java.mdx,content/docs/zh-CN/realtime-media/recording/legacy/record-by-api.java.mdx,migrate_page_after_syntax_and_ia_review,needs_review,medium,partial,,Batch with same product after syntax-map confirmation.,needs-directive-rewrite,not_started,not_started,,,,
docs/recording/legacy/record-by-cmd.mdx,content/docs/zh-CN/realtime-media/recording/legacy/record-by-cmd.mdx,migrate_page_after_syntax_and_ia_review,needs_review,high,no,,Review legacy JSX/shared/platform/API patterns before batching.,needs-directive-rewrite|needs-platform-expansion,not_started,not_started,,,,
docs/recording/legacy/restore-files.mdx,content/docs/zh-CN/realtime-media/recording/legacy/restore-files.mdx,migrate_page_after_syntax_and_ia_review,needs_review,medium,partial,,Batch with same product after syntax-map confirmation.,needs-directive-rewrite|needs-table-normalization|needs-image-standard,not_started,not_started,,,,
docs/recording/legacy/screenshot.mdx,content/docs/zh-CN/realtime-media/recording/legacy/screenshot.mdx,migrate_page_after_syntax_and_ia_review,needs_review,medium,partial,,Batch with same product after syntax-map confirmation.,needs-directive-rewrite|needs-table-normalization,not_started,not_started,,,,
docs/recording/legacy/set-layout.mdx,content/docs/zh-CN/realtime-media/recording/legacy/set-layout.mdx,migrate_page_after_syntax_and_ia_review,needs_review,high,no,,Review legacy JSX/shared/platform/API patterns before batching.,needs-directive-rewrite|needs-platform-expansion|needs-image-standard|needs-anchor-normalization,not_started,not_started,,,,
docs/recording/legacy/set-output-video.mdx,content/docs/zh-CN/realtime-media/recording/legacy/set-output-video.mdx,migrate_page_after_syntax_and_ia_review,needs_review,medium,partial,,Batch with same product after syntax-map confirmation.,needs-directive-rewrite|needs-anchor-normalization,not_started,not_started,,,,
docs/recording/legacy/watermark.mdx,content/docs/zh-CN/realtime-media/recording/legacy/watermark.mdx,migrate_page_after_syntax_and_ia_review,needs_review,high,no,,Review legacy JSX/shared/platform/API patterns before batching.,needs-directive-rewrite|needs-platform-expansion|needs-image-standard|needs-anchor-normalization,not_started,not_started,,,,
docs/recording/mcp-integrate.mdx,content/docs/zh-CN/realtime-media/recording/mcp-integrate.mdx,migrate_page_after_syntax_and_ia_review,needs_review,medium,partial,,Batch with same product after syntax-map confirmation.,needs-directive-rewrite|needs-include-standardization,not_started,not_started,,,,
docs/recording/overview/_en/release-notes.mdx,content/docs/zh-CN/realtime-media/recording/overview/_en/release-notes.mdx,migrate_page_after_syntax_and_ia_review,needs_review,medium,partial,,Batch with same product after syntax-map confirmation.,needs-directive-rewrite,not_started,not_started,,,,
docs/recording/overview/billing.mdx,content/docs/zh-CN/realtime-media/recording/overview/billing.mdx,migrate_page_after_syntax_and_ia_review,needs_review,medium,partial,,Batch with same product after syntax-map confirmation.,needs-directive-rewrite|needs-anchor-normalization,not_started,not_started,,,,
docs/recording/overview/migration-guide.mdx,content/docs/zh-CN/realtime-media/recording/overview/migration-guide.mdx,migrate_page_after_syntax_and_ia_review,needs_review,high,no,,Review legacy JSX/shared/platform/API patterns before batching.,needs-directive-rewrite|needs-platform-expansion|needs-table-normalization,not_started,not_started,,,,
docs/recording/overview/payment.mdx,content/docs/zh-CN/realtime-media/recording/overview/payment.mdx,migrate_page_after_syntax_and_ia_review,needs_review,medium,partial,,Batch with same product after syntax-map confirmation.,needs-directive-rewrite|needs-include-standardization|needs-image-standard,not_started,not_started,,,,
docs/recording/overview/product-overview.mdx,content/docs/zh-CN/realtime-media/recording/overview/product-overview.mdx,migrate_page_after_syntax_and_ia_review,needs_review,medium,partial,,Batch with same product after syntax-map confirmation.,needs-directive-rewrite|needs-table-normalization,not_started,not_started,,,,
docs/recording/overview/release-notes.cpp.mdx,content/docs/zh-CN/realtime-media/recording/overview/release-notes.cpp.mdx,migrate_page_after_syntax_and_ia_review,needs_review,medium,partial,,Batch with same product after syntax-map confirmation.,needs-directive-rewrite,not_started,not_started,,,,
docs/recording/overview/release-notes.java.mdx,content/docs/zh-CN/realtime-media/recording/overview/release-notes.java.mdx,migrate_page_after_syntax_and_ia_review,needs_review,medium,partial,,Batch with same product after syntax-map confirmation.,needs-directive-rewrite,not_started,not_started,,,,
docs/recording/overview/sunset.mdx,content/docs/zh-CN/realtime-media/recording/overview/sunset.mdx,migrate_page_after_syntax_and_ia_review,needs_review,low,yes,,Batch with same product after syntax-map confirmation.,ready-native,not_started,not_started,,,,
docs/recording/resources.mdx,content/docs/zh-CN/realtime-media/recording/resources.mdx,migrate_page_after_syntax_and_ia_review,needs_review,high,no,,Review legacy JSX/shared/platform/API patterns before batching.,needs-directive-rewrite|needs-platform-expansion|needs-landing-page-normalization,not_started,not_started,,,,
docs/recording/skills-integrate.mdx,content/docs/zh-CN/realtime-media/recording/skills-integrate.mdx,migrate_page_after_syntax_and_ia_review,needs_review,medium,partial,,Batch with same product after syntax-map confirmation.,needs-directive-rewrite|needs-include-standardization,not_started,not_started,,,,
docs/recording/user-guides/_multi-process.mdx,content/docs/zh-CN/realtime-media/recording/user-guides/_multi-process.mdx,migrate_page_after_syntax_and_ia_review,needs_review,low,yes,,Batch with same product after syntax-map confirmation.,ready-native,not_started,not_started,,,,
docs/recording/user-guides/cloud-proxy.mdx,content/docs/zh-CN/realtime-media/recording/user-guides/cloud-proxy.mdx,migrate_page_after_syntax_and_ia_review,needs_review,high,no,,Review legacy JSX/shared/platform/API patterns before batching.,needs-directive-rewrite|needs-platform-expansion|needs-image-standard,not_started,not_started,,,,
docs/recording/user-guides/generate-token.mdx,content/docs/zh-CN/realtime-media/recording/user-guides/generate-token.mdx,migrate_page_after_syntax_and_ia_review,needs_review,high,no,,Review legacy JSX/shared/platform/API patterns before batching.,needs-directive-rewrite|needs-include-standardization|needs-platform-expansion|needs-image-standard,not_started,not_started,,,,
docs/recording/user-guides/recording-mode.cpp.mdx,content/docs/zh-CN/realtime-media/recording/user-guides/recording-mode.cpp.mdx,migrate_page_after_syntax_and_ia_review,needs_review,medium,partial,,Batch with same product after syntax-map confirmation.,needs-directive-rewrite|needs-image-standard,not_started,not_started,,,,
docs/recording/user-guides/recording-mode.java.mdx,content/docs/zh-CN/realtime-media/recording/user-guides/recording-mode.java.mdx,migrate_page_after_syntax_and_ia_review,needs_review,medium,partial,,Batch with same product after syntax-map confirmation.,needs-directive-rewrite|needs-image-standard,not_started,not_started,,,,
docs/recording/user-guides/screen-capture.cpp.mdx,content/docs/zh-CN/realtime-media/recording/user-guides/screen-capture.cpp.mdx,migrate_page_after_syntax_and_ia_review,needs_review,medium,partial,,Batch with same product after syntax-map confirmation.,needs-directive-rewrite,not_started,not_started,,,,
docs/recording/user-guides/screen-capture.java.mdx,content/docs/zh-CN/realtime-media/recording/user-guides/screen-capture.java.mdx,migrate_page_after_syntax_and_ia_review,needs_review,medium,partial,,Batch with same product after syntax-map confirmation.,needs-directive-rewrite,not_started,not_started,,,,
docs/recording/user-guides/set-layout.mdx,content/docs/zh-CN/realtime-media/recording/user-guides/set-layout.mdx,migrate_page_after_syntax_and_ia_review,needs_review,high,no,,Review legacy JSX/shared/platform/API patterns before batching.,needs-directive-rewrite|needs-platform-expansion|needs-image-standard,not_started,not_started,,,,
docs/recording/user-guides/watermark.cpp.mdx,content/docs/zh-CN/realtime-media/recording/user-guides/watermark.cpp.mdx,migrate_page_after_syntax_and_ia_review,needs_review,medium,partial,,Batch with same product after syntax-map confirmation.,needs-directive-rewrite,not_started,not_started,,,,
docs/recording/user-guides/watermark.java.mdx,content/docs/zh-CN/realtime-media/recording/user-guides/watermark.java.mdx,migrate_page_after_syntax_and_ia_review,needs_review,medium,partial,,Batch with same product after syntax-map confirmation.,needs-directive-rewrite,not_started,not_started,,,,
docs/rtc-server-sdk/advanced-features/_ai-agent.mdx,content/docs/zh-CN/realtime-media/rtc-server-sdk/advanced-features/_ai-agent.mdx,migrate_page_after_syntax_and_ia_review,needs_review,high,no,,Review legacy JSX/shared/platform/API patterns before batching.,needs-directive-rewrite|needs-landing-page-normalization,not_started,not_started,,,,
docs/rtc-server-sdk/advanced-features/cloud-proxy.java.cpp.mdx,content/docs/zh-CN/realtime-media/rtc-server-sdk/advanced-features/cloud-proxy.java.cpp.mdx,migrate_page_after_syntax_and_ia_review,needs_review,high,no,,Review legacy JSX/shared/platform/API patterns before batching.,needs-directive-rewrite|needs-platform-expansion|needs-image-standard|needs-anchor-normalization,not_started,not_started,,,,
docs/rtc-server-sdk/advanced-features/encryption.mdx,content/docs/zh-CN/realtime-media/rtc-server-sdk/advanced-features/encryption.mdx,migrate_page_after_syntax_and_ia_review,needs_review,high,no,,Review legacy JSX/shared/platform/API patterns before batching.,needs-directive-rewrite|needs-platform-expansion,not_started,not_started,,,,
docs/rtc-server-sdk/advanced-features/mix-video.cpp.mdx,content/docs/zh-CN/realtime-media/rtc-server-sdk/advanced-features/mix-video.cpp.mdx,migrate_page_after_syntax_and_ia_review,needs_review,low,yes,,Batch with same product after syntax-map confirmation.,ready-native,not_started,not_started,,,,
docs/rtc-server-sdk/advanced-features/set-region.mdx,content/docs/zh-CN/realtime-media/rtc-server-sdk/advanced-features/set-region.mdx,migrate_page_after_syntax_and_ia_review,needs_review,high,no,,Review legacy JSX/shared/platform/API patterns before batching.,needs-directive-rewrite|needs-platform-expansion,not_started,not_started,,,,
docs/rtc-server-sdk/advanced-features/string-uid.mdx,content/docs/zh-CN/realtime-media/rtc-server-sdk/advanced-features/string-uid.mdx,migrate_page_after_syntax_and_ia_review,needs_review,high,no,,Review legacy JSX/shared/platform/API patterns before batching.,needs-directive-rewrite|needs-platform-expansion,not_started,not_started,,,,
docs/rtc-server-sdk/error-code.mdx,content/docs/zh-CN/realtime-media/rtc-server-sdk/error-code.mdx,migrate_page_after_syntax_and_ia_review,needs_review,medium,partial,,Batch with same product after syntax-map confirmation.,needs-directive-rewrite|needs-include-standardization,not_started,not_started,,,,
docs/rtc-server-sdk/get-started/enable-service.mdx,content/docs/zh-CN/realtime-media/rtc-server-sdk/get-started/enable-service.mdx,migrate_page_after_syntax_and_ia_review,needs_review,medium,partial,,Batch with same product after syntax-map confirmation.,needs-directive-rewrite|needs-include-standardization|needs-anchor-normalization,not_started,not_started,,,,
docs/rtc-server-sdk/get-started/run-example.cpp.java.mdx,content/docs/zh-CN/realtime-media/rtc-server-sdk/get-started/run-example.cpp.java.mdx,migrate_page_after_syntax_and_ia_review,needs_review,high,no,,Review legacy JSX/shared/platform/API patterns before batching.,needs-directive-rewrite|needs-platform-expansion|needs-image-standard,not_started,not_started,,,,
docs/rtc-server-sdk/get-started/run-example.python.mdx,content/docs/zh-CN/realtime-media/rtc-server-sdk/get-started/run-example.python.mdx,migrate_page_after_syntax_and_ia_review,needs_review,medium,partial,,Batch with same product after syntax-map confirmation.,needs-directive-rewrite,not_started,not_started,,,,
docs/rtc-server-sdk/get-started/send-receive.cpp.mdx,content/docs/zh-CN/realtime-media/rtc-server-sdk/get-started/send-receive.cpp.mdx,migrate_page_after_syntax_and_ia_review,needs_review,medium,partial,,Batch with same product after syntax-map confirmation.,needs-directive-rewrite|needs-image-standard,not_started,not_started,,,,
docs/rtc-server-sdk/get-started/send-receive.go.mdx,content/docs/zh-CN/realtime-media/rtc-server-sdk/get-started/send-receive.go.mdx,migrate_page_after_syntax_and_ia_review,needs_review,high,no,,Review legacy JSX/shared/platform/API patterns before batching.,needs-directive-rewrite|needs-image-standard|needs-landing-page-normalization,not_started,not_started,,,,
docs/rtc-server-sdk/get-started/send-receive.java.mdx,content/docs/zh-CN/realtime-media/rtc-server-sdk/get-started/send-receive.java.mdx,migrate_page_after_syntax_and_ia_review,needs_review,high,no,,Review legacy JSX/shared/platform/API patterns before batching.,needs-directive-rewrite|needs-landing-page-normalization,not_started,not_started,,,,
docs/rtc-server-sdk/get-started/send-receive.python.mdx,content/docs/zh-CN/realtime-media/rtc-server-sdk/get-started/send-receive.python.mdx,migrate_page_after_syntax_and_ia_review,needs_review,high,no,,Review legacy JSX/shared/platform/API patterns before batching.,needs-directive-rewrite|needs-image-standard|needs-landing-page-normalization,not_started,not_started,,,,
docs/rtc-server-sdk/landing-page.mdx,content/docs/zh-CN/realtime-media/rtc-server-sdk/landing-page.mdx,migrate_page_after_syntax_and_ia_review,needs_review,high,no,,Review legacy JSX/shared/platform/API patterns before batching.,needs-directive-rewrite|needs-platform-expansion|needs-landing-page-normalization,not_started,not_started,,,,
docs/rtc-server-sdk/landing-page.python.go.mdx,content/docs/zh-CN/realtime-media/rtc-server-sdk/landing-page.python.go.mdx,migrate_page_after_syntax_and_ia_review,needs_review,high,no,,Review legacy JSX/shared/platform/API patterns before batching.,needs-directive-rewrite|needs-platform-expansion|needs-landing-page-normalization,not_started,not_started,,,,
docs/rtc-server-sdk/mcp-integrate.mdx,content/docs/zh-CN/realtime-media/rtc-server-sdk/mcp-integrate.mdx,migrate_page_after_syntax_and_ia_review,needs_review,medium,partial,,Batch with same product after syntax-map confirmation.,needs-directive-rewrite|needs-include-standardization,not_started,not_started,,,,
docs/rtc-server-sdk/overview/_release-notes-en.cpp.mdx,content/docs/zh-CN/realtime-media/rtc-server-sdk/overview/_release-notes-en.cpp.mdx,migrate_page_after_syntax_and_ia_review,needs_review,medium,partial,,Batch with same product after syntax-map confirmation.,needs-directive-rewrite,not_started,not_started,,,,
docs/rtc-server-sdk/overview/_release-notes-en.go.mdx,content/docs/zh-CN/realtime-media/rtc-server-sdk/overview/_release-notes-en.go.mdx,migrate_page_after_syntax_and_ia_review,needs_review,medium,partial,,Batch with same product after syntax-map confirmation.,needs-directive-rewrite,not_started,not_started,,,,
docs/rtc-server-sdk/overview/_release-notes-en.java.mdx,content/docs/zh-CN/realtime-media/rtc-server-sdk/overview/_release-notes-en.java.mdx,migrate_page_after_syntax_and_ia_review,needs_review,medium,partial,,Batch with same product after syntax-map confirmation.,needs-directive-rewrite,not_started,not_started,,,,
docs/rtc-server-sdk/overview/_release-notes-en.python.mdx,content/docs/zh-CN/realtime-media/rtc-server-sdk/overview/_release-notes-en.python.mdx,migrate_page_after_syntax_and_ia_review,needs_review,medium,partial,,Batch with same product after syntax-map confirmation.,needs-directive-rewrite,not_started,not_started,,,,
docs/rtc-server-sdk/overview/product-overview.mdx,content/docs/zh-CN/realtime-media/rtc-server-sdk/overview/product-overview.mdx,migrate_page_after_syntax_and_ia_review,needs_review,medium,partial,,Batch with same product after syntax-map confirmation.,needs-directive-rewrite|needs-table-normalization|needs-image-standard,not_started,not_started,,,,
docs/rtc-server-sdk/overview/release-notes.cpp.mdx,content/docs/zh-CN/realtime-media/rtc-server-sdk/overview/release-notes.cpp.mdx,migrate_page_after_syntax_and_ia_review,needs_review,medium,partial,,Batch with same product after syntax-map confirmation.,needs-directive-rewrite,not_started,not_started,,,,
docs/rtc-server-sdk/overview/release-notes.go.mdx,content/docs/zh-CN/realtime-media/rtc-server-sdk/overview/release-notes.go.mdx,migrate_page_after_syntax_and_ia_review,needs_review,medium,partial,,Batch with same product after syntax-map confirmation.,needs-directive-rewrite,not_started,not_started,,,,
docs/rtc-server-sdk/overview/release-notes.java.mdx,content/docs/zh-CN/realtime-media/rtc-server-sdk/overview/release-notes.java.mdx,migrate_page_after_syntax_and_ia_review,needs_review,medium,partial,,Batch with same product after syntax-map confirmation.,needs-directive-rewrite,not_started,not_started,,,,
docs/rtc-server-sdk/overview/release-notes.python.mdx,content/docs/zh-CN/realtime-media/rtc-server-sdk/overview/release-notes.python.mdx,migrate_page_after_syntax_and_ia_review,needs_review,medium,partial,,Batch with same product after syntax-map confirmation.,needs-directive-rewrite,not_started,not_started,,,,
docs/rtc-server-sdk/resources.mdx,content/docs/zh-CN/realtime-media/rtc-server-sdk/resources.mdx,migrate_page_after_syntax_and_ia_review,needs_review,high,no,,Review legacy JSX/shared/platform/API patterns before batching.,needs-directive-rewrite|needs-platform-expansion|needs-landing-page-normalization,not_started,not_started,,,,
docs/rtc-server-sdk/skills-integrate.mdx,content/docs/zh-CN/realtime-media/rtc-server-sdk/skills-integrate.mdx,migrate_page_after_syntax_and_ia_review,needs_review,medium,partial,,Batch with same product after syntax-map confirmation.,needs-directive-rewrite|needs-include-standardization,not_started,not_started,,,,
docs/rtc/_homepage_.mdx,content/docs/zh-CN/realtime-media/rtc/_homepage_.mdx,migrate_page_after_syntax_and_ia_review,needs_review,high,no,,Review legacy JSX/shared/platform/API patterns before batching.,needs-directive-rewrite|needs-platform-expansion|needs-landing-page-normalization,not_started,not_started,,,,
docs/rtc/advanced-features/advanced-beauty-460.windows.android.ios.macos.mdx,content/docs/zh-CN/realtime-media/rtc/advanced-features/advanced-beauty-460.windows.android.ios.macos.mdx,migrate_page_after_syntax_and_ia_review,needs_review,high,no,,Review legacy JSX/shared/platform/API patterns before batching.,needs-directive-rewrite|needs-include-standardization|needs-platform-expansion|needs-landing-page-normalization,not_started,not_started,,,,
docs/rtc/advanced-features/advanced-beauty-legacy.android.mdx,content/docs/zh-CN/realtime-media/rtc/advanced-features/advanced-beauty-legacy.android.mdx,migrate_page_after_syntax_and_ia_review,needs_review,high,no,,Review legacy JSX/shared/platform/API patterns before batching.,needs-directive-rewrite|needs-include-standardization|needs-platform-expansion|needs-landing-page-normalization,not_started,not_started,,,,
docs/rtc/advanced-features/advanced-beauty-legacy.ios.macos.mdx,content/docs/zh-CN/realtime-media/rtc/advanced-features/advanced-beauty-legacy.ios.macos.mdx,migrate_page_after_syntax_and_ia_review,needs_review,high,no,,Review legacy JSX/shared/platform/API patterns before batching.,needs-directive-rewrite|needs-include-standardization|needs-platform-expansion|needs-landing-page-normalization,not_started,not_started,,,,
docs/rtc/advanced-features/advanced-beauty-legacy.windows.mdx,content/docs/zh-CN/realtime-media/rtc/advanced-features/advanced-beauty-legacy.windows.mdx,migrate_page_after_syntax_and_ia_review,needs_review,high,no,,Review legacy JSX/shared/platform/API patterns before batching.,needs-directive-rewrite|needs-include-standardization|needs-platform-expansion|needs-landing-page-normalization,not_started,not_started,,,,
docs/rtc/advanced-features/advanced-beauty.windows.android.ios.macos.mdx,content/docs/zh-CN/realtime-media/rtc/advanced-features/advanced-beauty.windows.android.ios.macos.mdx,migrate_page_after_syntax_and_ia_review,needs_review,high,no,,Review legacy JSX/shared/platform/API patterns before batching.,needs-directive-rewrite|needs-platform-expansion|needs-table-normalization,not_started,not_started,,,,
docs/rtc/advanced-features/audio-effect-mixing.android.mdx,content/docs/zh-CN/realtime-media/rtc/advanced-features/audio-effect-mixing.android.mdx,migrate_page_after_syntax_and_ia_review,needs_review,high,no,,Review legacy JSX/shared/platform/API patterns before batching.,needs-directive-rewrite|needs-landing-page-normalization,not_started,not_started,,,,
docs/rtc/advanced-features/audio-effect-mixing.electron.mdx,content/docs/zh-CN/realtime-media/rtc/advanced-features/audio-effect-mixing.electron.mdx,migrate_page_after_syntax_and_ia_review,needs_review,high,no,,Review legacy JSX/shared/platform/API patterns before batching.,needs-directive-rewrite|needs-landing-page-normalization,not_started,not_started,,,,
docs/rtc/advanced-features/audio-effect-mixing.ios.macos.mdx,content/docs/zh-CN/realtime-media/rtc/advanced-features/audio-effect-mixing.ios.macos.mdx,migrate_page_after_syntax_and_ia_review,needs_review,high,no,,Review legacy JSX/shared/platform/API patterns before batching.,needs-directive-rewrite|needs-platform-expansion|needs-landing-page-normalization,not_started,not_started,,,,
docs/rtc/advanced-features/audio-effect-mixing.javascript.mdx,content/docs/zh-CN/realtime-media/rtc/advanced-features/audio-effect-mixing.javascript.mdx,migrate_page_after_syntax_and_ia_review,needs_review,medium,partial,,Batch with same product after syntax-map confirmation.,needs-image-standard,not_started,not_started,,,,
docs/rtc/advanced-features/audio-effect-mixing.rn.mdx,content/docs/zh-CN/realtime-media/rtc/advanced-features/audio-effect-mixing.rn.mdx,migrate_page_after_syntax_and_ia_review,needs_review,high,no,,Review legacy JSX/shared/platform/API patterns before batching.,needs-directive-rewrite|needs-landing-page-normalization,not_started,not_started,,,,
docs/rtc/advanced-features/audio-effect-mixing.unity.mdx,content/docs/zh-CN/realtime-media/rtc/advanced-features/audio-effect-mixing.unity.mdx,migrate_page_after_syntax_and_ia_review,needs_review,high,no,,Review legacy JSX/shared/platform/API patterns before batching.,needs-directive-rewrite|needs-landing-page-normalization,not_started,not_started,,,,
docs/rtc/advanced-features/audio-effect-mixing.windows.mdx,content/docs/zh-CN/realtime-media/rtc/advanced-features/audio-effect-mixing.windows.mdx,migrate_page_after_syntax_and_ia_review,needs_review,high,no,,Review legacy JSX/shared/platform/API patterns before batching.,needs-directive-rewrite|needs-landing-page-normalization,not_started,not_started,,,,
docs/rtc/advanced-features/audio-route.harmonyos.mdx,content/docs/zh-CN/realtime-media/rtc/advanced-features/audio-route.harmonyos.mdx,migrate_page_after_syntax_and_ia_review,needs_review,medium,partial,,Batch with same product after syntax-map confirmation.,needs-anchor-normalization,not_started,not_started,,,,
docs/rtc/advanced-features/audio-route.ios.android.rn.mdx,content/docs/zh-CN/realtime-media/rtc/advanced-features/audio-route.ios.android.rn.mdx,migrate_page_after_syntax_and_ia_review,needs_review,high,no,,Review legacy JSX/shared/platform/API patterns before batching.,needs-directive-rewrite|needs-platform-expansion|needs-anchor-normalization|needs-landing-page-normalization,not_started,not_started,,,,
docs/rtc/advanced-features/audio-route.unity.mdx,content/docs/zh-CN/realtime-media/rtc/advanced-features/audio-route.unity.mdx,migrate_page_after_syntax_and_ia_review,needs_review,high,no,,Review legacy JSX/shared/platform/API patterns before batching.,needs-directive-rewrite|needs-anchor-normalization|needs-landing-page-normalization,not_started,not_started,,,,
docs/rtc/advanced-features/audio-stream-filter.android.windows.electron.rn.flutter.mdx,content/docs/zh-CN/realtime-media/rtc/advanced-features/audio-stream-filter.android.windows.electron.rn.flutter.mdx,migrate_page_after_syntax_and_ia_review,needs_review,high,no,,Review legacy JSX/shared/platform/API patterns before batching.,needs-directive-rewrite|needs-platform-expansion|needs-image-standard,not_started,not_started,,,,
docs/rtc/advanced-features/audio-stream-filter.ios.macos.mdx,content/docs/zh-CN/realtime-media/rtc/advanced-features/audio-stream-filter.ios.macos.mdx,migrate_page_after_syntax_and_ia_review,needs_review,medium,partial,,Batch with same product after syntax-map confirmation.,needs-directive-rewrite|needs-image-standard,not_started,not_started,,,,
docs/rtc/advanced-features/audio-stream-filter.javascript.mdx,content/docs/zh-CN/realtime-media/rtc/advanced-features/audio-stream-filter.javascript.mdx,migrate_page_after_syntax_and_ia_review,needs_review,medium,partial,,Batch with same product after syntax-map confirmation.,needs-directive-rewrite,not_started,not_started,,,,
docs/rtc/advanced-features/audio-stream-filter.unity.mdx,content/docs/zh-CN/realtime-media/rtc/advanced-features/audio-stream-filter.unity.mdx,migrate_page_after_syntax_and_ia_review,needs_review,medium,partial,,Batch with same product after syntax-map confirmation.,needs-directive-rewrite|needs-image-standard,not_started,not_started,,,,
docs/rtc/advanced-features/channel-encryption.android.mdx,content/docs/zh-CN/realtime-media/rtc/advanced-features/channel-encryption.android.mdx,migrate_page_after_syntax_and_ia_review,needs_review,high,no,,Review legacy JSX/shared/platform/API patterns before batching.,needs-directive-rewrite|needs-image-standard|needs-landing-page-normalization,not_started,not_started,,,,
docs/rtc/advanced-features/channel-encryption.electron.rn.mdx,content/docs/zh-CN/realtime-media/rtc/advanced-features/channel-encryption.electron.rn.mdx,migrate_page_after_syntax_and_ia_review,needs_review,high,no,,Review legacy JSX/shared/platform/API patterns before batching.,needs-directive-rewrite|needs-platform-expansion|needs-image-standard|needs-landing-page-normalization,not_started,not_started,,,,
docs/rtc/advanced-features/channel-encryption.ios.macos.mdx,content/docs/zh-CN/realtime-media/rtc/advanced-features/channel-encryption.ios.macos.mdx,migrate_page_after_syntax_and_ia_review,needs_review,high,no,,Review legacy JSX/shared/platform/API patterns before batching.,needs-directive-rewrite|needs-platform-expansion|needs-image-standard|needs-anchor-normalization|needs-landing-page-normalization,not_started,not_started,,,,
docs/rtc/advanced-features/channel-encryption.javascript.mdx,content/docs/zh-CN/realtime-media/rtc/advanced-features/channel-encryption.javascript.mdx,migrate_page_after_syntax_and_ia_review,needs_review,medium,partial,,Batch with same product after syntax-map confirmation.,needs-directive-rewrite,not_started,not_started,,,,
docs/rtc/advanced-features/channel-encryption.unity.mdx,content/docs/zh-CN/realtime-media/rtc/advanced-features/channel-encryption.unity.mdx,migrate_page_after_syntax_and_ia_review,needs_review,high,no,,Review legacy JSX/shared/platform/API patterns before batching.,needs-directive-rewrite|needs-image-standard|needs-landing-page-normalization,not_started,not_started,,,,
docs/rtc/advanced-features/channel-encryption.windows.mdx,content/docs/zh-CN/realtime-media/rtc/advanced-features/channel-encryption.windows.mdx,migrate_page_after_syntax_and_ia_review,needs_review,high,no,,Review legacy JSX/shared/platform/API patterns before batching.,needs-directive-rewrite|needs-image-standard|needs-landing-page-normalization,not_started,not_started,,,,
docs/rtc/advanced-features/content-inspect.ios.android.windows.macos.rn.electron.mdx,content/docs/zh-CN/realtime-media/rtc/advanced-features/content-inspect.ios.android.windows.macos.rn.electron.mdx,migrate_page_after_syntax_and_ia_review,needs_review,high,no,,Review legacy JSX/shared/platform/API patterns before batching.,needs-directive-rewrite|needs-platform-expansion|needs-image-standard|needs-landing-page-normalization,not_started,not_started,,,,
docs/rtc/advanced-features/content-inspect.javascript.mdx,content/docs/zh-CN/realtime-media/rtc/advanced-features/content-inspect.javascript.mdx,migrate_page_after_syntax_and_ia_review,needs_review,medium,partial,,Batch with same product after syntax-map confirmation.,needs-directive-rewrite|needs-image-standard,not_started,not_started,,,,
docs/rtc/advanced-features/content-inspect.unity.mdx,content/docs/zh-CN/realtime-media/rtc/advanced-features/content-inspect.unity.mdx,migrate_page_after_syntax_and_ia_review,needs_review,medium,partial,,Batch with same product after syntax-map confirmation.,needs-directive-rewrite|needs-image-standard,not_started,not_started,,,,
docs/rtc/advanced-features/custom-audio-source.android.mdx,content/docs/zh-CN/realtime-media/rtc/advanced-features/custom-audio-source.android.mdx,migrate_page_after_syntax_and_ia_review,needs_review,high,no,,Review legacy JSX/shared/platform/API patterns before batching.,needs-directive-rewrite|needs-image-standard|needs-landing-page-normalization,not_started,not_started,,,,
docs/rtc/advanced-features/custom-audio-source.ios.macos.mdx,content/docs/zh-CN/realtime-media/rtc/advanced-features/custom-audio-source.ios.macos.mdx,migrate_page_after_syntax_and_ia_review,needs_review,high,no,,Review legacy JSX/shared/platform/API patterns before batching.,needs-directive-rewrite|needs-platform-expansion|needs-image-standard|needs-landing-page-normalization,not_started,not_started,,,,
docs/rtc/advanced-features/custom-audio-source.javascript.mdx,content/docs/zh-CN/realtime-media/rtc/advanced-features/custom-audio-source.javascript.mdx,migrate_page_after_syntax_and_ia_review,needs_review,low,yes,,Batch with same product after syntax-map confirmation.,ready-native,not_started,not_started,,,,
docs/rtc/advanced-features/custom-audio-source.unity.mdx,content/docs/zh-CN/realtime-media/rtc/advanced-features/custom-audio-source.unity.mdx,migrate_page_after_syntax_and_ia_review,needs_review,high,no,,Review legacy JSX/shared/platform/API patterns before batching.,needs-directive-rewrite|needs-image-standard|needs-landing-page-normalization,not_started,not_started,,,,
docs/rtc/advanced-features/custom-audio-source.windows.mdx,content/docs/zh-CN/realtime-media/rtc/advanced-features/custom-audio-source.windows.mdx,migrate_page_after_syntax_and_ia_review,needs_review,high,no,,Review legacy JSX/shared/platform/API patterns before batching.,needs-directive-rewrite|needs-image-standard|needs-landing-page-normalization,not_started,not_started,,,,
docs/rtc/advanced-features/custom-video-rendering.android.mdx,content/docs/zh-CN/realtime-media/rtc/advanced-features/custom-video-rendering.android.mdx,migrate_page_after_syntax_and_ia_review,needs_review,high,no,,Review legacy JSX/shared/platform/API patterns before batching.,needs-directive-rewrite|needs-landing-page-normalization,not_started,not_started,,,,
docs/rtc/advanced-features/custom-video-rendering.ios.macos.mdx,content/docs/zh-CN/realtime-media/rtc/advanced-features/custom-video-rendering.ios.macos.mdx,migrate_page_after_syntax_and_ia_review,needs_review,high,no,,Review legacy JSX/shared/platform/API patterns before batching.,needs-directive-rewrite|needs-platform-expansion|needs-landing-page-normalization,not_started,not_started,,,,
docs/rtc/advanced-features/custom-video-rendering.windows.mdx,content/docs/zh-CN/realtime-media/rtc/advanced-features/custom-video-rendering.windows.mdx,migrate_page_after_syntax_and_ia_review,needs_review,high,no,,Review legacy JSX/shared/platform/API patterns before batching.,needs-directive-rewrite|needs-landing-page-normalization,not_started,not_started,,,,
docs/rtc/advanced-features/custom-video-source.android.mdx,content/docs/zh-CN/realtime-media/rtc/advanced-features/custom-video-source.android.mdx,migrate_page_after_syntax_and_ia_review,needs_review,high,no,,Review legacy JSX/shared/platform/API patterns before batching.,needs-directive-rewrite|needs-image-standard|needs-landing-page-normalization,not_started,not_started,,,,
docs/rtc/advanced-features/custom-video-source.ios.mdx,content/docs/zh-CN/realtime-media/rtc/advanced-features/custom-video-source.ios.mdx,migrate_page_after_syntax_and_ia_review,needs_review,high,no,,Review legacy JSX/shared/platform/API patterns before batching.,needs-directive-rewrite|needs-image-standard|needs-landing-page-normalization,not_started,not_started,,,,
docs/rtc/advanced-features/custom-video-source.javascript.mdx,content/docs/zh-CN/realtime-media/rtc/advanced-features/custom-video-source.javascript.mdx,migrate_page_after_syntax_and_ia_review,needs_review,medium,partial,,Batch with same product after syntax-map confirmation.,needs-directive-rewrite,not_started,not_started,,,,
docs/rtc/advanced-features/custom-video-source.macos.mdx,content/docs/zh-CN/realtime-media/rtc/advanced-features/custom-video-source.macos.mdx,migrate_page_after_syntax_and_ia_review,needs_review,high,no,,Review legacy JSX/shared/platform/API patterns before batching.,needs-directive-rewrite|needs-image-standard|needs-landing-page-normalization,not_started,not_started,,,,
docs/rtc/advanced-features/custom-video-source.unity.mdx,content/docs/zh-CN/realtime-media/rtc/advanced-features/custom-video-source.unity.mdx,migrate_page_after_syntax_and_ia_review,needs_review,high,no,,Review legacy JSX/shared/platform/API patterns before batching.,needs-directive-rewrite|needs-image-standard|needs-landing-page-normalization,not_started,not_started,,,,
docs/rtc/advanced-features/custom-video-source.windows.mdx,content/docs/zh-CN/realtime-media/rtc/advanced-features/custom-video-source.windows.mdx,migrate_page_after_syntax_and_ia_review,needs_review,high,no,,Review legacy JSX/shared/platform/API patterns before batching.,needs-directive-rewrite|needs-image-standard|needs-landing-page-normalization,not_started,not_started,,,,
docs/rtc/advanced-features/e2e-encryption.javascript.mdx,content/docs/zh-CN/realtime-media/rtc/advanced-features/e2e-encryption.javascript.mdx,migrate_page_after_syntax_and_ia_review,needs_review,low,yes,,Batch with same product after syntax-map confirmation.,ready-native,not_started,not_started,,,,
docs/rtc/advanced-features/extensions/_noise-reduction.javascript.mdx,content/docs/zh-CN/realtime-media/rtc/advanced-features/extensions/_noise-reduction.javascript.mdx,migrate_page_after_syntax_and_ia_review,needs_review,medium,partial,,Batch with same product after syntax-map confirmation.,needs-directive-rewrite|needs-include-standardization|needs-image-standard|needs-anchor-normalization,not_started,not_started,,,,
docs/rtc/advanced-features/extensions/image-enhancement.javascript.mdx,content/docs/zh-CN/realtime-media/rtc/advanced-features/extensions/image-enhancement.javascript.mdx,migrate_page_after_syntax_and_ia_review,needs_review,medium,partial,,Batch with same product after syntax-map confirmation.,needs-directive-rewrite|needs-include-standardization,not_started,not_started,,,,
docs/rtc/advanced-features/extensions/noise-reduction.javascript.mdx,content/docs/zh-CN/realtime-media/rtc/advanced-features/extensions/noise-reduction.javascript.mdx,migrate_page_after_syntax_and_ia_review,needs_review,medium,partial,,Batch with same product after syntax-map confirmation.,needs-directive-rewrite|needs-include-standardization|needs-image-standard|needs-anchor-normalization,not_started,not_started,,,,
docs/rtc/advanced-features/extensions/overview.mdx,content/docs/zh-CN/realtime-media/rtc/advanced-features/extensions/overview.mdx,migrate_page_after_syntax_and_ia_review,needs_review,medium,partial,,Batch with same product after syntax-map confirmation.,needs-directive-rewrite|needs-include-standardization,not_started,not_started,,,,
docs/rtc/advanced-features/extensions/release.javascript.mdx,content/docs/zh-CN/realtime-media/rtc/advanced-features/extensions/release.javascript.mdx,migrate_page_after_syntax_and_ia_review,needs_review,medium,partial,,Batch with same product after syntax-map confirmation.,needs-directive-rewrite,not_started,not_started,,,,
docs/rtc/advanced-features/extensions/super-clarity.javascript.mdx,content/docs/zh-CN/realtime-media/rtc/advanced-features/extensions/super-clarity.javascript.mdx,migrate_page_after_syntax_and_ia_review,needs_review,medium,partial,,Batch with same product after syntax-map confirmation.,needs-directive-rewrite|needs-include-standardization|needs-image-standard,not_started,not_started,,,,
docs/rtc/advanced-features/extensions/video-compositing.javascript.mdx,content/docs/zh-CN/realtime-media/rtc/advanced-features/extensions/video-compositing.javascript.mdx,migrate_page_after_syntax_and_ia_review,needs_review,medium,partial,,Batch with same product after syntax-map confirmation.,needs-directive-rewrite|needs-image-standard,not_started,not_started,,,,
docs/rtc/advanced-features/extensions/virtual-background.javascript.mdx,content/docs/zh-CN/realtime-media/rtc/advanced-features/extensions/virtual-background.javascript.mdx,migrate_page_after_syntax_and_ia_review,needs_review,medium,partial,,Batch with same product after syntax-map confirmation.,needs-directive-rewrite|needs-include-standardization|needs-image-standard|needs-anchor-normalization,not_started,not_started,,,,
docs/rtc/advanced-features/extensions/voice-activity-detection.javascript.mdx,content/docs/zh-CN/realtime-media/rtc/advanced-features/extensions/voice-activity-detection.javascript.mdx,migrate_page_after_syntax_and_ia_review,needs_review,medium,partial,,Batch with same product after syntax-map confirmation.,needs-directive-rewrite|needs-include-standardization,not_started,not_started,,,,
docs/rtc/advanced-features/extensions/watermark.javascript.mdx,content/docs/zh-CN/realtime-media/rtc/advanced-features/extensions/watermark.javascript.mdx,migrate_page_after_syntax_and_ia_review,needs_review,medium,partial,,Batch with same product after syntax-map confirmation.,needs-directive-rewrite|needs-include-standardization,not_started,not_started,,,,
docs/rtc/advanced-features/face-capture.android.mdx,content/docs/zh-CN/realtime-media/rtc/advanced-features/face-capture.android.mdx,migrate_page_after_syntax_and_ia_review,needs_review,high,no,,Review legacy JSX/shared/platform/API patterns before batching.,needs-directive-rewrite|needs-include-standardization|needs-platform-expansion,not_started,not_started,,,,
docs/rtc/advanced-features/face-capture.ios.macos.mdx,content/docs/zh-CN/realtime-media/rtc/advanced-features/face-capture.ios.macos.mdx,migrate_page_after_syntax_and_ia_review,needs_review,high,no,,Review legacy JSX/shared/platform/API patterns before batching.,needs-directive-rewrite|needs-include-standardization|needs-platform-expansion,not_started,not_started,,,,
docs/rtc/advanced-features/face-capture.windows.mdx,content/docs/zh-CN/realtime-media/rtc/advanced-features/face-capture.windows.mdx,migrate_page_after_syntax_and_ia_review,needs_review,high,no,,Review legacy JSX/shared/platform/API patterns before batching.,needs-directive-rewrite|needs-include-standardization|needs-platform-expansion,not_started,not_started,,,,
docs/rtc/advanced-features/in-call-quality.android.mdx,content/docs/zh-CN/realtime-media/rtc/advanced-features/in-call-quality.android.mdx,migrate_page_after_syntax_and_ia_review,needs_review,medium,partial,,Batch with same product after syntax-map confirmation.,needs-directive-rewrite|needs-include-standardization|needs-anchor-normalization,not_started,not_started,,,,
docs/rtc/advanced-features/in-call-quality.ios.macos.mdx,content/docs/zh-CN/realtime-media/rtc/advanced-features/in-call-quality.ios.macos.mdx,migrate_page_after_syntax_and_ia_review,needs_review,medium,partial,,Batch with same product after syntax-map confirmation.,needs-directive-rewrite|needs-include-standardization|needs-anchor-normalization,not_started,not_started,,,,
docs/rtc/advanced-features/in-call-quality.javascript.mdx,content/docs/zh-CN/realtime-media/rtc/advanced-features/in-call-quality.javascript.mdx,migrate_page_after_syntax_and_ia_review,needs_review,medium,partial,,Batch with same product after syntax-map confirmation.,needs-directive-rewrite|needs-image-standard,not_started,not_started,,,,
docs/rtc/advanced-features/in-call-quality.rn.electron.mdx,content/docs/zh-CN/realtime-media/rtc/advanced-features/in-call-quality.rn.electron.mdx,migrate_page_after_syntax_and_ia_review,needs_review,medium,partial,,Batch with same product after syntax-map confirmation.,needs-directive-rewrite|needs-anchor-normalization,not_started,not_started,,,,
docs/rtc/advanced-features/in-call-quality.windows.mdx,content/docs/zh-CN/realtime-media/rtc/advanced-features/in-call-quality.windows.mdx,migrate_page_after_syntax_and_ia_review,needs_review,medium,partial,,Batch with same product after syntax-map confirmation.,needs-directive-rewrite|needs-include-standardization|needs-anchor-normalization,not_started,not_started,,,,
docs/rtc/advanced-features/media-fallback.javascript.mdx,content/docs/zh-CN/realtime-media/rtc/advanced-features/media-fallback.javascript.mdx,migrate_page_after_syntax_and_ia_review,needs_review,low,yes,,Batch with same product after syntax-map confirmation.,ready-native,not_started,not_started,,,,
docs/rtc/advanced-features/media-player.android.mdx,content/docs/zh-CN/realtime-media/rtc/advanced-features/media-player.android.mdx,migrate_page_after_syntax_and_ia_review,needs_review,high,no,,Review legacy JSX/shared/platform/API patterns before batching.,needs-directive-rewrite|needs-include-standardization|needs-landing-page-normalization,not_started,not_started,,,,
docs/rtc/advanced-features/media-player.ios.macos.mdx,content/docs/zh-CN/realtime-media/rtc/advanced-features/media-player.ios.macos.mdx,migrate_page_after_syntax_and_ia_review,needs_review,high,no,,Review legacy JSX/shared/platform/API patterns before batching.,needs-directive-rewrite|needs-include-standardization|needs-platform-expansion|needs-landing-page-normalization,not_started,not_started,,,,
docs/rtc/advanced-features/media-player.rn.electron.mdx,content/docs/zh-CN/realtime-media/rtc/advanced-features/media-player.rn.electron.mdx,migrate_page_after_syntax_and_ia_review,needs_review,high,no,,Review legacy JSX/shared/platform/API patterns before batching.,needs-directive-rewrite|needs-platform-expansion|needs-landing-page-normalization,not_started,not_started,,,,
docs/rtc/advanced-features/media-player.unity.mdx,content/docs/zh-CN/realtime-media/rtc/advanced-features/media-player.unity.mdx,migrate_page_after_syntax_and_ia_review,needs_review,high,no,,Review legacy JSX/shared/platform/API patterns before batching.,needs-directive-rewrite|needs-include-standardization|needs-landing-page-normalization,not_started,not_started,,,,
docs/rtc/advanced-features/media-player.windows.mdx,content/docs/zh-CN/realtime-media/rtc/advanced-features/media-player.windows.mdx,migrate_page_after_syntax_and_ia_review,needs_review,high,no,,Review legacy JSX/shared/platform/API patterns before batching.,needs-directive-rewrite|needs-include-standardization|needs-landing-page-normalization,not_started,not_started,,,,
docs/rtc/advanced-features/media-relay.android.mdx,content/docs/zh-CN/realtime-media/rtc/advanced-features/media-relay.android.mdx,migrate_page_after_syntax_and_ia_review,needs_review,high,no,,Review legacy JSX/shared/platform/API patterns before batching.,needs-directive-rewrite|needs-image-standard|needs-landing-page-normalization,not_started,not_started,,,,
docs/rtc/advanced-features/media-relay.electron.rn.mdx,content/docs/zh-CN/realtime-media/rtc/advanced-features/media-relay.electron.rn.mdx,migrate_page_after_syntax_and_ia_review,needs_review,high,no,,Review legacy JSX/shared/platform/API patterns before batching.,needs-directive-rewrite|needs-platform-expansion|needs-image-standard|needs-landing-page-normalization,not_started,not_started,,,,
docs/rtc/advanced-features/media-relay.ios.mdx,content/docs/zh-CN/realtime-media/rtc/advanced-features/media-relay.ios.mdx,migrate_page_after_syntax_and_ia_review,needs_review,high,no,,Review legacy JSX/shared/platform/API patterns before batching.,needs-directive-rewrite|needs-image-standard|needs-landing-page-normalization,not_started,not_started,,,,
docs/rtc/advanced-features/media-relay.javascript.mdx,content/docs/zh-CN/realtime-media/rtc/advanced-features/media-relay.javascript.mdx,migrate_page_after_syntax_and_ia_review,needs_review,medium,partial,,Batch with same product after syntax-map confirmation.,needs-directive-rewrite,not_started,not_started,,,,
docs/rtc/advanced-features/media-relay.macos.mdx,content/docs/zh-CN/realtime-media/rtc/advanced-features/media-relay.macos.mdx,migrate_page_after_syntax_and_ia_review,needs_review,high,no,,Review legacy JSX/shared/platform/API patterns before batching.,needs-directive-rewrite|needs-image-standard|needs-landing-page-normalization,not_started,not_started,,,,
docs/rtc/advanced-features/media-relay.unity.mdx,content/docs/zh-CN/realtime-media/rtc/advanced-features/media-relay.unity.mdx,migrate_page_after_syntax_and_ia_review,needs_review,high,no,,Review legacy JSX/shared/platform/API patterns before batching.,needs-directive-rewrite|needs-image-standard|needs-landing-page-normalization,not_started,not_started,,,,
docs/rtc/advanced-features/media-relay.windows.mdx,content/docs/zh-CN/realtime-media/rtc/advanced-features/media-relay.windows.mdx,migrate_page_after_syntax_and_ia_review,needs_review,high,no,,Review legacy JSX/shared/platform/API patterns before batching.,needs-directive-rewrite|needs-image-standard|needs-landing-page-normalization,not_started,not_started,,,,
docs/rtc/advanced-features/multipath.android.windows.mdx,content/docs/zh-CN/realtime-media/rtc/advanced-features/multipath.android.windows.mdx,migrate_page_after_syntax_and_ia_review,needs_review,high,no,,Review legacy JSX/shared/platform/API patterns before batching.,needs-directive-rewrite|needs-platform-expansion|needs-landing-page-normalization,not_started,not_started,,,,
docs/rtc/advanced-features/multipath.ios.macos.mdx,content/docs/zh-CN/realtime-media/rtc/advanced-features/multipath.ios.macos.mdx,migrate_page_after_syntax_and_ia_review,needs_review,high,no,,Review legacy JSX/shared/platform/API patterns before batching.,needs-directive-rewrite|needs-platform-expansion|needs-landing-page-normalization,not_started,not_started,,,,
docs/rtc/advanced-features/multiple-channel.android.mdx,content/docs/zh-CN/realtime-media/rtc/advanced-features/multiple-channel.android.mdx,migrate_page_after_syntax_and_ia_review,needs_review,high,no,,Review legacy JSX/shared/platform/API patterns before batching.,needs-directive-rewrite|needs-landing-page-normalization,not_started,not_started,,,,
docs/rtc/advanced-features/multiple-channel.electron.mdx,content/docs/zh-CN/realtime-media/rtc/advanced-features/multiple-channel.electron.mdx,migrate_page_after_syntax_and_ia_review,needs_review,high,no,,Review legacy JSX/shared/platform/API patterns before batching.,needs-directive-rewrite|needs-landing-page-normalization,not_started,not_started,,,,
docs/rtc/advanced-features/multiple-channel.ios.macos.mdx,content/docs/zh-CN/realtime-media/rtc/advanced-features/multiple-channel.ios.macos.mdx,migrate_page_after_syntax_and_ia_review,needs_review,high,no,,Review legacy JSX/shared/platform/API patterns before batching.,needs-directive-rewrite|needs-platform-expansion|needs-landing-page-normalization,not_started,not_started,,,,
docs/rtc/advanced-features/multiple-channel.rn.mdx,content/docs/zh-CN/realtime-media/rtc/advanced-features/multiple-channel.rn.mdx,migrate_page_after_syntax_and_ia_review,needs_review,high,no,,Review legacy JSX/shared/platform/API patterns before batching.,needs-directive-rewrite|needs-landing-page-normalization,not_started,not_started,,,,
docs/rtc/advanced-features/multiple-channel.unity.mdx,content/docs/zh-CN/realtime-media/rtc/advanced-features/multiple-channel.unity.mdx,migrate_page_after_syntax_and_ia_review,needs_review,low,yes,,Batch with same product after syntax-map confirmation.,ready-native,not_started,not_started,,,,
docs/rtc/advanced-features/multiple-channel.windows.mdx,content/docs/zh-CN/realtime-media/rtc/advanced-features/multiple-channel.windows.mdx,migrate_page_after_syntax_and_ia_review,needs_review,high,no,,Review legacy JSX/shared/platform/API patterns before batching.,needs-directive-rewrite|needs-landing-page-normalization,not_started,not_started,,,,
docs/rtc/advanced-features/optimization-mode.javascript.mdx,content/docs/zh-CN/realtime-media/rtc/advanced-features/optimization-mode.javascript.mdx,migrate_page_after_syntax_and_ia_review,needs_review,low,yes,,Batch with same product after syntax-map confirmation.,ready-native,not_started,not_started,,,,
docs/rtc/advanced-features/picture-in-picture.flutter.mdx,content/docs/zh-CN/realtime-media/rtc/advanced-features/picture-in-picture.flutter.mdx,migrate_page_after_syntax_and_ia_review,needs_review,high,no,,Review legacy JSX/shared/platform/API patterns before batching.,needs-directive-rewrite|needs-landing-page-normalization,not_started,not_started,,,,
docs/rtc/advanced-features/picture-in-picture.rn.mdx,content/docs/zh-CN/realtime-media/rtc/advanced-features/picture-in-picture.rn.mdx,migrate_page_after_syntax_and_ia_review,needs_review,high,no,,Review legacy JSX/shared/platform/API patterns before batching.,needs-directive-rewrite|needs-landing-page-normalization,not_started,not_started,,,,
docs/rtc/advanced-features/raw-audio-data.android.mdx,content/docs/zh-CN/realtime-media/rtc/advanced-features/raw-audio-data.android.mdx,migrate_page_after_syntax_and_ia_review,needs_review,high,no,,Review legacy JSX/shared/platform/API patterns before batching.,needs-directive-rewrite|needs-image-standard|needs-landing-page-normalization,not_started,not_started,,,,
docs/rtc/advanced-features/raw-audio-data.ios.macos.mdx,content/docs/zh-CN/realtime-media/rtc/advanced-features/raw-audio-data.ios.macos.mdx,migrate_page_after_syntax_and_ia_review,needs_review,high,no,,Review legacy JSX/shared/platform/API patterns before batching.,needs-directive-rewrite|needs-platform-expansion|needs-image-standard|needs-landing-page-normalization,not_started,not_started,,,,
docs/rtc/advanced-features/raw-audio-data.unity.mdx,content/docs/zh-CN/realtime-media/rtc/advanced-features/raw-audio-data.unity.mdx,migrate_page_after_syntax_and_ia_review,needs_review,high,no,,Review legacy JSX/shared/platform/API patterns before batching.,needs-directive-rewrite|needs-image-standard|needs-landing-page-normalization,not_started,not_started,,,,
docs/rtc/advanced-features/raw-audio-data.windows.mdx,content/docs/zh-CN/realtime-media/rtc/advanced-features/raw-audio-data.windows.mdx,migrate_page_after_syntax_and_ia_review,needs_review,high,no,,Review legacy JSX/shared/platform/API patterns before batching.,needs-directive-rewrite|needs-image-standard|needs-landing-page-normalization,not_started,not_started,,,,
docs/rtc/advanced-features/raw-video-data.android.mdx,content/docs/zh-CN/realtime-media/rtc/advanced-features/raw-video-data.android.mdx,migrate_page_after_syntax_and_ia_review,needs_review,high,no,,Review legacy JSX/shared/platform/API patterns before batching.,needs-directive-rewrite|needs-landing-page-normalization,not_started,not_started,,,,
docs/rtc/advanced-features/raw-video-data.harmonyos.mdx,content/docs/zh-CN/realtime-media/rtc/advanced-features/raw-video-data.harmonyos.mdx,migrate_page_after_syntax_and_ia_review,needs_review,high,no,,Review legacy JSX/shared/platform/API patterns before batching.,needs-directive-rewrite|needs-landing-page-normalization,not_started,not_started,,,,
docs/rtc/advanced-features/raw-video-data.macos.ios.mdx,content/docs/zh-CN/realtime-media/rtc/advanced-features/raw-video-data.macos.ios.mdx,migrate_page_after_syntax_and_ia_review,needs_review,high,no,,Review legacy JSX/shared/platform/API patterns before batching.,needs-directive-rewrite|needs-platform-expansion|needs-landing-page-normalization,not_started,not_started,,,,
docs/rtc/advanced-features/raw-video-data.unity.mdx,content/docs/zh-CN/realtime-media/rtc/advanced-features/raw-video-data.unity.mdx,migrate_page_after_syntax_and_ia_review,needs_review,high,no,,Review legacy JSX/shared/platform/API patterns before batching.,needs-directive-rewrite|needs-landing-page-normalization,not_started,not_started,,,,
docs/rtc/advanced-features/raw-video-data.windows.mdx,content/docs/zh-CN/realtime-media/rtc/advanced-features/raw-video-data.windows.mdx,migrate_page_after_syntax_and_ia_review,needs_review,high,no,,Review legacy JSX/shared/platform/API patterns before batching.,needs-directive-rewrite|needs-landing-page-normalization,not_started,not_started,,,,
docs/rtc/advanced-features/region.android.mdx,content/docs/zh-CN/realtime-media/rtc/advanced-features/region.android.mdx,migrate_page_after_syntax_and_ia_review,needs_review,medium,partial,,Batch with same product after syntax-map confirmation.,needs-directive-rewrite|needs-include-standardization,not_started,not_started,,,,
docs/rtc/advanced-features/region.harmonyos.mdx,content/docs/zh-CN/realtime-media/rtc/advanced-features/region.harmonyos.mdx,migrate_page_after_syntax_and_ia_review,needs_review,medium,partial,,Batch with same product after syntax-map confirmation.,needs-directive-rewrite|needs-include-standardization,not_started,not_started,,,,
docs/rtc/advanced-features/region.javascript.mdx,content/docs/zh-CN/realtime-media/rtc/advanced-features/region.javascript.mdx,migrate_page_after_syntax_and_ia_review,needs_review,medium,partial,,Batch with same product after syntax-map confirmation.,needs-directive-rewrite|needs-include-standardization,not_started,not_started,,,,
docs/rtc/advanced-features/region.macos.ios.mdx,content/docs/zh-CN/realtime-media/rtc/advanced-features/region.macos.ios.mdx,migrate_page_after_syntax_and_ia_review,needs_review,medium,partial,,Batch with same product after syntax-map confirmation.,needs-directive-rewrite|needs-include-standardization,not_started,not_started,,,,
docs/rtc/advanced-features/region.unity.mdx,content/docs/zh-CN/realtime-media/rtc/advanced-features/region.unity.mdx,migrate_page_after_syntax_and_ia_review,needs_review,medium,partial,,Batch with same product after syntax-map confirmation.,needs-directive-rewrite|needs-include-standardization,not_started,not_started,,,,
docs/rtc/advanced-features/region.windows.mdx,content/docs/zh-CN/realtime-media/rtc/advanced-features/region.windows.mdx,migrate_page_after_syntax_and_ia_review,needs_review,high,no,,Review legacy JSX/shared/platform/API patterns before batching.,needs-directive-rewrite|needs-include-standardization|needs-landing-page-normalization,not_started,not_started,,,,
docs/rtc/advanced-features/simulcast.android.windows.mdx,content/docs/zh-CN/realtime-media/rtc/advanced-features/simulcast.android.windows.mdx,migrate_page_after_syntax_and_ia_review,needs_review,high,no,,Review legacy JSX/shared/platform/API patterns before batching.,needs-directive-rewrite|needs-platform-expansion|needs-anchor-normalization|needs-landing-page-normalization,not_started,not_started,,,,
docs/rtc/advanced-features/simulcast.ios.macos.mdx,content/docs/zh-CN/realtime-media/rtc/advanced-features/simulcast.ios.macos.mdx,migrate_page_after_syntax_and_ia_review,needs_review,high,no,,Review legacy JSX/shared/platform/API patterns before batching.,needs-directive-rewrite|needs-platform-expansion|needs-anchor-normalization|needs-landing-page-normalization,not_started,not_started,,,,
docs/rtc/advanced-features/spatial-audio.android.mdx,content/docs/zh-CN/realtime-media/rtc/advanced-features/spatial-audio.android.mdx,migrate_page_after_syntax_and_ia_review,needs_review,high,no,,Review legacy JSX/shared/platform/API patterns before batching.,needs-directive-rewrite|needs-include-standardization|needs-image-standard|needs-landing-page-normalization,not_started,not_started,,,,
docs/rtc/advanced-features/spatial-audio.macos.ios.mdx,content/docs/zh-CN/realtime-media/rtc/advanced-features/spatial-audio.macos.ios.mdx,migrate_page_after_syntax_and_ia_review,needs_review,high,no,,Review legacy JSX/shared/platform/API patterns before batching.,needs-directive-rewrite|needs-include-standardization|needs-platform-expansion|needs-image-standard|needs-landing-page-normalization,not_started,not_started,,,,
docs/rtc/advanced-features/spatial-audio.rn.electron.mdx,content/docs/zh-CN/realtime-media/rtc/advanced-features/spatial-audio.rn.electron.mdx,migrate_page_after_syntax_and_ia_review,needs_review,high,no,,Review legacy JSX/shared/platform/API patterns before batching.,needs-directive-rewrite|needs-include-standardization|needs-platform-expansion|needs-image-standard|needs-landing-page-normalization,not_started,not_started,,,,
docs/rtc/advanced-features/spatial-audio.unity.mdx,content/docs/zh-CN/realtime-media/rtc/advanced-features/spatial-audio.unity.mdx,migrate_page_after_syntax_and_ia_review,needs_review,medium,partial,,Batch with same product after syntax-map confirmation.,needs-directive-rewrite|needs-include-standardization,not_started,not_started,,,,
docs/rtc/advanced-features/spatial-audio.windows.mdx,content/docs/zh-CN/realtime-media/rtc/advanced-features/spatial-audio.windows.mdx,migrate_page_after_syntax_and_ia_review,needs_review,high,no,,Review legacy JSX/shared/platform/API patterns before batching.,needs-directive-rewrite|needs-include-standardization|needs-image-standard|needs-landing-page-normalization,not_started,not_started,,,,
docs/rtc/advanced-features/token-server-upgrade.android.windows.mdx,content/docs/zh-CN/realtime-media/rtc/advanced-features/token-server-upgrade.android.windows.mdx,migrate_page_after_syntax_and_ia_review,needs_review,medium,partial,,Batch with same product after syntax-map confirmation.,needs-directive-rewrite|needs-image-standard,not_started,not_started,,,,
docs/rtc/advanced-features/token-server-upgrade.ios.macos.mdx,content/docs/zh-CN/realtime-media/rtc/advanced-features/token-server-upgrade.ios.macos.mdx,migrate_page_after_syntax_and_ia_review,needs_review,medium,partial,,Batch with same product after syntax-map confirmation.,needs-directive-rewrite|needs-image-standard,not_started,not_started,,,,
docs/rtc/advanced-features/token-server-upgrade.javascript.mdx,content/docs/zh-CN/realtime-media/rtc/advanced-features/token-server-upgrade.javascript.mdx,migrate_page_after_syntax_and_ia_review,needs_review,medium,partial,,Batch with same product after syntax-map confirmation.,needs-directive-rewrite|needs-include-standardization|needs-image-standard,not_started,not_started,,,,
docs/rtc/advanced-features/use-extension.mdx,content/docs/zh-CN/realtime-media/rtc/advanced-features/use-extension.mdx,migrate_page_after_syntax_and_ia_review,needs_review,low,yes,,Batch with same product after syntax-map confirmation.,ready-native,not_started,not_started,,,,
docs/rtc/advanced-features/video-processing.android.mdx,content/docs/zh-CN/realtime-media/rtc/advanced-features/video-processing.android.mdx,migrate_page_after_syntax_and_ia_review,needs_review,high,no,,Review legacy JSX/shared/platform/API patterns before batching.,needs-directive-rewrite|needs-include-standardization|needs-platform-expansion|needs-image-standard|needs-landing-page-normalization,not_started,not_started,,,,
docs/rtc/advanced-features/video-processing.ios.macos.mdx,content/docs/zh-CN/realtime-media/rtc/advanced-features/video-processing.ios.macos.mdx,migrate_page_after_syntax_and_ia_review,needs_review,high,no,,Review legacy JSX/shared/platform/API patterns before batching.,needs-directive-rewrite|needs-include-standardization|needs-platform-expansion|needs-image-standard|needs-landing-page-normalization,not_started,not_started,,,,
docs/rtc/advanced-features/video-processing.windows.mdx,content/docs/zh-CN/realtime-media/rtc/advanced-features/video-processing.windows.mdx,migrate_page_after_syntax_and_ia_review,needs_review,high,no,,Review legacy JSX/shared/platform/API patterns before batching.,needs-directive-rewrite|needs-include-standardization|needs-platform-expansion|needs-image-standard|needs-landing-page-normalization,not_started,not_started,,,,
docs/rtc/advanced-features/voice-changer.android.mdx,content/docs/zh-CN/realtime-media/rtc/advanced-features/voice-changer.android.mdx,migrate_page_after_syntax_and_ia_review,needs_review,medium,partial,,Batch with same product after syntax-map confirmation.,needs-directive-rewrite|needs-include-standardization,not_started,not_started,,,,
docs/rtc/advanced-features/voice-changer.electron.rn.mdx,content/docs/zh-CN/realtime-media/rtc/advanced-features/voice-changer.electron.rn.mdx,migrate_page_after_syntax_and_ia_review,needs_review,high,no,,Review legacy JSX/shared/platform/API patterns before batching.,needs-directive-rewrite|needs-include-standardization|needs-platform-expansion,not_started,not_started,,,,
docs/rtc/advanced-features/voice-changer.ios.macos.mdx,content/docs/zh-CN/realtime-media/rtc/advanced-features/voice-changer.ios.macos.mdx,migrate_page_after_syntax_and_ia_review,needs_review,high,no,,Review legacy JSX/shared/platform/API patterns before batching.,needs-directive-rewrite|needs-include-standardization|needs-platform-expansion,not_started,not_started,,,,
docs/rtc/advanced-features/voice-changer.unity.mdx,content/docs/zh-CN/realtime-media/rtc/advanced-features/voice-changer.unity.mdx,migrate_page_after_syntax_and_ia_review,needs_review,high,no,,Review legacy JSX/shared/platform/API patterns before batching.,needs-directive-rewrite|needs-include-standardization|needs-landing-page-normalization,not_started,not_started,,,,
docs/rtc/advanced-features/voice-changer.windows.mdx,content/docs/zh-CN/realtime-media/rtc/advanced-features/voice-changer.windows.mdx,migrate_page_after_syntax_and_ia_review,needs_review,medium,partial,,Batch with same product after syntax-map confirmation.,needs-directive-rewrite|needs-include-standardization,not_started,not_started,,,,
docs/rtc/api/_reference.mdx,content/docs/zh-CN/realtime-media/rtc/api/_reference.mdx,migrate_page_after_syntax_and_ia_review,needs_review,low,yes,,Batch with same product after syntax-map confirmation.,ready-native,not_started,not_started,,,,
docs/rtc/basic-features/_token-authentication.mdx,content/docs/zh-CN/realtime-media/rtc/basic-features/_token-authentication.mdx,migrate_page_after_syntax_and_ia_review,needs_review,medium,partial,,Batch with same product after syntax-map confirmation.,needs-directive-rewrite|needs-anchor-normalization,not_started,not_started,,,,
docs/rtc/basic-features/audio-profile.android.mdx,content/docs/zh-CN/realtime-media/rtc/basic-features/audio-profile.android.mdx,migrate_page_after_syntax_and_ia_review,needs_review,high,no,,Review legacy JSX/shared/platform/API patterns before batching.,needs-directive-rewrite|needs-landing-page-normalization,not_started,not_started,,,,
docs/rtc/basic-features/audio-profile.electron.rn.mdx,content/docs/zh-CN/realtime-media/rtc/basic-features/audio-profile.electron.rn.mdx,migrate_page_after_syntax_and_ia_review,needs_review,high,no,,Review legacy JSX/shared/platform/API patterns before batching.,needs-directive-rewrite|needs-platform-expansion,not_started,not_started,,,,
docs/rtc/basic-features/audio-profile.flutter.mdx,content/docs/zh-CN/realtime-media/rtc/basic-features/audio-profile.flutter.mdx,migrate_page_after_syntax_and_ia_review,needs_review,low,yes,,Batch with same product after syntax-map confirmation.,ready-native,not_started,not_started,,,,
docs/rtc/basic-features/audio-profile.harmonyos.mdx,content/docs/zh-CN/realtime-media/rtc/basic-features/audio-profile.harmonyos.mdx,migrate_page_after_syntax_and_ia_review,needs_review,high,no,,Review legacy JSX/shared/platform/API patterns before batching.,needs-directive-rewrite|needs-landing-page-normalization,not_started,not_started,,,,
docs/rtc/basic-features/audio-profile.ios.macos.mdx,content/docs/zh-CN/realtime-media/rtc/basic-features/audio-profile.ios.macos.mdx,migrate_page_after_syntax_and_ia_review,needs_review,high,no,,Review legacy JSX/shared/platform/API patterns before batching.,needs-directive-rewrite|needs-platform-expansion|needs-landing-page-normalization,not_started,not_started,,,,
docs/rtc/basic-features/audio-profile.javascript.mdx,content/docs/zh-CN/realtime-media/rtc/basic-features/audio-profile.javascript.mdx,migrate_page_after_syntax_and_ia_review,needs_review,low,yes,,Batch with same product after syntax-map confirmation.,ready-native,not_started,not_started,,,,
docs/rtc/basic-features/audio-profile.unity.mdx,content/docs/zh-CN/realtime-media/rtc/basic-features/audio-profile.unity.mdx,migrate_page_after_syntax_and_ia_review,needs_review,low,yes,,Batch with same product after syntax-map confirmation.,ready-native,not_started,not_started,,,,
docs/rtc/basic-features/audio-profile.unreal-blueprint.mdx,content/docs/zh-CN/realtime-media/rtc/basic-features/audio-profile.unreal-blueprint.mdx,migrate_page_after_syntax_and_ia_review,needs_review,high,no,,Review legacy JSX/shared/platform/API patterns before batching.,needs-directive-rewrite|needs-table-normalization|needs-image-standard|needs-landing-page-normalization,not_started,not_started,,,,
docs/rtc/basic-features/audio-profile.windows.unreal-cpp.mdx,content/docs/zh-CN/realtime-media/rtc/basic-features/audio-profile.windows.unreal-cpp.mdx,migrate_page_after_syntax_and_ia_review,needs_review,high,no,,Review legacy JSX/shared/platform/API patterns before batching.,needs-directive-rewrite|needs-platform-expansion|needs-landing-page-normalization,not_started,not_started,,,,
docs/rtc/basic-features/audio-quick-start.android.mdx,content/docs/zh-CN/realtime-media/rtc/basic-features/audio-quick-start.android.mdx,migrate_page_after_syntax_and_ia_review,needs_review,high,no,,Review legacy JSX/shared/platform/API patterns before batching.,needs-directive-rewrite|needs-include-standardization|needs-platform-expansion|needs-image-standard|needs-landing-page-normalization,not_started,not_started,,,,
docs/rtc/basic-features/audio-quick-start.electron.mdx,content/docs/zh-CN/realtime-media/rtc/basic-features/audio-quick-start.electron.mdx,migrate_page_after_syntax_and_ia_review,needs_review,high,no,,Review legacy JSX/shared/platform/API patterns before batching.,needs-directive-rewrite|needs-include-standardization|needs-platform-expansion|needs-image-standard|needs-landing-page-normalization,not_started,not_started,,,,
docs/rtc/basic-features/audio-quick-start.flutter.mdx,content/docs/zh-CN/realtime-media/rtc/basic-features/audio-quick-start.flutter.mdx,migrate_page_after_syntax_and_ia_review,needs_review,high,no,,Review legacy JSX/shared/platform/API patterns before batching.,needs-directive-rewrite|needs-include-standardization|needs-platform-expansion|needs-image-standard|needs-landing-page-normalization,not_started,not_started,,,,
docs/rtc/basic-features/audio-quick-start.harmonyos.mdx,content/docs/zh-CN/realtime-media/rtc/basic-features/audio-quick-start.harmonyos.mdx,migrate_page_after_syntax_and_ia_review,needs_review,high,no,,Review legacy JSX/shared/platform/API patterns before batching.,needs-directive-rewrite|needs-include-standardization|needs-platform-expansion|needs-image-standard|needs-landing-page-normalization,not_started,not_started,,,,
docs/rtc/basic-features/audio-quick-start.ios.mdx,content/docs/zh-CN/realtime-media/rtc/basic-features/audio-quick-start.ios.mdx,migrate_page_after_syntax_and_ia_review,needs_review,high,no,,Review legacy JSX/shared/platform/API patterns before batching.,needs-directive-rewrite|needs-include-standardization|needs-platform-expansion|needs-image-standard|needs-landing-page-normalization,not_started,not_started,,,,
docs/rtc/basic-features/audio-quick-start.javascript.mdx,content/docs/zh-CN/realtime-media/rtc/basic-features/audio-quick-start.javascript.mdx,migrate_page_after_syntax_and_ia_review,needs_review,high,no,,Review legacy JSX/shared/platform/API patterns before batching.,needs-directive-rewrite|needs-image-standard|needs-landing-page-normalization,not_started,not_started,,,,
docs/rtc/basic-features/audio-quick-start.macos.mdx,content/docs/zh-CN/realtime-media/rtc/basic-features/audio-quick-start.macos.mdx,migrate_page_after_syntax_and_ia_review,needs_review,high,no,,Review legacy JSX/shared/platform/API patterns before batching.,needs-directive-rewrite|needs-include-standardization|needs-platform-expansion|needs-image-standard|needs-landing-page-normalization,not_started,not_started,,,,
docs/rtc/basic-features/audio-quick-start.rn.mdx,content/docs/zh-CN/realtime-media/rtc/basic-features/audio-quick-start.rn.mdx,migrate_page_after_syntax_and_ia_review,needs_review,high,no,,Review legacy JSX/shared/platform/API patterns before batching.,needs-directive-rewrite|needs-include-standardization|needs-platform-expansion|needs-image-standard|needs-landing-page-normalization,not_started,not_started,,,,
docs/rtc/basic-features/audio-quick-start.unity.mdx,content/docs/zh-CN/realtime-media/rtc/basic-features/audio-quick-start.unity.mdx,migrate_page_after_syntax_and_ia_review,needs_review,high,no,,Review legacy JSX/shared/platform/API patterns before batching.,needs-directive-rewrite|needs-include-standardization|needs-platform-expansion|needs-table-normalization|needs-image-standard|needs-anchor-normalization|needs-landing-page-normalization,not_started,not_started,,,,
docs/rtc/basic-features/audio-quick-start.unreal-blueprint.mdx,content/docs/zh-CN/realtime-media/rtc/basic-features/audio-quick-start.unreal-blueprint.mdx,migrate_page_after_syntax_and_ia_review,needs_review,high,no,,Review legacy JSX/shared/platform/API patterns before batching.,needs-directive-rewrite|needs-include-standardization|needs-platform-expansion|needs-table-normalization|needs-image-standard|needs-landing-page-normalization,not_started,not_started,,,,
docs/rtc/basic-features/audio-quick-start.unreal-cpp.mdx,content/docs/zh-CN/realtime-media/rtc/basic-features/audio-quick-start.unreal-cpp.mdx,migrate_page_after_syntax_and_ia_review,needs_review,high,no,,Review legacy JSX/shared/platform/API patterns before batching.,needs-directive-rewrite|needs-include-standardization|needs-platform-expansion|needs-image-standard|needs-anchor-normalization|needs-landing-page-normalization,not_started,not_started,,,,
docs/rtc/basic-features/audio-quick-start.windows.mdx,content/docs/zh-CN/realtime-media/rtc/basic-features/audio-quick-start.windows.mdx,migrate_page_after_syntax_and_ia_review,needs_review,high,no,,Review legacy JSX/shared/platform/API patterns before batching.,needs-directive-rewrite|needs-include-standardization|needs-platform-expansion|needs-image-standard|needs-anchor-normalization|needs-landing-page-normalization,not_started,not_started,,,,
docs/rtc/basic-features/channel-connection.android.mdx,content/docs/zh-CN/realtime-media/rtc/basic-features/channel-connection.android.mdx,migrate_page_after_syntax_and_ia_review,needs_review,medium,partial,,Batch with same product after syntax-map confirmation.,needs-directive-rewrite|needs-image-standard|needs-anchor-normalization,not_started,not_started,,,,
docs/rtc/basic-features/channel-connection.electron.rn.mdx,content/docs/zh-CN/realtime-media/rtc/basic-features/channel-connection.electron.rn.mdx,migrate_page_after_syntax_and_ia_review,needs_review,medium,partial,,Batch with same product after syntax-map confirmation.,needs-directive-rewrite|needs-image-standard|needs-anchor-normalization,not_started,not_started,,,,
docs/rtc/basic-features/channel-connection.flutter.mdx,content/docs/zh-CN/realtime-media/rtc/basic-features/channel-connection.flutter.mdx,migrate_page_after_syntax_and_ia_review,needs_review,medium,partial,,Batch with same product after syntax-map confirmation.,needs-directive-rewrite|needs-image-standard|needs-anchor-normalization,not_started,not_started,,,,
docs/rtc/basic-features/channel-connection.harmonyos.mdx,content/docs/zh-CN/realtime-media/rtc/basic-features/channel-connection.harmonyos.mdx,migrate_page_after_syntax_and_ia_review,needs_review,medium,partial,,Batch with same product after syntax-map confirmation.,needs-directive-rewrite|needs-image-standard|needs-anchor-normalization,not_started,not_started,,,,
docs/rtc/basic-features/channel-connection.ios.macos.mdx,content/docs/zh-CN/realtime-media/rtc/basic-features/channel-connection.ios.macos.mdx,migrate_page_after_syntax_and_ia_review,needs_review,medium,partial,,Batch with same product after syntax-map confirmation.,needs-directive-rewrite|needs-image-standard|needs-anchor-normalization,not_started,not_started,,,,
docs/rtc/basic-features/channel-connection.javascript.mdx,content/docs/zh-CN/realtime-media/rtc/basic-features/channel-connection.javascript.mdx,migrate_page_after_syntax_and_ia_review,needs_review,low,yes,,Batch with same product after syntax-map confirmation.,ready-native,not_started,not_started,,,,
docs/rtc/basic-features/channel-connection.unity.mdx,content/docs/zh-CN/realtime-media/rtc/basic-features/channel-connection.unity.mdx,migrate_page_after_syntax_and_ia_review,needs_review,medium,partial,,Batch with same product after syntax-map confirmation.,needs-directive-rewrite|needs-image-standard|needs-anchor-normalization,not_started,not_started,,,,
docs/rtc/basic-features/channel-connection.unreal-blueprint.mdx,content/docs/zh-CN/realtime-media/rtc/basic-features/channel-connection.unreal-blueprint.mdx,migrate_page_after_syntax_and_ia_review,needs_review,high,no,,Review legacy JSX/shared/platform/API patterns before batching.,needs-directive-rewrite|needs-image-standard|needs-landing-page-normalization,not_started,not_started,,,,
docs/rtc/basic-features/channel-connection.windows.unreal-cpp.mdx,content/docs/zh-CN/realtime-media/rtc/basic-features/channel-connection.windows.unreal-cpp.mdx,migrate_page_after_syntax_and_ia_review,needs_review,high,no,,Review legacy JSX/shared/platform/API patterns before batching.,needs-directive-rewrite|needs-platform-expansion|needs-image-standard|needs-anchor-normalization|needs-landing-page-normalization,not_started,not_started,,,,
docs/rtc/basic-features/create-track.javascript.mdx,content/docs/zh-CN/realtime-media/rtc/basic-features/create-track.javascript.mdx,migrate_page_after_syntax_and_ia_review,needs_review,medium,partial,,Batch with same product after syntax-map confirmation.,needs-directive-rewrite|needs-anchor-normalization,not_started,not_started,,,,
docs/rtc/basic-features/firewall.android.mdx,content/docs/zh-CN/realtime-media/rtc/basic-features/firewall.android.mdx,migrate_page_after_syntax_and_ia_review,needs_review,medium,partial,,Batch with same product after syntax-map confirmation.,needs-directive-rewrite|needs-image-standard,not_started,not_started,,,,
docs/rtc/basic-features/firewall.electron.rn.mdx,content/docs/zh-CN/realtime-media/rtc/basic-features/firewall.electron.rn.mdx,migrate_page_after_syntax_and_ia_review,needs_review,medium,partial,,Batch with same product after syntax-map confirmation.,needs-directive-rewrite|needs-image-standard,not_started,not_started,,,,
docs/rtc/basic-features/firewall.flutter.mdx,content/docs/zh-CN/realtime-media/rtc/basic-features/firewall.flutter.mdx,migrate_page_after_syntax_and_ia_review,needs_review,medium,partial,,Batch with same product after syntax-map confirmation.,needs-directive-rewrite|needs-image-standard,not_started,not_started,,,,
docs/rtc/basic-features/firewall.ios.macos.mdx,content/docs/zh-CN/realtime-media/rtc/basic-features/firewall.ios.macos.mdx,migrate_page_after_syntax_and_ia_review,needs_review,medium,partial,,Batch with same product after syntax-map confirmation.,needs-directive-rewrite|needs-image-standard,not_started,not_started,,,,
docs/rtc/basic-features/firewall.javascript.mdx,content/docs/zh-CN/realtime-media/rtc/basic-features/firewall.javascript.mdx,migrate_page_after_syntax_and_ia_review,needs_review,medium,partial,,Batch with same product after syntax-map confirmation.,needs-directive-rewrite,not_started,not_started,,,,
docs/rtc/basic-features/firewall.mini-program.mdx,content/docs/zh-CN/realtime-media/rtc/basic-features/firewall.mini-program.mdx,migrate_page_after_syntax_and_ia_review,needs_review,medium,partial,,Batch with same product after syntax-map confirmation.,needs-directive-rewrite,not_started,not_started,,,,
docs/rtc/basic-features/firewall.windows.unity.unreal-cpp.unreal-blueprint.mdx,content/docs/zh-CN/realtime-media/rtc/basic-features/firewall.windows.unity.unreal-cpp.unreal-blueprint.mdx,migrate_page_after_syntax_and_ia_review,needs_review,high,no,,Review legacy JSX/shared/platform/API patterns before batching.,needs-directive-rewrite|needs-platform-expansion|needs-image-standard,not_started,not_started,,,,
docs/rtc/basic-features/join-leave-channel.javascript.mdx,content/docs/zh-CN/realtime-media/rtc/basic-features/join-leave-channel.javascript.mdx,migrate_page_after_syntax_and_ia_review,needs_review,medium,partial,,Batch with same product after syntax-map confirmation.,needs-directive-rewrite|needs-anchor-normalization,not_started,not_started,,,,
docs/rtc/basic-features/lastmile-quality.android.mdx,content/docs/zh-CN/realtime-media/rtc/basic-features/lastmile-quality.android.mdx,migrate_page_after_syntax_and_ia_review,needs_review,high,no,,Review legacy JSX/shared/platform/API patterns before batching.,needs-directive-rewrite|needs-image-standard|needs-landing-page-normalization,not_started,not_started,,,,
docs/rtc/basic-features/lastmile-quality.electron.mdx,content/docs/zh-CN/realtime-media/rtc/basic-features/lastmile-quality.electron.mdx,migrate_page_after_syntax_and_ia_review,needs_review,low,yes,,Batch with same product after syntax-map confirmation.,ready-native,not_started,not_started,,,,
docs/rtc/basic-features/lastmile-quality.flutter.mdx,content/docs/zh-CN/realtime-media/rtc/basic-features/lastmile-quality.flutter.mdx,migrate_page_after_syntax_and_ia_review,needs_review,medium,partial,,Batch with same product after syntax-map confirmation.,needs-directive-rewrite|needs-image-standard,not_started,not_started,,,,
docs/rtc/basic-features/lastmile-quality.ios.mdx,content/docs/zh-CN/realtime-media/rtc/basic-features/lastmile-quality.ios.mdx,migrate_page_after_syntax_and_ia_review,needs_review,high,no,,Review legacy JSX/shared/platform/API patterns before batching.,needs-directive-rewrite|needs-image-standard|needs-landing-page-normalization,not_started,not_started,,,,
docs/rtc/basic-features/lastmile-quality.javascript.mdx,content/docs/zh-CN/realtime-media/rtc/basic-features/lastmile-quality.javascript.mdx,migrate_page_after_syntax_and_ia_review,needs_review,high,no,,Review legacy JSX/shared/platform/API patterns before batching.,needs-directive-rewrite|needs-image-standard|needs-landing-page-normalization,not_started,not_started,,,,
docs/rtc/basic-features/lastmile-quality.macos.mdx,content/docs/zh-CN/realtime-media/rtc/basic-features/lastmile-quality.macos.mdx,migrate_page_after_syntax_and_ia_review,needs_review,high,no,,Review legacy JSX/shared/platform/API patterns before batching.,needs-directive-rewrite|needs-image-standard|needs-landing-page-normalization,not_started,not_started,,,,
docs/rtc/basic-features/lastmile-quality.rn.mdx,content/docs/zh-CN/realtime-media/rtc/basic-features/lastmile-quality.rn.mdx,migrate_page_after_syntax_and_ia_review,needs_review,low,yes,,Batch with same product after syntax-map confirmation.,ready-native,not_started,not_started,,,,
docs/rtc/basic-features/lastmile-quality.unity.mdx,content/docs/zh-CN/realtime-media/rtc/basic-features/lastmile-quality.unity.mdx,migrate_page_after_syntax_and_ia_review,needs_review,medium,partial,,Batch with same product after syntax-map confirmation.,needs-directive-rewrite,not_started,not_started,,,,
docs/rtc/basic-features/lastmile-quality.unreal-blueprint.mdx,content/docs/zh-CN/realtime-media/rtc/basic-features/lastmile-quality.unreal-blueprint.mdx,migrate_page_after_syntax_and_ia_review,needs_review,high,no,,Review legacy JSX/shared/platform/API patterns before batching.,needs-directive-rewrite|needs-image-standard|needs-landing-page-normalization,not_started,not_started,,,,
docs/rtc/basic-features/lastmile-quality.unreal-cpp.mdx,content/docs/zh-CN/realtime-media/rtc/basic-features/lastmile-quality.unreal-cpp.mdx,migrate_page_after_syntax_and_ia_review,needs_review,high,no,,Review legacy JSX/shared/platform/API patterns before batching.,needs-directive-rewrite|needs-landing-page-normalization,not_started,not_started,,,,
docs/rtc/basic-features/lastmile-quality.windows.mdx,content/docs/zh-CN/realtime-media/rtc/basic-features/lastmile-quality.windows.mdx,migrate_page_after_syntax_and_ia_review,needs_review,high,no,,Review legacy JSX/shared/platform/API patterns before batching.,needs-directive-rewrite|needs-image-standard|needs-landing-page-normalization,not_started,not_started,,,,
docs/rtc/basic-features/ls-quick-start.android.mdx,content/docs/zh-CN/realtime-media/rtc/basic-features/ls-quick-start.android.mdx,migrate_page_after_syntax_and_ia_review,needs_review,high,no,,Review legacy JSX/shared/platform/API patterns before batching.,needs-directive-rewrite|needs-include-standardization|needs-platform-expansion|needs-landing-page-normalization,not_started,not_started,,,,
docs/rtc/basic-features/ls-quick-start.electron.mdx,content/docs/zh-CN/realtime-media/rtc/basic-features/ls-quick-start.electron.mdx,migrate_page_after_syntax_and_ia_review,needs_review,high,no,,Review legacy JSX/shared/platform/API patterns before batching.,needs-directive-rewrite|needs-include-standardization|needs-platform-expansion|needs-landing-page-normalization,not_started,not_started,,,,
docs/rtc/basic-features/ls-quick-start.flutter.mdx,content/docs/zh-CN/realtime-media/rtc/basic-features/ls-quick-start.flutter.mdx,migrate_page_after_syntax_and_ia_review,needs_review,high,no,,Review legacy JSX/shared/platform/API patterns before batching.,needs-directive-rewrite|needs-include-standardization|needs-platform-expansion|needs-landing-page-normalization,not_started,not_started,,,,
docs/rtc/basic-features/ls-quick-start.harmonyos.mdx,content/docs/zh-CN/realtime-media/rtc/basic-features/ls-quick-start.harmonyos.mdx,migrate_page_after_syntax_and_ia_review,needs_review,high,no,,Review legacy JSX/shared/platform/API patterns before batching.,needs-directive-rewrite|needs-include-standardization|needs-landing-page-normalization,not_started,not_started,,,,
docs/rtc/basic-features/ls-quick-start.ios.macos.mdx,content/docs/zh-CN/realtime-media/rtc/basic-features/ls-quick-start.ios.macos.mdx,migrate_page_after_syntax_and_ia_review,needs_review,high,no,,Review legacy JSX/shared/platform/API patterns before batching.,needs-directive-rewrite|needs-include-standardization|needs-platform-expansion|needs-landing-page-normalization,not_started,not_started,,,,
docs/rtc/basic-features/ls-quick-start.javascript.mdx,content/docs/zh-CN/realtime-media/rtc/basic-features/ls-quick-start.javascript.mdx,migrate_page_after_syntax_and_ia_review,needs_review,high,no,,Review legacy JSX/shared/platform/API patterns before batching.,needs-directive-rewrite|needs-include-standardization|needs-platform-expansion|needs-landing-page-normalization,not_started,not_started,,,,
docs/rtc/basic-features/ls-quick-start.rn.mdx,content/docs/zh-CN/realtime-media/rtc/basic-features/ls-quick-start.rn.mdx,migrate_page_after_syntax_and_ia_review,needs_review,high,no,,Review legacy JSX/shared/platform/API patterns before batching.,needs-directive-rewrite|needs-include-standardization|needs-platform-expansion|needs-landing-page-normalization,not_started,not_started,,,,
docs/rtc/basic-features/ls-quick-start.unity.mdx,content/docs/zh-CN/realtime-media/rtc/basic-features/ls-quick-start.unity.mdx,migrate_page_after_syntax_and_ia_review,needs_review,high,no,,Review legacy JSX/shared/platform/API patterns before batching.,needs-directive-rewrite|needs-include-standardization|needs-landing-page-normalization,not_started,not_started,,,,
docs/rtc/basic-features/ls-quick-start.unreal-blueprint.mdx,content/docs/zh-CN/realtime-media/rtc/basic-features/ls-quick-start.unreal-blueprint.mdx,migrate_page_after_syntax_and_ia_review,needs_review,high,no,,Review legacy JSX/shared/platform/API patterns before batching.,needs-directive-rewrite|needs-include-standardization|needs-platform-expansion|needs-image-standard|needs-landing-page-normalization,not_started,not_started,,,,
docs/rtc/basic-features/ls-quick-start.unreal-cpp.mdx,content/docs/zh-CN/realtime-media/rtc/basic-features/ls-quick-start.unreal-cpp.mdx,migrate_page_after_syntax_and_ia_review,needs_review,high,no,,Review legacy JSX/shared/platform/API patterns before batching.,needs-directive-rewrite|needs-include-standardization|needs-platform-expansion|needs-landing-page-normalization,not_started,not_started,,,,
docs/rtc/basic-features/ls-quick-start.windows.mdx,content/docs/zh-CN/realtime-media/rtc/basic-features/ls-quick-start.windows.mdx,migrate_page_after_syntax_and_ia_review,needs_review,high,no,,Review legacy JSX/shared/platform/API patterns before batching.,needs-directive-rewrite|needs-include-standardization|needs-landing-page-normalization,not_started,not_started,,,,
docs/rtc/basic-features/publish-subscribe.javascript.mdx,content/docs/zh-CN/realtime-media/rtc/basic-features/publish-subscribe.javascript.mdx,migrate_page_after_syntax_and_ia_review,needs_review,low,yes,,Batch with same product after syntax-map confirmation.,ready-native,not_started,not_started,,,,
docs/rtc/basic-features/screen-share.android.mdx,content/docs/zh-CN/realtime-media/rtc/basic-features/screen-share.android.mdx,migrate_page_after_syntax_and_ia_review,needs_review,high,no,,Review legacy JSX/shared/platform/API patterns before batching.,needs-directive-rewrite|needs-include-standardization|needs-image-standard|needs-landing-page-normalization,not_started,not_started,,,,
docs/rtc/basic-features/screen-share.electron.mdx,content/docs/zh-CN/realtime-media/rtc/basic-features/screen-share.electron.mdx,migrate_page_after_syntax_and_ia_review,needs_review,high,no,,Review legacy JSX/shared/platform/API patterns before batching.,needs-directive-rewrite|needs-include-standardization|needs-landing-page-normalization,not_started,not_started,,,,
docs/rtc/basic-features/screen-share.flutter.mdx,content/docs/zh-CN/realtime-media/rtc/basic-features/screen-share.flutter.mdx,migrate_page_after_syntax_and_ia_review,needs_review,medium,partial,,Batch with same product after syntax-map confirmation.,needs-directive-rewrite|needs-include-standardization|needs-image-standard,not_started,not_started,,,,
docs/rtc/basic-features/screen-share.harmonyos.mdx,content/docs/zh-CN/realtime-media/rtc/basic-features/screen-share.harmonyos.mdx,migrate_page_after_syntax_and_ia_review,needs_review,high,no,,Review legacy JSX/shared/platform/API patterns before batching.,needs-directive-rewrite|needs-include-standardization|needs-image-standard|needs-landing-page-normalization,not_started,not_started,,,,
docs/rtc/basic-features/screen-share.ios.mdx,content/docs/zh-CN/realtime-media/rtc/basic-features/screen-share.ios.mdx,migrate_page_after_syntax_and_ia_review,needs_review,high,no,,Review legacy JSX/shared/platform/API patterns before batching.,needs-directive-rewrite|needs-include-standardization|needs-image-standard|needs-landing-page-normalization,not_started,not_started,,,,
docs/rtc/basic-features/screen-share.javascript.mdx,content/docs/zh-CN/realtime-media/rtc/basic-features/screen-share.javascript.mdx,migrate_page_after_syntax_and_ia_review,needs_review,high,no,,Review legacy JSX/shared/platform/API patterns before batching.,needs-directive-rewrite|needs-image-standard|needs-landing-page-normalization,not_started,not_started,,,,
docs/rtc/basic-features/screen-share.macos.mdx,content/docs/zh-CN/realtime-media/rtc/basic-features/screen-share.macos.mdx,migrate_page_after_syntax_and_ia_review,needs_review,high,no,,Review legacy JSX/shared/platform/API patterns before batching.,needs-directive-rewrite|needs-include-standardization|needs-image-standard|needs-landing-page-normalization,not_started,not_started,,,,
docs/rtc/basic-features/screen-share.rn.mdx,content/docs/zh-CN/realtime-media/rtc/basic-features/screen-share.rn.mdx,migrate_page_after_syntax_and_ia_review,needs_review,high,no,,Review legacy JSX/shared/platform/API patterns before batching.,needs-directive-rewrite|needs-include-standardization|needs-landing-page-normalization,not_started,not_started,,,,
docs/rtc/basic-features/screen-share.unity.mdx,content/docs/zh-CN/realtime-media/rtc/basic-features/screen-share.unity.mdx,migrate_page_after_syntax_and_ia_review,needs_review,high,no,,Review legacy JSX/shared/platform/API patterns before batching.,needs-directive-rewrite|needs-include-standardization|needs-image-standard|needs-anchor-normalization|needs-landing-page-normalization,not_started,not_started,,,,
docs/rtc/basic-features/screen-share.unreal-blueprint.mdx,content/docs/zh-CN/realtime-media/rtc/basic-features/screen-share.unreal-blueprint.mdx,migrate_page_after_syntax_and_ia_review,needs_review,high,no,,Review legacy JSX/shared/platform/API patterns before batching.,needs-directive-rewrite|needs-include-standardization|needs-image-standard|needs-landing-page-normalization,not_started,not_started,,,,
docs/rtc/basic-features/screen-share.windows.unreal-cpp.mdx,content/docs/zh-CN/realtime-media/rtc/basic-features/screen-share.windows.unreal-cpp.mdx,migrate_page_after_syntax_and_ia_review,needs_review,high,no,,Review legacy JSX/shared/platform/API patterns before batching.,needs-directive-rewrite|needs-include-standardization|needs-platform-expansion|needs-image-standard|needs-landing-page-normalization,not_started,not_started,,,,
docs/rtc/basic-features/switch-device.javascript.mdx,content/docs/zh-CN/realtime-media/rtc/basic-features/switch-device.javascript.mdx,migrate_page_after_syntax_and_ia_review,needs_review,medium,partial,,Batch with same product after syntax-map confirmation.,needs-directive-rewrite|needs-anchor-normalization,not_started,not_started,,,,
docs/rtc/basic-features/token-authentication.android.mdx,content/docs/zh-CN/realtime-media/rtc/basic-features/token-authentication.android.mdx,migrate_page_after_syntax_and_ia_review,needs_review,medium,partial,,Batch with same product after syntax-map confirmation.,needs-directive-rewrite|needs-include-standardization|needs-image-standard|needs-anchor-normalization,not_started,not_started,,,,
docs/rtc/basic-features/token-authentication.electron.mdx,content/docs/zh-CN/realtime-media/rtc/basic-features/token-authentication.electron.mdx,migrate_page_after_syntax_and_ia_review,needs_review,medium,partial,,Batch with same product after syntax-map confirmation.,needs-directive-rewrite|needs-anchor-normalization,not_started,not_started,,,,
docs/rtc/basic-features/token-authentication.flutter.mdx,content/docs/zh-CN/realtime-media/rtc/basic-features/token-authentication.flutter.mdx,migrate_page_after_syntax_and_ia_review,needs_review,medium,partial,,Batch with same product after syntax-map confirmation.,needs-directive-rewrite|needs-anchor-normalization,not_started,not_started,,,,
docs/rtc/basic-features/token-authentication.harmonyos.mdx,content/docs/zh-CN/realtime-media/rtc/basic-features/token-authentication.harmonyos.mdx,migrate_page_after_syntax_and_ia_review,needs_review,medium,partial,,Batch with same product after syntax-map confirmation.,needs-directive-rewrite|needs-include-standardization|needs-image-standard|needs-anchor-normalization,not_started,not_started,,,,
docs/rtc/basic-features/token-authentication.ios.macos.mdx,content/docs/zh-CN/realtime-media/rtc/basic-features/token-authentication.ios.macos.mdx,migrate_page_after_syntax_and_ia_review,needs_review,medium,partial,,Batch with same product after syntax-map confirmation.,needs-directive-rewrite|needs-include-standardization|needs-image-standard|needs-anchor-normalization,not_started,not_started,,,,
docs/rtc/basic-features/token-authentication.javascript.mdx,content/docs/zh-CN/realtime-media/rtc/basic-features/token-authentication.javascript.mdx,migrate_page_after_syntax_and_ia_review,needs_review,medium,partial,,Batch with same product after syntax-map confirmation.,needs-directive-rewrite|needs-include-standardization|needs-image-standard|needs-anchor-normalization,not_started,not_started,,,,
docs/rtc/basic-features/token-authentication.mini-program.mdx,content/docs/zh-CN/realtime-media/rtc/basic-features/token-authentication.mini-program.mdx,migrate_page_after_syntax_and_ia_review,needs_review,medium,partial,,Batch with same product after syntax-map confirmation.,needs-directive-rewrite|needs-include-standardization|needs-image-standard|needs-anchor-normalization,not_started,not_started,,,,
docs/rtc/basic-features/token-authentication.rn.mdx,content/docs/zh-CN/realtime-media/rtc/basic-features/token-authentication.rn.mdx,migrate_page_after_syntax_and_ia_review,needs_review,medium,partial,,Batch with same product after syntax-map confirmation.,needs-directive-rewrite|needs-anchor-normalization,not_started,not_started,,,,
docs/rtc/basic-features/token-authentication.unity.mdx,content/docs/zh-CN/realtime-media/rtc/basic-features/token-authentication.unity.mdx,migrate_page_after_syntax_and_ia_review,needs_review,medium,partial,,Batch with same product after syntax-map confirmation.,needs-directive-rewrite|needs-anchor-normalization,not_started,not_started,,,,
docs/rtc/basic-features/token-authentication.windows.unreal-cpp.unreal-blueprint.mdx,content/docs/zh-CN/realtime-media/rtc/basic-features/token-authentication.windows.unreal-cpp.unreal-blueprint.mdx,migrate_page_after_syntax_and_ia_review,needs_review,high,no,,Review legacy JSX/shared/platform/API patterns before batching.,needs-directive-rewrite|needs-include-standardization|needs-platform-expansion|needs-image-standard|needs-anchor-normalization,not_started,not_started,,,,
docs/rtc/basic-features/tree-shaking.javascript.mdx,content/docs/zh-CN/realtime-media/rtc/basic-features/tree-shaking.javascript.mdx,migrate_page_after_syntax_and_ia_review,needs_review,medium,partial,,Batch with same product after syntax-map confirmation.,needs-directive-rewrite,not_started,not_started,,,,
docs/rtc/basic-features/video-profile.android.mdx,content/docs/zh-CN/realtime-media/rtc/basic-features/video-profile.android.mdx,migrate_page_after_syntax_and_ia_review,needs_review,high,no,,Review legacy JSX/shared/platform/API patterns before batching.,needs-directive-rewrite|needs-include-standardization|needs-table-normalization|needs-image-standard|needs-landing-page-normalization,not_started,not_started,,,,
docs/rtc/basic-features/video-profile.electron.rn.mdx,content/docs/zh-CN/realtime-media/rtc/basic-features/video-profile.electron.rn.mdx,migrate_page_after_syntax_and_ia_review,needs_review,medium,partial,,Batch with same product after syntax-map confirmation.,needs-directive-rewrite|needs-include-standardization|needs-table-normalization,not_started,not_started,,,,
docs/rtc/basic-features/video-profile.flutter.mdx,content/docs/zh-CN/realtime-media/rtc/basic-features/video-profile.flutter.mdx,migrate_page_after_syntax_and_ia_review,needs_review,medium,partial,,Batch with same product after syntax-map confirmation.,needs-directive-rewrite|needs-include-standardization|needs-table-normalization,not_started,not_started,,,,
docs/rtc/basic-features/video-profile.harmonyos.mdx,content/docs/zh-CN/realtime-media/rtc/basic-features/video-profile.harmonyos.mdx,migrate_page_after_syntax_and_ia_review,needs_review,high,no,,Review legacy JSX/shared/platform/API patterns before batching.,needs-directive-rewrite|needs-include-standardization|needs-table-normalization|needs-image-standard|needs-landing-page-normalization,not_started,not_started,,,,
docs/rtc/basic-features/video-profile.ios.macos.mdx,content/docs/zh-CN/realtime-media/rtc/basic-features/video-profile.ios.macos.mdx,migrate_page_after_syntax_and_ia_review,needs_review,high,no,,Review legacy JSX/shared/platform/API patterns before batching.,needs-directive-rewrite|needs-include-standardization|needs-platform-expansion|needs-table-normalization|needs-image-standard|needs-landing-page-normalization,not_started,not_started,,,,
docs/rtc/basic-features/video-profile.javascript.mdx,content/docs/zh-CN/realtime-media/rtc/basic-features/video-profile.javascript.mdx,migrate_page_after_syntax_and_ia_review,needs_review,medium,partial,,Batch with same product after syntax-map confirmation.,needs-directive-rewrite|needs-anchor-normalization,not_started,not_started,,,,
docs/rtc/basic-features/video-profile.unity.mdx,content/docs/zh-CN/realtime-media/rtc/basic-features/video-profile.unity.mdx,migrate_page_after_syntax_and_ia_review,needs_review,high,no,,Review legacy JSX/shared/platform/API patterns before batching.,needs-directive-rewrite|needs-include-standardization|needs-table-normalization|needs-anchor-normalization|needs-landing-page-normalization,not_started,not_started,,,,
docs/rtc/basic-features/video-profile.unreal-blueprint.mdx,content/docs/zh-CN/realtime-media/rtc/basic-features/video-profile.unreal-blueprint.mdx,migrate_page_after_syntax_and_ia_review,needs_review,high,no,,Review legacy JSX/shared/platform/API patterns before batching.,needs-directive-rewrite|needs-include-standardization|needs-table-normalization|needs-image-standard|needs-landing-page-normalization,not_started,not_started,,,,
docs/rtc/basic-features/video-profile.windows.unreal-cpp.mdx,content/docs/zh-CN/realtime-media/rtc/basic-features/video-profile.windows.unreal-cpp.mdx,migrate_page_after_syntax_and_ia_review,needs_review,high,no,,Review legacy JSX/shared/platform/API patterns before batching.,needs-directive-rewrite|needs-include-standardization|needs-platform-expansion|needs-table-normalization|needs-landing-page-normalization,not_started,not_started,,,,
docs/rtc/basic-features/volume.android.mdx,content/docs/zh-CN/realtime-media/rtc/basic-features/volume.android.mdx,migrate_page_after_syntax_and_ia_review,needs_review,high,no,,Review legacy JSX/shared/platform/API patterns before batching.,needs-directive-rewrite|needs-image-standard|needs-landing-page-normalization,not_started,not_started,,,,
docs/rtc/basic-features/volume.electron.mdx,content/docs/zh-CN/realtime-media/rtc/basic-features/volume.electron.mdx,migrate_page_after_syntax_and_ia_review,needs_review,high,no,,Review legacy JSX/shared/platform/API patterns before batching.,needs-directive-rewrite|needs-image-standard|needs-landing-page-normalization,not_started,not_started,,,,
docs/rtc/basic-features/volume.flutter.mdx,content/docs/zh-CN/realtime-media/rtc/basic-features/volume.flutter.mdx,migrate_page_after_syntax_and_ia_review,needs_review,high,no,,Review legacy JSX/shared/platform/API patterns before batching.,needs-directive-rewrite|needs-image-standard|needs-landing-page-normalization,not_started,not_started,,,,
docs/rtc/basic-features/volume.harmonyos.mdx,content/docs/zh-CN/realtime-media/rtc/basic-features/volume.harmonyos.mdx,migrate_page_after_syntax_and_ia_review,needs_review,high,no,,Review legacy JSX/shared/platform/API patterns before batching.,needs-directive-rewrite|needs-image-standard|needs-landing-page-normalization,not_started,not_started,,,,
docs/rtc/basic-features/volume.ios.mdx,content/docs/zh-CN/realtime-media/rtc/basic-features/volume.ios.mdx,migrate_page_after_syntax_and_ia_review,needs_review,high,no,,Review legacy JSX/shared/platform/API patterns before batching.,needs-directive-rewrite|needs-image-standard|needs-landing-page-normalization,not_started,not_started,,,,
docs/rtc/basic-features/volume.javascript.mdx,content/docs/zh-CN/realtime-media/rtc/basic-features/volume.javascript.mdx,migrate_page_after_syntax_and_ia_review,needs_review,low,yes,,Batch with same product after syntax-map confirmation.,ready-native,not_started,not_started,,,,
docs/rtc/basic-features/volume.macos.mdx,content/docs/zh-CN/realtime-media/rtc/basic-features/volume.macos.mdx,migrate_page_after_syntax_and_ia_review,needs_review,high,no,,Review legacy JSX/shared/platform/API patterns before batching.,needs-directive-rewrite|needs-image-standard|needs-landing-page-normalization,not_started,not_started,,,,
docs/rtc/basic-features/volume.rn.mdx,content/docs/zh-CN/realtime-media/rtc/basic-features/volume.rn.mdx,migrate_page_after_syntax_and_ia_review,needs_review,high,no,,Review legacy JSX/shared/platform/API patterns before batching.,needs-directive-rewrite|needs-image-standard|needs-landing-page-normalization,not_started,not_started,,,,
docs/rtc/basic-features/volume.unity.mdx,content/docs/zh-CN/realtime-media/rtc/basic-features/volume.unity.mdx,migrate_page_after_syntax_and_ia_review,needs_review,high,no,,Review legacy JSX/shared/platform/API patterns before batching.,needs-directive-rewrite|needs-image-standard|needs-landing-page-normalization,not_started,not_started,,,,
docs/rtc/basic-features/volume.unreal-blueprint.mdx,content/docs/zh-CN/realtime-media/rtc/basic-features/volume.unreal-blueprint.mdx,migrate_page_after_syntax_and_ia_review,needs_review,high,no,,Review legacy JSX/shared/platform/API patterns before batching.,needs-directive-rewrite|needs-image-standard|needs-landing-page-normalization,not_started,not_started,,,,
docs/rtc/basic-features/volume.windows.unreal-cpp.mdx,content/docs/zh-CN/realtime-media/rtc/basic-features/volume.windows.unreal-cpp.mdx,migrate_page_after_syntax_and_ia_review,needs_review,high,no,,Review legacy JSX/shared/platform/API patterns before batching.,needs-directive-rewrite|needs-platform-expansion|needs-image-standard|needs-landing-page-normalization,not_started,not_started,,,,
docs/rtc/best-practice/after-migrate.android.ios.macos.windows.electron.rn.flutter.unity.mdx,content/docs/zh-CN/realtime-media/rtc/best-practice/after-migrate.android.ios.macos.windows.electron.rn.flutter.unity.mdx,migrate_page_after_syntax_and_ia_review,needs_review,high,no,,Review legacy JSX/shared/platform/API patterns before batching.,needs-directive-rewrite|needs-platform-expansion|needs-table-normalization,not_started,not_started,,,,
docs/rtc/best-practice/alpha-effect.android.ios.macos.windows.mdx,content/docs/zh-CN/realtime-media/rtc/best-practice/alpha-effect.android.ios.macos.windows.mdx,migrate_page_after_syntax_and_ia_review,needs_review,medium,partial,,Batch with same product after syntax-map confirmation.,needs-directive-rewrite|needs-include-standardization|needs-image-standard,not_started,not_started,,,,
docs/rtc/best-practice/alpha-effect.rn.mdx,content/docs/zh-CN/realtime-media/rtc/best-practice/alpha-effect.rn.mdx,migrate_page_after_syntax_and_ia_review,needs_review,medium,partial,,Batch with same product after syntax-map confirmation.,needs-directive-rewrite|needs-include-standardization|needs-image-standard,not_started,not_started,,,,
docs/rtc/best-practice/alpha-effect.unity.mdx,content/docs/zh-CN/realtime-media/rtc/best-practice/alpha-effect.unity.mdx,migrate_page_after_syntax_and_ia_review,needs_review,medium,partial,,Batch with same product after syntax-map confirmation.,needs-directive-rewrite|needs-image-standard,not_started,not_started,,,,
docs/rtc/best-practice/autoplay.javascript.mdx,content/docs/zh-CN/realtime-media/rtc/best-practice/autoplay.javascript.mdx,migrate_page_after_syntax_and_ia_review,needs_review,medium,partial,,Batch with same product after syntax-map confirmation.,needs-directive-rewrite,not_started,not_started,,,,
docs/rtc/best-practice/custom-layout.android.ios.rn.flutter.unity.mdx,content/docs/zh-CN/realtime-media/rtc/best-practice/custom-layout.android.ios.rn.flutter.unity.mdx,migrate_page_after_syntax_and_ia_review,needs_review,high,no,,Review legacy JSX/shared/platform/API patterns before batching.,needs-directive-rewrite|needs-platform-expansion|needs-image-standard,not_started,not_started,,,,
docs/rtc/best-practice/first-frame-rendering.windows.ios.macos.android.mdx,content/docs/zh-CN/realtime-media/rtc/best-practice/first-frame-rendering.windows.ios.macos.android.mdx,migrate_page_after_syntax_and_ia_review,needs_review,medium,partial,,Batch with same product after syntax-map confirmation.,needs-directive-rewrite|needs-image-standard,not_started,not_started,,,,
docs/rtc/best-practice/multi-user-video.javascript.mdx,content/docs/zh-CN/realtime-media/rtc/best-practice/multi-user-video.javascript.mdx,migrate_page_after_syntax_and_ia_review,needs_review,high,no,,Review legacy JSX/shared/platform/API patterns before batching.,needs-directive-rewrite|needs-landing-page-normalization,not_started,not_started,,,,
docs/rtc/best-practice/online-user-status.restful.mdx,content/docs/zh-CN/realtime-media/rtc/best-practice/online-user-status.restful.mdx,migrate_page_after_syntax_and_ia_review,needs_review,low,yes,,Batch with same product after syntax-map confirmation.,ready-native,not_started,not_started,,,,
docs/rtc/best-practice/optimal-audio-quality.android.ios.macos.windows.electron.rn.flutter.unity.mdx,content/docs/zh-CN/realtime-media/rtc/best-practice/optimal-audio-quality.android.ios.macos.windows.electron.rn.flutter.unity.mdx,migrate_page_after_syntax_and_ia_review,needs_review,medium,partial,,Batch with same product after syntax-map confirmation.,needs-directive-rewrite,not_started,not_started,,,,
docs/rtc/best-practice/optimal-audio-quality.javascript.mdx,content/docs/zh-CN/realtime-media/rtc/best-practice/optimal-audio-quality.javascript.mdx,migrate_page_after_syntax_and_ia_review,needs_review,medium,partial,,Batch with same product after syntax-map confirmation.,needs-directive-rewrite,not_started,not_started,,,,
docs/rtc/best-practice/playing-url.mdx,content/docs/zh-CN/realtime-media/rtc/best-practice/playing-url.mdx,migrate_page_after_syntax_and_ia_review,needs_review,high,no,,Review legacy JSX/shared/platform/API patterns before batching.,needs-directive-rewrite|needs-image-standard|needs-anchor-normalization|needs-landing-page-normalization,not_started,not_started,,,,
docs/rtc/best-practice/preload.javascript.mdx,content/docs/zh-CN/realtime-media/rtc/best-practice/preload.javascript.mdx,migrate_page_after_syntax_and_ia_review,needs_review,medium,partial,,Batch with same product after syntax-map confirmation.,needs-directive-rewrite|needs-table-normalization|needs-image-standard,not_started,not_started,,,,
docs/rtc/best-practice/prevent-stream-bombing.android.ios.macos.windows.electron.rn.flutter.unity.harmonyos.mdx,content/docs/zh-CN/realtime-media/rtc/best-practice/prevent-stream-bombing.android.ios.macos.windows.electron.rn.flutter.unity.harmonyos.mdx,migrate_page_after_syntax_and_ia_review,needs_review,medium,partial,,Batch with same product after syntax-map confirmation.,needs-directive-rewrite,not_started,not_started,,,,
docs/rtc/best-practice/reduce-app-size.android.ios.macos.windows.electron.mdx,content/docs/zh-CN/realtime-media/rtc/best-practice/reduce-app-size.android.ios.macos.windows.electron.mdx,migrate_page_after_syntax_and_ia_review,needs_review,high,no,,Review legacy JSX/shared/platform/API patterns before batching.,needs-directive-rewrite|needs-include-standardization|needs-platform-expansion|needs-table-normalization,not_started,not_started,,,,
docs/rtc/best-practice/reduce-app-size.rn.flutter.mdx,content/docs/zh-CN/realtime-media/rtc/best-practice/reduce-app-size.rn.flutter.mdx,migrate_page_after_syntax_and_ia_review,needs_review,high,no,,Review legacy JSX/shared/platform/API patterns before batching.,needs-directive-rewrite|needs-include-standardization|needs-platform-expansion|needs-image-standard,not_started,not_started,,,,
docs/rtc/best-practice/reduce-app-size.unity.mdx,content/docs/zh-CN/realtime-media/rtc/best-practice/reduce-app-size.unity.mdx,migrate_page_after_syntax_and_ia_review,needs_review,high,no,,Review legacy JSX/shared/platform/API patterns before batching.,needs-directive-rewrite|needs-include-standardization|needs-platform-expansion|needs-image-standard,not_started,not_started,,,,
docs/rtc/best-practice/rest-availability.restful.mdx,content/docs/zh-CN/realtime-media/rtc/best-practice/rest-availability.restful.mdx,migrate_page_after_syntax_and_ia_review,needs_review,medium,partial,,Batch with same product after syntax-map confirmation.,needs-directive-rewrite,not_started,not_started,,,,
docs/rtc/best-practice/user-privilege.restful.mdx,content/docs/zh-CN/realtime-media/rtc/best-practice/user-privilege.restful.mdx,migrate_page_after_syntax_and_ia_review,needs_review,medium,partial,,Batch with same product after syntax-map confirmation.,needs-directive-rewrite|needs-anchor-normalization,not_started,not_started,,,,
docs/rtc/best-practice/wildcard-token.android.ios.macos.windows.electron.rn.flutter.unity.unreal-cpp.unreal-blueprint.harmonyos.mdx,content/docs/zh-CN/realtime-media/rtc/best-practice/wildcard-token.android.ios.macos.windows.electron.rn.flutter.unity.unreal-cpp.unreal-blueprint.harmonyos.mdx,migrate_page_after_syntax_and_ia_review,needs_review,high,no,,Review legacy JSX/shared/platform/API patterns before batching.,needs-directive-rewrite|needs-platform-expansion,not_started,not_started,,,,
docs/rtc/best-practice/wildcard-token.javascript.mdx,content/docs/zh-CN/realtime-media/rtc/best-practice/wildcard-token.javascript.mdx,migrate_page_after_syntax_and_ia_review,needs_review,high,no,,Review legacy JSX/shared/platform/API patterns before batching.,needs-directive-rewrite|needs-platform-expansion,not_started,not_started,,,,
docs/rtc/billing/billing-faq.mdx,content/docs/zh-CN/realtime-media/rtc/billing/billing-faq.mdx,migrate_page_after_syntax_and_ia_review,needs_review,medium,partial,,Batch with same product after syntax-map confirmation.,needs-directive-rewrite|needs-anchor-normalization,not_started,not_started,,,,
docs/rtc/billing/billing-strategy.mdx,content/docs/zh-CN/realtime-media/rtc/billing/billing-strategy.mdx,migrate_page_after_syntax_and_ia_review,needs_review,high,no,,Review legacy JSX/shared/platform/API patterns before batching.,needs-directive-rewrite|needs-include-standardization|needs-platform-expansion|needs-table-normalization|needs-image-standard,not_started,not_started,,,,
docs/rtc/billing/old/billing-faq-old.mdx,content/docs/zh-CN/realtime-media/rtc/billing/old/billing-faq-old.mdx,migrate_page_after_syntax_and_ia_review,needs_review,medium,partial,,Batch with same product after syntax-map confirmation.,needs-directive-rewrite|needs-image-standard|needs-anchor-normalization,not_started,not_started,,,,
docs/rtc/billing/old/billing-samples-old.mdx,content/docs/zh-CN/realtime-media/rtc/billing/old/billing-samples-old.mdx,migrate_page_after_syntax_and_ia_review,needs_review,medium,partial,,Batch with same product after syntax-map confirmation.,needs-directive-rewrite|needs-table-normalization|needs-image-standard,not_started,not_started,,,,
docs/rtc/billing/old/billing-strategy-old.mdx,content/docs/zh-CN/realtime-media/rtc/billing/old/billing-strategy-old.mdx,migrate_page_after_syntax_and_ia_review,needs_review,high,no,,Review legacy JSX/shared/platform/API patterns before batching.,needs-directive-rewrite|needs-include-standardization|needs-platform-expansion|needs-table-normalization|needs-image-standard,not_started,not_started,,,,
docs/rtc/billing/old/payment-old.mdx,content/docs/zh-CN/realtime-media/rtc/billing/old/payment-old.mdx,migrate_page_after_syntax_and_ia_review,needs_review,medium,partial,,Batch with same product after syntax-map confirmation.,needs-directive-rewrite|needs-table-normalization,not_started,not_started,,,,
docs/rtc/billing/payment.mdx,content/docs/zh-CN/realtime-media/rtc/billing/payment.mdx,migrate_page_after_syntax_and_ia_review,needs_review,medium,partial,,Batch with same product after syntax-map confirmation.,needs-directive-rewrite,not_started,not_started,,,,
docs/rtc/error-code.javascript.mdx,content/docs/zh-CN/realtime-media/rtc/error-code.javascript.mdx,migrate_page_after_syntax_and_ia_review,needs_review,medium,partial,,Batch with same product after syntax-map confirmation.,needs-directive-rewrite|needs-table-normalization,not_started,not_started,,,,
docs/rtc/error-code.mdx,content/docs/zh-CN/realtime-media/rtc/error-code.mdx,migrate_page_after_syntax_and_ia_review,needs_review,high,no,,Review legacy JSX/shared/platform/API patterns before batching.,needs-directive-rewrite|needs-include-standardization|needs-platform-expansion,not_started,not_started,,,,
docs/rtc/error-code.mini-program.mdx,content/docs/zh-CN/realtime-media/rtc/error-code.mini-program.mdx,migrate_page_after_syntax_and_ia_review,needs_review,medium,partial,,Batch with same product after syntax-map confirmation.,needs-directive-rewrite|needs-table-normalization,not_started,not_started,,,,
docs/rtc/experimental-features/high-quality-video.javascript.mdx,content/docs/zh-CN/realtime-media/rtc/experimental-features/high-quality-video.javascript.mdx,migrate_page_after_syntax_and_ia_review,needs_review,medium,partial,,Batch with same product after syntax-map confirmation.,needs-directive-rewrite|needs-table-normalization,not_started,not_started,,,,
docs/rtc/get-started/_postman.mdx,content/docs/zh-CN/realtime-media/rtc/get-started/_postman.mdx,migrate_page_after_syntax_and_ia_review,needs_review,low,yes,,Batch with same product after syntax-map confirmation.,ready-native,not_started,not_started,,,,
docs/rtc/get-started/call-api.restful.mdx,content/docs/zh-CN/realtime-media/rtc/get-started/call-api.restful.mdx,migrate_page_after_syntax_and_ia_review,needs_review,low,yes,,Batch with same product after syntax-map confirmation.,ready-native,not_started,not_started,,,,
docs/rtc/get-started/enable-service.mdx,content/docs/zh-CN/realtime-media/rtc/get-started/enable-service.mdx,migrate_page_after_syntax_and_ia_review,needs_review,high,no,,Review legacy JSX/shared/platform/API patterns before batching.,needs-directive-rewrite|needs-include-standardization|needs-platform-expansion|needs-image-standard|needs-anchor-normalization,not_started,not_started,,,,
docs/rtc/get-started/enable-service.restful.mdx,content/docs/zh-CN/realtime-media/rtc/get-started/enable-service.restful.mdx,migrate_page_after_syntax_and_ia_review,needs_review,medium,partial,,Batch with same product after syntax-map confirmation.,needs-directive-rewrite|needs-include-standardization,not_started,not_started,,,,
docs/rtc/get-started/quick-start-expo.rn.mdx,content/docs/zh-CN/realtime-media/rtc/get-started/quick-start-expo.rn.mdx,migrate_page_after_syntax_and_ia_review,needs_review,high,no,,Review legacy JSX/shared/platform/API patterns before batching.,needs-directive-rewrite|needs-include-standardization|needs-platform-expansion|needs-image-standard|needs-landing-page-normalization,not_started,not_started,,,,
docs/rtc/get-started/quick-start.android.mdx,content/docs/zh-CN/realtime-media/rtc/get-started/quick-start.android.mdx,migrate_page_after_syntax_and_ia_review,needs_review,high,no,,Review legacy JSX/shared/platform/API patterns before batching.,needs-directive-rewrite|needs-include-standardization|needs-platform-expansion|needs-image-standard|needs-landing-page-normalization,not_started,not_started,,,,
docs/rtc/get-started/quick-start.electron.mdx,content/docs/zh-CN/realtime-media/rtc/get-started/quick-start.electron.mdx,migrate_page_after_syntax_and_ia_review,needs_review,high,no,,Review legacy JSX/shared/platform/API patterns before batching.,needs-directive-rewrite|needs-include-standardization|needs-platform-expansion|needs-image-standard|needs-landing-page-normalization,not_started,not_started,,,,
docs/rtc/get-started/quick-start.flutter.mdx,content/docs/zh-CN/realtime-media/rtc/get-started/quick-start.flutter.mdx,migrate_page_after_syntax_and_ia_review,needs_review,high,no,,Review legacy JSX/shared/platform/API patterns before batching.,needs-directive-rewrite|needs-include-standardization|needs-platform-expansion|needs-image-standard|needs-landing-page-normalization,not_started,not_started,,,,
docs/rtc/get-started/quick-start.harmonyos.mdx,content/docs/zh-CN/realtime-media/rtc/get-started/quick-start.harmonyos.mdx,migrate_page_after_syntax_and_ia_review,needs_review,high,no,,Review legacy JSX/shared/platform/API patterns before batching.,needs-directive-rewrite|needs-include-standardization|needs-platform-expansion|needs-image-standard|needs-landing-page-normalization,not_started,not_started,,,,
docs/rtc/get-started/quick-start.ios.mdx,content/docs/zh-CN/realtime-media/rtc/get-started/quick-start.ios.mdx,migrate_page_after_syntax_and_ia_review,needs_review,high,no,,Review legacy JSX/shared/platform/API patterns before batching.,needs-directive-rewrite|needs-include-standardization|needs-platform-expansion|needs-image-standard|needs-landing-page-normalization,not_started,not_started,,,,
docs/rtc/get-started/quick-start.javascript.mdx,content/docs/zh-CN/realtime-media/rtc/get-started/quick-start.javascript.mdx,migrate_page_after_syntax_and_ia_review,needs_review,high,no,,Review legacy JSX/shared/platform/API patterns before batching.,needs-directive-rewrite|needs-include-standardization|needs-image-standard|needs-landing-page-normalization,not_started,not_started,,,,
docs/rtc/get-started/quick-start.macos.mdx,content/docs/zh-CN/realtime-media/rtc/get-started/quick-start.macos.mdx,migrate_page_after_syntax_and_ia_review,needs_review,high,no,,Review legacy JSX/shared/platform/API patterns before batching.,needs-directive-rewrite|needs-include-standardization|needs-platform-expansion|needs-image-standard|needs-landing-page-normalization,not_started,not_started,,,,
docs/rtc/get-started/quick-start.mini-program.mdx,content/docs/zh-CN/realtime-media/rtc/get-started/quick-start.mini-program.mdx,migrate_page_after_syntax_and_ia_review,needs_review,high,no,,Review legacy JSX/shared/platform/API patterns before batching.,needs-directive-rewrite|needs-image-standard|needs-anchor-normalization|needs-landing-page-normalization,not_started,not_started,,,,
docs/rtc/get-started/quick-start.react.mdx,content/docs/zh-CN/realtime-media/rtc/get-started/quick-start.react.mdx,migrate_page_after_syntax_and_ia_review,needs_review,high,no,,Review legacy JSX/shared/platform/API patterns before batching.,needs-directive-rewrite|needs-image-standard|needs-landing-page-normalization,not_started,not_started,,,,
docs/rtc/get-started/quick-start.rn.mdx,content/docs/zh-CN/realtime-media/rtc/get-started/quick-start.rn.mdx,migrate_page_after_syntax_and_ia_review,needs_review,high,no,,Review legacy JSX/shared/platform/API patterns before batching.,needs-directive-rewrite|needs-include-standardization|needs-platform-expansion|needs-image-standard|needs-landing-page-normalization,not_started,not_started,,,,
docs/rtc/get-started/quick-start.unity.mdx,content/docs/zh-CN/realtime-media/rtc/get-started/quick-start.unity.mdx,migrate_page_after_syntax_and_ia_review,needs_review,high,no,,Review legacy JSX/shared/platform/API patterns before batching.,needs-directive-rewrite|needs-include-standardization|needs-platform-expansion|needs-table-normalization|needs-image-standard|needs-anchor-normalization|needs-landing-page-normalization,not_started,not_started,,,,
docs/rtc/get-started/quick-start.unreal-blueprint.mdx,content/docs/zh-CN/realtime-media/rtc/get-started/quick-start.unreal-blueprint.mdx,migrate_page_after_syntax_and_ia_review,needs_review,high,no,,Review legacy JSX/shared/platform/API patterns before batching.,needs-directive-rewrite|needs-include-standardization|needs-platform-expansion|needs-table-normalization|needs-image-standard|needs-anchor-normalization|needs-landing-page-normalization,not_started,not_started,,,,
docs/rtc/get-started/quick-start.unreal-cpp.mdx,content/docs/zh-CN/realtime-media/rtc/get-started/quick-start.unreal-cpp.mdx,migrate_page_after_syntax_and_ia_review,needs_review,high,no,,Review legacy JSX/shared/platform/API patterns before batching.,needs-directive-rewrite|needs-include-standardization|needs-platform-expansion|needs-image-standard|needs-anchor-normalization|needs-landing-page-normalization,not_started,not_started,,,,
docs/rtc/get-started/quick-start.windows.mdx,content/docs/zh-CN/realtime-media/rtc/get-started/quick-start.windows.mdx,migrate_page_after_syntax_and_ia_review,needs_review,high,no,,Review legacy JSX/shared/platform/API patterns before batching.,needs-directive-rewrite|needs-include-standardization|needs-platform-expansion|needs-image-standard|needs-anchor-normalization|needs-landing-page-normalization,not_started,not_started,,,,
docs/rtc/get-started/run-demo.android.mdx,content/docs/zh-CN/realtime-media/rtc/get-started/run-demo.android.mdx,migrate_page_after_syntax_and_ia_review,needs_review,high,no,,Review legacy JSX/shared/platform/API patterns before batching.,needs-directive-rewrite|needs-image-standard|needs-landing-page-normalization,not_started,not_started,,,,
docs/rtc/get-started/run-demo.electron.mdx,content/docs/zh-CN/realtime-media/rtc/get-started/run-demo.electron.mdx,migrate_page_after_syntax_and_ia_review,needs_review,high,no,,Review legacy JSX/shared/platform/API patterns before batching.,needs-directive-rewrite|needs-image-standard|needs-landing-page-normalization,not_started,not_started,,,,
docs/rtc/get-started/run-demo.flutter.mdx,content/docs/zh-CN/realtime-media/rtc/get-started/run-demo.flutter.mdx,migrate_page_after_syntax_and_ia_review,needs_review,high,no,,Review legacy JSX/shared/platform/API patterns before batching.,needs-directive-rewrite|needs-image-standard|needs-landing-page-normalization,not_started,not_started,,,,
docs/rtc/get-started/run-demo.harmonyos.mdx,content/docs/zh-CN/realtime-media/rtc/get-started/run-demo.harmonyos.mdx,migrate_page_after_syntax_and_ia_review,needs_review,high,no,,Review legacy JSX/shared/platform/API patterns before batching.,needs-directive-rewrite|needs-image-standard|needs-landing-page-normalization,not_started,not_started,,,,
docs/rtc/get-started/run-demo.ios.mdx,content/docs/zh-CN/realtime-media/rtc/get-started/run-demo.ios.mdx,migrate_page_after_syntax_and_ia_review,needs_review,high,no,,Review legacy JSX/shared/platform/API patterns before batching.,needs-directive-rewrite|needs-include-standardization|needs-platform-expansion|needs-image-standard|needs-landing-page-normalization,not_started,not_started,,,,
docs/rtc/get-started/run-demo.javascript.mdx,content/docs/zh-CN/realtime-media/rtc/get-started/run-demo.javascript.mdx,migrate_page_after_syntax_and_ia_review,needs_review,high,no,,Review legacy JSX/shared/platform/API patterns before batching.,needs-directive-rewrite|needs-table-normalization|needs-image-standard|needs-landing-page-normalization,not_started,not_started,,,,
docs/rtc/get-started/run-demo.macos.mdx,content/docs/zh-CN/realtime-media/rtc/get-started/run-demo.macos.mdx,migrate_page_after_syntax_and_ia_review,needs_review,high,no,,Review legacy JSX/shared/platform/API patterns before batching.,needs-directive-rewrite|needs-include-standardization|needs-platform-expansion|needs-image-standard|needs-landing-page-normalization,not_started,not_started,,,,
docs/rtc/get-started/run-demo.mini-program.mdx,content/docs/zh-CN/realtime-media/rtc/get-started/run-demo.mini-program.mdx,migrate_page_after_syntax_and_ia_review,needs_review,high,no,,Review legacy JSX/shared/platform/API patterns before batching.,needs-directive-rewrite|needs-image-standard|needs-anchor-normalization|needs-landing-page-normalization,not_started,not_started,,,,
docs/rtc/get-started/run-demo.rn.mdx,content/docs/zh-CN/realtime-media/rtc/get-started/run-demo.rn.mdx,migrate_page_after_syntax_and_ia_review,needs_review,high,no,,Review legacy JSX/shared/platform/API patterns before batching.,needs-directive-rewrite|needs-image-standard|needs-landing-page-normalization,not_started,not_started,,,,
docs/rtc/get-started/run-demo.unity.mdx,content/docs/zh-CN/realtime-media/rtc/get-started/run-demo.unity.mdx,migrate_page_after_syntax_and_ia_review,needs_review,high,no,,Review legacy JSX/shared/platform/API patterns before batching.,needs-directive-rewrite|needs-image-standard|needs-landing-page-normalization,not_started,not_started,,,,
docs/rtc/get-started/run-demo.unreal-blueprint.mdx,content/docs/zh-CN/realtime-media/rtc/get-started/run-demo.unreal-blueprint.mdx,migrate_page_after_syntax_and_ia_review,needs_review,high,no,,Review legacy JSX/shared/platform/API patterns before batching.,needs-directive-rewrite|needs-include-standardization|needs-platform-expansion|needs-image-standard,not_started,not_started,,,,
docs/rtc/get-started/run-demo.unreal-cpp.mdx,content/docs/zh-CN/realtime-media/rtc/get-started/run-demo.unreal-cpp.mdx,migrate_page_after_syntax_and_ia_review,needs_review,high,no,,Review legacy JSX/shared/platform/API patterns before batching.,needs-directive-rewrite|needs-include-standardization|needs-platform-expansion|needs-image-standard,not_started,not_started,,,,
docs/rtc/get-started/run-demo.windows.mdx,content/docs/zh-CN/realtime-media/rtc/get-started/run-demo.windows.mdx,migrate_page_after_syntax_and_ia_review,needs_review,high,no,,Review legacy JSX/shared/platform/API patterns before batching.,needs-directive-rewrite|needs-image-standard|needs-landing-page-normalization,not_started,not_started,,,,
docs/rtc/landing-page.harmonyos.mdx,content/docs/zh-CN/realtime-media/rtc/landing-page.harmonyos.mdx,migrate_page_after_syntax_and_ia_review,needs_review,high,no,,Review legacy JSX/shared/platform/API patterns before batching.,needs-directive-rewrite|needs-landing-page-normalization,not_started,not_started,,,,
docs/rtc/landing-page.javascript.mdx,content/docs/zh-CN/realtime-media/rtc/landing-page.javascript.mdx,migrate_page_after_syntax_and_ia_review,needs_review,high,no,,Review legacy JSX/shared/platform/API patterns before batching.,needs-directive-rewrite|needs-landing-page-normalization,not_started,not_started,,,,
docs/rtc/landing-page.mdx,content/docs/zh-CN/realtime-media/rtc/landing-page.mdx,migrate_page_after_syntax_and_ia_review,needs_review,high,no,,Review legacy JSX/shared/platform/API patterns before batching.,needs-directive-rewrite|needs-platform-expansion|needs-landing-page-normalization,not_started,not_started,,,,
docs/rtc/landing-page.mini-program.mdx,content/docs/zh-CN/realtime-media/rtc/landing-page.mini-program.mdx,migrate_page_after_syntax_and_ia_review,needs_review,high,no,,Review legacy JSX/shared/platform/API patterns before batching.,needs-directive-rewrite|needs-landing-page-normalization,not_started,not_started,,,,
docs/rtc/landing-page.react.mdx,content/docs/zh-CN/realtime-media/rtc/landing-page.react.mdx,migrate_page_after_syntax_and_ia_review,needs_review,high,no,,Review legacy JSX/shared/platform/API patterns before batching.,needs-directive-rewrite|needs-landing-page-normalization,not_started,not_started,,,,
docs/rtc/landing-page.restful.mdx,content/docs/zh-CN/realtime-media/rtc/landing-page.restful.mdx,migrate_page_after_syntax_and_ia_review,needs_review,high,no,,Review legacy JSX/shared/platform/API patterns before batching.,needs-directive-rewrite|needs-landing-page-normalization,not_started,not_started,,,,
docs/rtc/mcp-integrate.mdx,content/docs/zh-CN/realtime-media/rtc/mcp-integrate.mdx,migrate_page_after_syntax_and_ia_review,needs_review,medium,partial,,Batch with same product after syntax-map confirmation.,needs-directive-rewrite|needs-include-standardization,not_started,not_started,,,,
docs/rtc/overview/_release-notes-extension.javascript-en.mdx,content/docs/zh-CN/realtime-media/rtc/overview/_release-notes-extension.javascript-en.mdx,migrate_page_after_syntax_and_ia_review,needs_review,medium,partial,,Batch with same product after syntax-map confirmation.,needs-anchor-normalization,not_started,not_started,,,,
docs/rtc/overview/_release-notes.android-en.mdx,content/docs/zh-CN/realtime-media/rtc/overview/_release-notes.android-en.mdx,migrate_page_after_syntax_and_ia_review,needs_review,medium,partial,,Batch with same product after syntax-map confirmation.,needs-directive-rewrite,not_started,not_started,,,,
docs/rtc/overview/_release-notes.ios-en.mdx,content/docs/zh-CN/realtime-media/rtc/overview/_release-notes.ios-en.mdx,migrate_page_after_syntax_and_ia_review,needs_review,medium,partial,,Batch with same product after syntax-map confirmation.,needs-directive-rewrite|needs-table-normalization,not_started,not_started,,,,
docs/rtc/overview/_release-notes.javascript-en.mdx,content/docs/zh-CN/realtime-media/rtc/overview/_release-notes.javascript-en.mdx,migrate_page_after_syntax_and_ia_review,needs_review,medium,partial,,Batch with same product after syntax-map confirmation.,needs-directive-rewrite,not_started,not_started,,,,
docs/rtc/overview/_release-notes.macos-en.mdx,content/docs/zh-CN/realtime-media/rtc/overview/_release-notes.macos-en.mdx,migrate_page_after_syntax_and_ia_review,needs_review,low,yes,,Batch with same product after syntax-map confirmation.,ready-native,not_started,not_started,,,,
docs/rtc/overview/_release-notes.windows-en.mdx,content/docs/zh-CN/realtime-media/rtc/overview/_release-notes.windows-en.mdx,migrate_page_after_syntax_and_ia_review,needs_review,low,yes,,Batch with same product after syntax-map confirmation.,ready-native,not_started,not_started,,,,
docs/rtc/overview/billing.mini-program.mdx,content/docs/zh-CN/realtime-media/rtc/overview/billing.mini-program.mdx,migrate_page_after_syntax_and_ia_review,needs_review,low,yes,,Batch with same product after syntax-map confirmation.,ready-native,not_started,not_started,,,,
docs/rtc/overview/browser-compatibility.react.javascript.mdx,content/docs/zh-CN/realtime-media/rtc/overview/browser-compatibility.react.javascript.mdx,migrate_page_after_syntax_and_ia_review,needs_review,medium,partial,,Batch with same product after syntax-map confirmation.,needs-directive-rewrite|needs-anchor-normalization,not_started,not_started,,,,
docs/rtc/overview/key-concept.android.harmonyos.ios.macos.windows.csharp.electron.unity.flutter.rn.unreal-cpp.unreal-blueprint.restful.mdx,content/docs/zh-CN/realtime-media/rtc/overview/key-concept.android.harmonyos.ios.macos.windows.csharp.electron.unity.flutter.rn.unreal-cpp.unreal-blueprint.restful.mdx,migrate_page_after_syntax_and_ia_review,needs_review,medium,partial,,Batch with same product after syntax-map confirmation.,needs-directive-rewrite|needs-image-standard|needs-anchor-normalization,not_started,not_started,,,,
docs/rtc/overview/key-concept.javascript.mdx,content/docs/zh-CN/realtime-media/rtc/overview/key-concept.javascript.mdx,migrate_page_after_syntax_and_ia_review,needs_review,medium,partial,,Batch with same product after syntax-map confirmation.,needs-directive-rewrite|needs-image-standard|needs-anchor-normalization,not_started,not_started,,,,
docs/rtc/overview/key-concept.restful.mdx,content/docs/zh-CN/realtime-media/rtc/overview/key-concept.restful.mdx,migrate_page_after_syntax_and_ia_review,needs_review,medium,partial,,Batch with same product after syntax-map confirmation.,needs-directive-rewrite|needs-image-standard|needs-anchor-normalization,not_started,not_started,,,,
docs/rtc/overview/migration-guide.android.mdx,content/docs/zh-CN/realtime-media/rtc/overview/migration-guide.android.mdx,migrate_page_after_syntax_and_ia_review,needs_review,medium,partial,,Batch with same product after syntax-map confirmation.,needs-directive-rewrite|needs-table-normalization,not_started,not_started,,,,
docs/rtc/overview/migration-guide.electron.mdx,content/docs/zh-CN/realtime-media/rtc/overview/migration-guide.electron.mdx,migrate_page_after_syntax_and_ia_review,needs_review,low,yes,,Batch with same product after syntax-map confirmation.,ready-native,not_started,not_started,,,,
docs/rtc/overview/migration-guide.flutter.mdx,content/docs/zh-CN/realtime-media/rtc/overview/migration-guide.flutter.mdx,migrate_page_after_syntax_and_ia_review,needs_review,low,yes,,Batch with same product after syntax-map confirmation.,ready-native,not_started,not_started,,,,
docs/rtc/overview/migration-guide.ios.mdx,content/docs/zh-CN/realtime-media/rtc/overview/migration-guide.ios.mdx,migrate_page_after_syntax_and_ia_review,needs_review,medium,partial,,Batch with same product after syntax-map confirmation.,needs-directive-rewrite,not_started,not_started,,,,
docs/rtc/overview/migration-guide.javascript.mdx,content/docs/zh-CN/realtime-media/rtc/overview/migration-guide.javascript.mdx,migrate_page_after_syntax_and_ia_review,needs_review,medium,partial,,Batch with same product after syntax-map confirmation.,needs-directive-rewrite|needs-anchor-normalization,not_started,not_started,,,,
docs/rtc/overview/migration-guide.macos.mdx,content/docs/zh-CN/realtime-media/rtc/overview/migration-guide.macos.mdx,migrate_page_after_syntax_and_ia_review,needs_review,medium,partial,,Batch with same product after syntax-map confirmation.,needs-directive-rewrite,not_started,not_started,,,,
docs/rtc/overview/migration-guide.mdx,content/docs/zh-CN/realtime-media/rtc/overview/migration-guide.mdx,migrate_page_after_syntax_and_ia_review,needs_review,low,yes,,Batch with same product after syntax-map confirmation.,ready-native,not_started,not_started,,,,
docs/rtc/overview/migration-guide.rn.mdx,content/docs/zh-CN/realtime-media/rtc/overview/migration-guide.rn.mdx,migrate_page_after_syntax_and_ia_review,needs_review,low,yes,,Batch with same product after syntax-map confirmation.,ready-native,not_started,not_started,,,,
docs/rtc/overview/migration-guide.unity.mdx,content/docs/zh-CN/realtime-media/rtc/overview/migration-guide.unity.mdx,migrate_page_after_syntax_and_ia_review,needs_review,medium,partial,,Batch with same product after syntax-map confirmation.,needs-directive-rewrite|needs-table-normalization|needs-anchor-normalization,not_started,not_started,,,,
docs/rtc/overview/migration-guide.windows.mdx,content/docs/zh-CN/realtime-media/rtc/overview/migration-guide.windows.mdx,migrate_page_after_syntax_and_ia_review,needs_review,medium,partial,,Batch with same product after syntax-map confirmation.,needs-directive-rewrite|needs-table-normalization|needs-anchor-normalization,not_started,not_started,,,,
docs/rtc/overview/product-overview.harmonyos.mdx,content/docs/zh-CN/realtime-media/rtc/overview/product-overview.harmonyos.mdx,migrate_page_after_syntax_and_ia_review,needs_review,high,no,,Review legacy JSX/shared/platform/API patterns before batching.,needs-directive-rewrite|needs-include-standardization|needs-platform-expansion|needs-table-normalization|needs-anchor-normalization,not_started,not_started,,,,
docs/rtc/overview/product-overview.javascript.mdx,content/docs/zh-CN/realtime-media/rtc/overview/product-overview.javascript.mdx,migrate_page_after_syntax_and_ia_review,needs_review,medium,partial,,Batch with same product after syntax-map confirmation.,needs-directive-rewrite|needs-table-normalization,not_started,not_started,,,,
docs/rtc/overview/product-overview.mdx,content/docs/zh-CN/realtime-media/rtc/overview/product-overview.mdx,migrate_page_after_syntax_and_ia_review,needs_review,high,no,,Review legacy JSX/shared/platform/API patterns before batching.,needs-directive-rewrite|needs-include-standardization|needs-platform-expansion|needs-table-normalization|needs-anchor-normalization,not_started,not_started,,,,
docs/rtc/overview/product-overview.mini-program.mdx,content/docs/zh-CN/realtime-media/rtc/overview/product-overview.mini-program.mdx,migrate_page_after_syntax_and_ia_review,needs_review,medium,partial,,Batch with same product after syntax-map confirmation.,needs-directive-rewrite|needs-table-normalization|needs-image-standard,not_started,not_started,,,,
docs/rtc/overview/product-overview.react.mdx,content/docs/zh-CN/realtime-media/rtc/overview/product-overview.react.mdx,migrate_page_after_syntax_and_ia_review,needs_review,medium,partial,,Batch with same product after syntax-map confirmation.,needs-directive-rewrite|needs-table-normalization,not_started,not_started,,,,
docs/rtc/overview/release-notes.android.mdx,content/docs/zh-CN/realtime-media/rtc/overview/release-notes.android.mdx,migrate_page_after_syntax_and_ia_review,needs_review,medium,partial,,Batch with same product after syntax-map confirmation.,needs-directive-rewrite|needs-table-normalization|needs-image-standard|needs-anchor-normalization,not_started,not_started,,,,
docs/rtc/overview/release-notes.electron.mdx,content/docs/zh-CN/realtime-media/rtc/overview/release-notes.electron.mdx,migrate_page_after_syntax_and_ia_review,needs_review,medium,partial,,Batch with same product after syntax-map confirmation.,needs-directive-rewrite|needs-table-normalization|needs-anchor-normalization,not_started,not_started,,,,
docs/rtc/overview/release-notes.flutter.mdx,content/docs/zh-CN/realtime-media/rtc/overview/release-notes.flutter.mdx,migrate_page_after_syntax_and_ia_review,needs_review,medium,partial,,Batch with same product after syntax-map confirmation.,needs-directive-rewrite|needs-table-normalization|needs-image-standard|needs-anchor-normalization,not_started,not_started,,,,
docs/rtc/overview/release-notes.harmonyos.mdx,content/docs/zh-CN/realtime-media/rtc/overview/release-notes.harmonyos.mdx,migrate_page_after_syntax_and_ia_review,needs_review,medium,partial,,Batch with same product after syntax-map confirmation.,needs-directive-rewrite,not_started,not_started,,,,
docs/rtc/overview/release-notes.ios.mdx,content/docs/zh-CN/realtime-media/rtc/overview/release-notes.ios.mdx,migrate_page_after_syntax_and_ia_review,needs_review,medium,partial,,Batch with same product after syntax-map confirmation.,needs-directive-rewrite|needs-table-normalization|needs-anchor-normalization,not_started,not_started,,,,
docs/rtc/overview/release-notes.javascript.mdx,content/docs/zh-CN/realtime-media/rtc/overview/release-notes.javascript.mdx,migrate_page_after_syntax_and_ia_review,needs_review,medium,partial,,Batch with same product after syntax-map confirmation.,needs-directive-rewrite|needs-table-normalization|needs-anchor-normalization,not_started,not_started,,,,
docs/rtc/overview/release-notes.macos.mdx,content/docs/zh-CN/realtime-media/rtc/overview/release-notes.macos.mdx,migrate_page_after_syntax_and_ia_review,needs_review,medium,partial,,Batch with same product after syntax-map confirmation.,needs-directive-rewrite|needs-table-normalization|needs-anchor-normalization,not_started,not_started,,,,
docs/rtc/overview/release-notes.mini-program.mdx,content/docs/zh-CN/realtime-media/rtc/overview/release-notes.mini-program.mdx,migrate_page_after_syntax_and_ia_review,needs_review,medium,partial,,Batch with same product after syntax-map confirmation.,needs-directive-rewrite,not_started,not_started,,,,
docs/rtc/overview/release-notes.react.mdx,content/docs/zh-CN/realtime-media/rtc/overview/release-notes.react.mdx,migrate_page_after_syntax_and_ia_review,needs_review,medium,partial,,Batch with same product after syntax-map confirmation.,needs-directive-rewrite,not_started,not_started,,,,
docs/rtc/overview/release-notes.rn.mdx,content/docs/zh-CN/realtime-media/rtc/overview/release-notes.rn.mdx,migrate_page_after_syntax_and_ia_review,needs_review,medium,partial,,Batch with same product after syntax-map confirmation.,needs-directive-rewrite|needs-table-normalization|needs-anchor-normalization,not_started,not_started,,,,
docs/rtc/overview/release-notes.unity.mdx,content/docs/zh-CN/realtime-media/rtc/overview/release-notes.unity.mdx,migrate_page_after_syntax_and_ia_review,needs_review,medium,partial,,Batch with same product after syntax-map confirmation.,needs-directive-rewrite|needs-table-normalization|needs-anchor-normalization,not_started,not_started,,,,
docs/rtc/overview/release-notes.unreal-blueprint.mdx,content/docs/zh-CN/realtime-media/rtc/overview/release-notes.unreal-blueprint.mdx,migrate_page_after_syntax_and_ia_review,needs_review,medium,partial,,Batch with same product after syntax-map confirmation.,needs-directive-rewrite|needs-image-standard,not_started,not_started,,,,
docs/rtc/overview/release-notes.unreal-cpp.mdx,content/docs/zh-CN/realtime-media/rtc/overview/release-notes.unreal-cpp.mdx,migrate_page_after_syntax_and_ia_review,needs_review,medium,partial,,Batch with same product after syntax-map confirmation.,needs-directive-rewrite,not_started,not_started,,,,
docs/rtc/overview/release-notes.windows.mdx,content/docs/zh-CN/realtime-media/rtc/overview/release-notes.windows.mdx,migrate_page_after_syntax_and_ia_review,needs_review,medium,partial,,Batch with same product after syntax-map confirmation.,needs-directive-rewrite|needs-table-normalization|needs-anchor-normalization,not_started,not_started,,,,
docs/rtc/overview/sunset-plan.javascript.mdx,content/docs/zh-CN/realtime-media/rtc/overview/sunset-plan.javascript.mdx,migrate_page_after_syntax_and_ia_review,needs_review,low,yes,,Batch with same product after syntax-map confirmation.,ready-native,not_started,not_started,,,,
docs/rtc/overview/sunset-plan.mini-program.mdx,content/docs/zh-CN/realtime-media/rtc/overview/sunset-plan.mini-program.mdx,migrate_page_after_syntax_and_ia_review,needs_review,low,yes,,Batch with same product after syntax-map confirmation.,ready-native,not_started,not_started,,,,
docs/rtc/quota.restful.mdx,content/docs/zh-CN/realtime-media/rtc/quota.restful.mdx,migrate_page_after_syntax_and_ia_review,needs_review,low,yes,,Batch with same product after syntax-map confirmation.,ready-native,not_started,not_started,,,,
docs/rtc/resources.android.mdx,content/docs/zh-CN/realtime-media/rtc/resources.android.mdx,migrate_page_after_syntax_and_ia_review,needs_review,high,no,,Review legacy JSX/shared/platform/API patterns before batching.,needs-directive-rewrite|needs-landing-page-normalization,not_started,not_started,,,,
docs/rtc/resources.electron.mdx,content/docs/zh-CN/realtime-media/rtc/resources.electron.mdx,migrate_page_after_syntax_and_ia_review,needs_review,high,no,,Review legacy JSX/shared/platform/API patterns before batching.,needs-directive-rewrite|needs-include-standardization|needs-landing-page-normalization,not_started,not_started,,,,
docs/rtc/resources.flutter.mdx,content/docs/zh-CN/realtime-media/rtc/resources.flutter.mdx,migrate_page_after_syntax_and_ia_review,needs_review,high,no,,Review legacy JSX/shared/platform/API patterns before batching.,needs-directive-rewrite|needs-landing-page-normalization,not_started,not_started,,,,
docs/rtc/resources.harmonyos.mdx,content/docs/zh-CN/realtime-media/rtc/resources.harmonyos.mdx,migrate_page_after_syntax_and_ia_review,needs_review,high,no,,Review legacy JSX/shared/platform/API patterns before batching.,needs-directive-rewrite|needs-landing-page-normalization,not_started,not_started,,,,
docs/rtc/resources.ios.mdx,content/docs/zh-CN/realtime-media/rtc/resources.ios.mdx,migrate_page_after_syntax_and_ia_review,needs_review,high,no,,Review legacy JSX/shared/platform/API patterns before batching.,needs-directive-rewrite|needs-landing-page-normalization,not_started,not_started,,,,
docs/rtc/resources.javascript.mdx,content/docs/zh-CN/realtime-media/rtc/resources.javascript.mdx,migrate_page_after_syntax_and_ia_review,needs_review,high,no,,Review legacy JSX/shared/platform/API patterns before batching.,needs-directive-rewrite|needs-include-standardization|needs-landing-page-normalization,not_started,not_started,,,,
docs/rtc/resources.macos.mdx,content/docs/zh-CN/realtime-media/rtc/resources.macos.mdx,migrate_page_after_syntax_and_ia_review,needs_review,high,no,,Review legacy JSX/shared/platform/API patterns before batching.,needs-directive-rewrite|needs-landing-page-normalization,not_started,not_started,,,,
docs/rtc/resources.mini-program.mdx,content/docs/zh-CN/realtime-media/rtc/resources.mini-program.mdx,migrate_page_after_syntax_and_ia_review,needs_review,high,no,,Review legacy JSX/shared/platform/API patterns before batching.,needs-directive-rewrite|needs-include-standardization|needs-landing-page-normalization,not_started,not_started,,,,
docs/rtc/resources.react.mdx,content/docs/zh-CN/realtime-media/rtc/resources.react.mdx,migrate_page_after_syntax_and_ia_review,needs_review,high,no,,Review legacy JSX/shared/platform/API patterns before batching.,needs-directive-rewrite|needs-landing-page-normalization,not_started,not_started,,,,
docs/rtc/resources.rn.mdx,content/docs/zh-CN/realtime-media/rtc/resources.rn.mdx,migrate_page_after_syntax_and_ia_review,needs_review,high,no,,Review legacy JSX/shared/platform/API patterns before batching.,needs-directive-rewrite|needs-include-standardization|needs-landing-page-normalization,not_started,not_started,,,,
docs/rtc/resources.unity.mdx,content/docs/zh-CN/realtime-media/rtc/resources.unity.mdx,migrate_page_after_syntax_and_ia_review,needs_review,high,no,,Review legacy JSX/shared/platform/API patterns before batching.,needs-directive-rewrite|needs-landing-page-normalization,not_started,not_started,,,,
docs/rtc/resources.unreal-cpp.unreal-blueprint.mdx,content/docs/zh-CN/realtime-media/rtc/resources.unreal-cpp.unreal-blueprint.mdx,migrate_page_after_syntax_and_ia_review,needs_review,high,no,,Review legacy JSX/shared/platform/API patterns before batching.,needs-directive-rewrite|needs-landing-page-normalization,not_started,not_started,,,,
docs/rtc/resources.windows.mdx,content/docs/zh-CN/realtime-media/rtc/resources.windows.mdx,migrate_page_after_syntax_and_ia_review,needs_review,high,no,,Review legacy JSX/shared/platform/API patterns before batching.,needs-directive-rewrite|needs-landing-page-normalization,not_started,not_started,,,,
docs/rtc/response-code.restful.mdx,content/docs/zh-CN/realtime-media/rtc/response-code.restful.mdx,migrate_page_after_syntax_and_ia_review,needs_review,medium,partial,,Batch with same product after syntax-map confirmation.,needs-directive-rewrite,not_started,not_started,,,,
docs/rtc/skills-integrate.mdx,content/docs/zh-CN/realtime-media/rtc/skills-integrate.mdx,migrate_page_after_syntax_and_ia_review,needs_review,medium,partial,,Batch with same product after syntax-map confirmation.,needs-directive-rewrite|needs-include-standardization,not_started,not_started,,,,
docs/rtc/user-guides/channel-management.restful.mdx,content/docs/zh-CN/realtime-media/rtc/user-guides/channel-management.restful.mdx,migrate_page_after_syntax_and_ia_review,needs_review,medium,partial,,Batch with same product after syntax-map confirmation.,needs-directive-rewrite|needs-table-normalization,not_started,not_started,,,,
docs/rtc/user-guides/http-basic-auth.restful.mdx,content/docs/zh-CN/realtime-media/rtc/user-guides/http-basic-auth.restful.mdx,migrate_page_after_syntax_and_ia_review,needs_review,medium,partial,,Batch with same product after syntax-map confirmation.,needs-directive-rewrite|needs-include-standardization,not_started,not_started,,,,
docs/rtc/webhook/events.mdx,content/docs/zh-CN/realtime-media/rtc/webhook/events.mdx,migrate_page_after_syntax_and_ia_review,needs_review,medium,partial,,Batch with same product after syntax-map confirmation.,needs-directive-rewrite|needs-table-normalization|needs-anchor-normalization,not_started,not_started,,,,
docs/rtc/webhook/receive_webhook.mdx,content/docs/zh-CN/realtime-media/rtc/webhook/receive_webhook.mdx,migrate_page_after_syntax_and_ia_review,needs_review,medium,partial,,Batch with same product after syntax-map confirmation.,needs-directive-rewrite|needs-include-standardization,not_started,not_started,,,,
docs/rtm2/_homepage_.mdx,content/docs/zh-CN/realtime-media/rtm/_homepage_.mdx,migrate_page_after_syntax_and_ia_review,needs_review,high,no,,Review legacy JSX/shared/platform/API patterns before batching.,needs-directive-rewrite|needs-landing-page-normalization,not_started,not_started,,,,
docs/rtm2/_resources.mdx,content/docs/zh-CN/realtime-media/rtm/_resources.mdx,migrate_page_after_syntax_and_ia_review,needs_review,low,yes,,Batch with same product after syntax-map confirmation.,ready-native,not_started,not_started,,,,
docs/rtm2/error-codes.android.ios.swift.cpp.unity.harmonyos.mdx,content/docs/zh-CN/realtime-media/rtm/error-codes.android.ios.swift.cpp.unity.harmonyos.mdx,migrate_page_after_syntax_and_ia_review,needs_review,high,no,,Review legacy JSX/shared/platform/API patterns before batching.,needs-directive-rewrite|needs-include-standardization|needs-platform-expansion|needs-table-normalization|needs-anchor-normalization,not_started,not_started,,,,
docs/rtm2/error-codes.flutter.mdx,content/docs/zh-CN/realtime-media/rtm/error-codes.flutter.mdx,migrate_page_after_syntax_and_ia_review,needs_review,high,no,,Review legacy JSX/shared/platform/API patterns before batching.,needs-directive-rewrite|needs-include-standardization|needs-platform-expansion|needs-table-normalization|needs-anchor-normalization,not_started,not_started,,,,
docs/rtm2/error-codes.javascript.mdx,content/docs/zh-CN/realtime-media/rtm/error-codes.javascript.mdx,migrate_page_after_syntax_and_ia_review,needs_review,medium,partial,,Batch with same product after syntax-map confirmation.,needs-directive-rewrite|needs-include-standardization|needs-table-normalization|needs-anchor-normalization,not_started,not_started,,,,
docs/rtm2/get-started/enable-service.mdx,content/docs/zh-CN/realtime-media/rtm/get-started/enable-service.mdx,migrate_page_after_syntax_and_ia_review,needs_review,medium,partial,,Batch with same product after syntax-map confirmation.,needs-directive-rewrite|needs-include-standardization|needs-image-standard,not_started,not_started,,,,
docs/rtm2/get-started/quick-start.android.mdx,content/docs/zh-CN/realtime-media/rtm/get-started/quick-start.android.mdx,migrate_page_after_syntax_and_ia_review,needs_review,high,no,,Review legacy JSX/shared/platform/API patterns before batching.,needs-directive-rewrite|needs-include-standardization|needs-landing-page-normalization,not_started,not_started,,,,
docs/rtm2/get-started/quick-start.cpp.mdx,content/docs/zh-CN/realtime-media/rtm/get-started/quick-start.cpp.mdx,migrate_page_after_syntax_and_ia_review,needs_review,high,no,,Review legacy JSX/shared/platform/API patterns before batching.,needs-directive-rewrite|needs-include-standardization|needs-landing-page-normalization,not_started,not_started,,,,
docs/rtm2/get-started/quick-start.flutter.mdx,content/docs/zh-CN/realtime-media/rtm/get-started/quick-start.flutter.mdx,migrate_page_after_syntax_and_ia_review,needs_review,high,no,,Review legacy JSX/shared/platform/API patterns before batching.,needs-directive-rewrite|needs-include-standardization|needs-landing-page-normalization,not_started,not_started,,,,
docs/rtm2/get-started/quick-start.harmonyos.mdx,content/docs/zh-CN/realtime-media/rtm/get-started/quick-start.harmonyos.mdx,migrate_page_after_syntax_and_ia_review,needs_review,medium,partial,,Batch with same product after syntax-map confirmation.,needs-directive-rewrite|needs-include-standardization,not_started,not_started,,,,
docs/rtm2/get-started/quick-start.ios.mdx,content/docs/zh-CN/realtime-media/rtm/get-started/quick-start.ios.mdx,migrate_page_after_syntax_and_ia_review,needs_review,medium,partial,,Batch with same product after syntax-map confirmation.,needs-directive-rewrite|needs-include-standardization,not_started,not_started,,,,
docs/rtm2/get-started/quick-start.javascript.mdx,content/docs/zh-CN/realtime-media/rtm/get-started/quick-start.javascript.mdx,migrate_page_after_syntax_and_ia_review,needs_review,medium,partial,,Batch with same product after syntax-map confirmation.,needs-directive-rewrite|needs-include-standardization,not_started,not_started,,,,
docs/rtm2/get-started/quick-start.swift.mdx,content/docs/zh-CN/realtime-media/rtm/get-started/quick-start.swift.mdx,migrate_page_after_syntax_and_ia_review,needs_review,medium,partial,,Batch with same product after syntax-map confirmation.,needs-directive-rewrite|needs-include-standardization,not_started,not_started,,,,
docs/rtm2/get-started/quick-start.unity.mdx,content/docs/zh-CN/realtime-media/rtm/get-started/quick-start.unity.mdx,migrate_page_after_syntax_and_ia_review,needs_review,medium,partial,,Batch with same product after syntax-map confirmation.,needs-directive-rewrite|needs-include-standardization|needs-image-standard,not_started,not_started,,,,
docs/rtm2/landing-page.mdx,content/docs/zh-CN/realtime-media/rtm/landing-page.mdx,migrate_page_after_syntax_and_ia_review,needs_review,high,no,,Review legacy JSX/shared/platform/API patterns before batching.,needs-directive-rewrite|needs-platform-expansion|needs-image-standard|needs-landing-page-normalization,not_started,not_started,,,,
docs/rtm2/mcp-integrate.mdx,content/docs/zh-CN/realtime-media/rtm/mcp-integrate.mdx,migrate_page_after_syntax_and_ia_review,needs_review,medium,partial,,Batch with same product after syntax-map confirmation.,needs-directive-rewrite|needs-include-standardization,not_started,not_started,,,,
docs/rtm2/overview/_feature-list.unity.mdx,content/docs/zh-CN/realtime-media/rtm/overview/_feature-list.unity.mdx,migrate_page_after_syntax_and_ia_review,needs_review,medium,partial,,Batch with same product after syntax-map confirmation.,needs-directive-rewrite|needs-table-normalization,not_started,not_started,,,,
docs/rtm2/overview/_key-concept.mdx,content/docs/zh-CN/realtime-media/rtm/overview/_key-concept.mdx,migrate_page_after_syntax_and_ia_review,needs_review,medium,partial,,Batch with same product after syntax-map confirmation.,needs-directive-rewrite|needs-image-standard,not_started,not_started,,,,
docs/rtm2/overview/_migration-guide.unity.mdx,content/docs/zh-CN/realtime-media/rtm/overview/_migration-guide.unity.mdx,migrate_page_after_syntax_and_ia_review,needs_review,medium,partial,,Batch with same product after syntax-map confirmation.,needs-directive-rewrite|needs-include-standardization,not_started,not_started,,,,
docs/rtm2/overview/_release-notes-en.android.mdx,content/docs/zh-CN/realtime-media/rtm/overview/_release-notes-en.android.mdx,migrate_page_after_syntax_and_ia_review,needs_review,medium,partial,,Batch with same product after syntax-map confirmation.,needs-directive-rewrite|needs-include-standardization,not_started,not_started,,,,
docs/rtm2/overview/_release-notes-en.cpp.mdx,content/docs/zh-CN/realtime-media/rtm/overview/_release-notes-en.cpp.mdx,migrate_page_after_syntax_and_ia_review,needs_review,medium,partial,,Batch with same product after syntax-map confirmation.,needs-directive-rewrite|needs-include-standardization,not_started,not_started,,,,
docs/rtm2/overview/_release-notes-en.flutter.mdx,content/docs/zh-CN/realtime-media/rtm/overview/_release-notes-en.flutter.mdx,migrate_page_after_syntax_and_ia_review,needs_review,medium,partial,,Batch with same product after syntax-map confirmation.,needs-directive-rewrite|needs-include-standardization,not_started,not_started,,,,
docs/rtm2/overview/_release-notes-en.ios.mdx,content/docs/zh-CN/realtime-media/rtm/overview/_release-notes-en.ios.mdx,migrate_page_after_syntax_and_ia_review,needs_review,medium,partial,,Batch with same product after syntax-map confirmation.,needs-directive-rewrite|needs-include-standardization,not_started,not_started,,,,
docs/rtm2/overview/_release-notes-en.javascript.mdx,content/docs/zh-CN/realtime-media/rtm/overview/_release-notes-en.javascript.mdx,migrate_page_after_syntax_and_ia_review,needs_review,medium,partial,,Batch with same product after syntax-map confirmation.,needs-directive-rewrite|needs-include-standardization,not_started,not_started,,,,
docs/rtm2/overview/_release-notes-en.rn.mdx,content/docs/zh-CN/realtime-media/rtm/overview/_release-notes-en.rn.mdx,migrate_page_after_syntax_and_ia_review,needs_review,medium,partial,,Batch with same product after syntax-map confirmation.,needs-directive-rewrite,not_started,not_started,,,,
docs/rtm2/overview/_release-notes-en.swift.mdx,content/docs/zh-CN/realtime-media/rtm/overview/_release-notes-en.swift.mdx,migrate_page_after_syntax_and_ia_review,needs_review,medium,partial,,Batch with same product after syntax-map confirmation.,needs-directive-rewrite|needs-include-standardization,not_started,not_started,,,,
docs/rtm2/overview/_release-notes-en.unity.mdx,content/docs/zh-CN/realtime-media/rtm/overview/_release-notes-en.unity.mdx,migrate_page_after_syntax_and_ia_review,needs_review,medium,partial,,Batch with same product after syntax-map confirmation.,needs-directive-rewrite|needs-include-standardization,not_started,not_started,,,,
docs/rtm2/overview/billing/billing-rules.mdx,content/docs/zh-CN/realtime-media/rtm/overview/billing/billing-rules.mdx,migrate_page_after_syntax_and_ia_review,needs_review,medium,partial,,Batch with same product after syntax-map confirmation.,needs-directive-rewrite|needs-include-standardization|needs-image-standard,not_started,not_started,,,,
docs/rtm2/overview/billing/billing-strategy.mdx,content/docs/zh-CN/realtime-media/rtm/overview/billing/billing-strategy.mdx,migrate_page_after_syntax_and_ia_review,needs_review,high,no,,Review legacy JSX/shared/platform/API patterns before batching.,needs-directive-rewrite|needs-anchor-normalization|needs-landing-page-normalization,not_started,not_started,,,,
docs/rtm2/overview/feature-list.android.mdx,content/docs/zh-CN/realtime-media/rtm/overview/feature-list.android.mdx,migrate_page_after_syntax_and_ia_review,needs_review,medium,partial,,Batch with same product after syntax-map confirmation.,needs-directive-rewrite|needs-table-normalization,not_started,not_started,,,,
docs/rtm2/overview/feature-list.cpp.mdx,content/docs/zh-CN/realtime-media/rtm/overview/feature-list.cpp.mdx,migrate_page_after_syntax_and_ia_review,needs_review,medium,partial,,Batch with same product after syntax-map confirmation.,needs-directive-rewrite|needs-table-normalization,not_started,not_started,,,,
docs/rtm2/overview/feature-list.flutter.mdx,content/docs/zh-CN/realtime-media/rtm/overview/feature-list.flutter.mdx,migrate_page_after_syntax_and_ia_review,needs_review,medium,partial,,Batch with same product after syntax-map confirmation.,needs-directive-rewrite|needs-table-normalization,not_started,not_started,,,,
docs/rtm2/overview/feature-list.harmonyos.mdx,content/docs/zh-CN/realtime-media/rtm/overview/feature-list.harmonyos.mdx,migrate_page_after_syntax_and_ia_review,needs_review,medium,partial,,Batch with same product after syntax-map confirmation.,needs-directive-rewrite|needs-table-normalization,not_started,not_started,,,,
docs/rtm2/overview/feature-list.ios.mdx,content/docs/zh-CN/realtime-media/rtm/overview/feature-list.ios.mdx,migrate_page_after_syntax_and_ia_review,needs_review,medium,partial,,Batch with same product after syntax-map confirmation.,needs-directive-rewrite|needs-table-normalization,not_started,not_started,,,,
docs/rtm2/overview/feature-list.javascript.mdx,content/docs/zh-CN/realtime-media/rtm/overview/feature-list.javascript.mdx,migrate_page_after_syntax_and_ia_review,needs_review,medium,partial,,Batch with same product after syntax-map confirmation.,needs-directive-rewrite|needs-table-normalization,not_started,not_started,,,,
docs/rtm2/overview/feature-list.swift.mdx,content/docs/zh-CN/realtime-media/rtm/overview/feature-list.swift.mdx,migrate_page_after_syntax_and_ia_review,needs_review,medium,partial,,Batch with same product after syntax-map confirmation.,needs-directive-rewrite|needs-table-normalization,not_started,not_started,,,,
docs/rtm2/overview/migration-guide.android.mdx,content/docs/zh-CN/realtime-media/rtm/overview/migration-guide.android.mdx,migrate_page_after_syntax_and_ia_review,needs_review,medium,partial,,Batch with same product after syntax-map confirmation.,needs-directive-rewrite|needs-include-standardization,not_started,not_started,,,,
docs/rtm2/overview/migration-guide.cpp.mdx,content/docs/zh-CN/realtime-media/rtm/overview/migration-guide.cpp.mdx,migrate_page_after_syntax_and_ia_review,needs_review,medium,partial,,Batch with same product after syntax-map confirmation.,needs-directive-rewrite|needs-include-standardization,not_started,not_started,,,,
docs/rtm2/overview/migration-guide.ios.mdx,content/docs/zh-CN/realtime-media/rtm/overview/migration-guide.ios.mdx,migrate_page_after_syntax_and_ia_review,needs_review,medium,partial,,Batch with same product after syntax-map confirmation.,needs-directive-rewrite|needs-include-standardization,not_started,not_started,,,,
docs/rtm2/overview/migration-guide.javascript.mdx,content/docs/zh-CN/realtime-media/rtm/overview/migration-guide.javascript.mdx,migrate_page_after_syntax_and_ia_review,needs_review,medium,partial,,Batch with same product after syntax-map confirmation.,needs-directive-rewrite|needs-include-standardization,not_started,not_started,,,,
docs/rtm2/overview/platform-support.android.mdx,content/docs/zh-CN/realtime-media/rtm/overview/platform-support.android.mdx,migrate_page_after_syntax_and_ia_review,needs_review,low,yes,,Batch with same product after syntax-map confirmation.,ready-native,not_started,not_started,,,,
docs/rtm2/overview/platform-support.cpp.mdx,content/docs/zh-CN/realtime-media/rtm/overview/platform-support.cpp.mdx,migrate_page_after_syntax_and_ia_review,needs_review,medium,partial,,Batch with same product after syntax-map confirmation.,needs-directive-rewrite,not_started,not_started,,,,
docs/rtm2/overview/platform-support.flutter.mdx,content/docs/zh-CN/realtime-media/rtm/overview/platform-support.flutter.mdx,migrate_page_after_syntax_and_ia_review,needs_review,medium,partial,,Batch with same product after syntax-map confirmation.,needs-directive-rewrite|needs-table-normalization,not_started,not_started,,,,
docs/rtm2/overview/platform-support.harmonyos.mdx,content/docs/zh-CN/realtime-media/rtm/overview/platform-support.harmonyos.mdx,migrate_page_after_syntax_and_ia_review,needs_review,medium,partial,,Batch with same product after syntax-map confirmation.,needs-directive-rewrite,not_started,not_started,,,,
docs/rtm2/overview/platform-support.ios.swift.mdx,content/docs/zh-CN/realtime-media/rtm/overview/platform-support.ios.swift.mdx,migrate_page_after_syntax_and_ia_review,needs_review,low,yes,,Batch with same product after syntax-map confirmation.,ready-native,not_started,not_started,,,,
docs/rtm2/overview/platform-support.javascript.mdx,content/docs/zh-CN/realtime-media/rtm/overview/platform-support.javascript.mdx,migrate_page_after_syntax_and_ia_review,needs_review,medium,partial,,Batch with same product after syntax-map confirmation.,needs-directive-rewrite|needs-table-normalization,not_started,not_started,,,,
docs/rtm2/overview/platform-support.unity.mdx,content/docs/zh-CN/realtime-media/rtm/overview/platform-support.unity.mdx,migrate_page_after_syntax_and_ia_review,needs_review,medium,partial,,Batch with same product after syntax-map confirmation.,needs-directive-rewrite,not_started,not_started,,,,
docs/rtm2/overview/release-notes.android.mdx,content/docs/zh-CN/realtime-media/rtm/overview/release-notes.android.mdx,migrate_page_after_syntax_and_ia_review,needs_review,medium,partial,,Batch with same product after syntax-map confirmation.,needs-directive-rewrite|needs-include-standardization|needs-table-normalization,not_started,not_started,,,,
docs/rtm2/overview/release-notes.cpp.mdx,content/docs/zh-CN/realtime-media/rtm/overview/release-notes.cpp.mdx,migrate_page_after_syntax_and_ia_review,needs_review,medium,partial,,Batch with same product after syntax-map confirmation.,needs-directive-rewrite|needs-include-standardization,not_started,not_started,,,,
docs/rtm2/overview/release-notes.flutter.mdx,content/docs/zh-CN/realtime-media/rtm/overview/release-notes.flutter.mdx,migrate_page_after_syntax_and_ia_review,needs_review,medium,partial,,Batch with same product after syntax-map confirmation.,needs-directive-rewrite|needs-include-standardization,not_started,not_started,,,,
docs/rtm2/overview/release-notes.harmonyos.mdx,content/docs/zh-CN/realtime-media/rtm/overview/release-notes.harmonyos.mdx,migrate_page_after_syntax_and_ia_review,needs_review,medium,partial,,Batch with same product after syntax-map confirmation.,needs-directive-rewrite|needs-include-standardization,not_started,not_started,,,,
docs/rtm2/overview/release-notes.ios.mdx,content/docs/zh-CN/realtime-media/rtm/overview/release-notes.ios.mdx,migrate_page_after_syntax_and_ia_review,needs_review,medium,partial,,Batch with same product after syntax-map confirmation.,needs-directive-rewrite|needs-include-standardization|needs-table-normalization,not_started,not_started,,,,
docs/rtm2/overview/release-notes.javascript.mdx,content/docs/zh-CN/realtime-media/rtm/overview/release-notes.javascript.mdx,migrate_page_after_syntax_and_ia_review,needs_review,medium,partial,,Batch with same product after syntax-map confirmation.,needs-directive-rewrite|needs-include-standardization,not_started,not_started,,,,
docs/rtm2/overview/release-notes.swift.mdx,content/docs/zh-CN/realtime-media/rtm/overview/release-notes.swift.mdx,migrate_page_after_syntax_and_ia_review,needs_review,medium,partial,,Batch with same product after syntax-map confirmation.,needs-directive-rewrite|needs-include-standardization|needs-table-normalization,not_started,not_started,,,,
docs/rtm2/overview/release-notes.unity.mdx,content/docs/zh-CN/realtime-media/rtm/overview/release-notes.unity.mdx,migrate_page_after_syntax_and_ia_review,needs_review,medium,partial,,Batch with same product after syntax-map confirmation.,needs-directive-rewrite|needs-include-standardization,not_started,not_started,,,,
docs/rtm2/security.mdx,content/docs/zh-CN/realtime-media/rtm/security.mdx,migrate_page_after_syntax_and_ia_review,needs_review,medium,partial,,Batch with same product after syntax-map confirmation.,needs-directive-rewrite|needs-include-standardization|needs-table-normalization|needs-image-standard,not_started,not_started,,,,
docs/rtm2/skills-integrate.mdx,content/docs/zh-CN/realtime-media/rtm/skills-integrate.mdx,migrate_page_after_syntax_and_ia_review,needs_review,medium,partial,,Batch with same product after syntax-map confirmation.,needs-directive-rewrite|needs-include-standardization,not_started,not_started,,,,
docs/rtm2/sunset-policy.mdx,content/docs/zh-CN/realtime-media/rtm/sunset-policy.mdx,migrate_page_after_syntax_and_ia_review,needs_review,high,no,,Review legacy JSX/shared/platform/API patterns before batching.,needs-directive-rewrite|needs-platform-expansion|needs-anchor-normalization,not_started,not_started,,,,
docs/rtm2/user-guide/channel/channel-basic.mdx,content/docs/zh-CN/realtime-media/rtm/user-guide/channel/channel-basic.mdx,migrate_page_after_syntax_and_ia_review,needs_review,high,no,,Review legacy JSX/shared/platform/API patterns before batching.,needs-directive-rewrite|needs-include-standardization|needs-platform-expansion,not_started,not_started,,,,
docs/rtm2/user-guide/channel/channel-name.mdx,content/docs/zh-CN/realtime-media/rtm/user-guide/channel/channel-name.mdx,migrate_page_after_syntax_and_ia_review,needs_review,medium,partial,,Batch with same product after syntax-map confirmation.,needs-directive-rewrite,not_started,not_started,,,,
docs/rtm2/user-guide/channel/message-channel.mdx,content/docs/zh-CN/realtime-media/rtm/user-guide/channel/message-channel.mdx,migrate_page_after_syntax_and_ia_review,needs_review,high,no,,Review legacy JSX/shared/platform/API patterns before batching.,needs-directive-rewrite|needs-include-standardization|needs-platform-expansion,not_started,not_started,,,,
docs/rtm2/user-guide/channel/stream-channel.mdx,content/docs/zh-CN/realtime-media/rtm/user-guide/channel/stream-channel.mdx,migrate_page_after_syntax_and_ia_review,needs_review,high,no,,Review legacy JSX/shared/platform/API patterns before batching.,needs-directive-rewrite|needs-include-standardization|needs-platform-expansion,not_started,not_started,,,,
docs/rtm2/user-guide/link/link-basic.android.ios.swift.flutter.cpp.javascript.harmonyos.mdx,content/docs/zh-CN/realtime-media/rtm/user-guide/link/link-basic.android.ios.swift.flutter.cpp.javascript.harmonyos.mdx,migrate_page_after_syntax_and_ia_review,needs_review,high,no,,Review legacy JSX/shared/platform/API patterns before batching.,needs-directive-rewrite|needs-include-standardization|needs-platform-expansion|needs-anchor-normalization,not_started,not_started,,,,
docs/rtm2/user-guide/link/link-state.android.ios.swift.flutter.cpp.javascript.harmonyos.mdx,content/docs/zh-CN/realtime-media/rtm/user-guide/link/link-state.android.ios.swift.flutter.cpp.javascript.harmonyos.mdx,migrate_page_after_syntax_and_ia_review,needs_review,high,no,,Review legacy JSX/shared/platform/API patterns before batching.,needs-directive-rewrite|needs-include-standardization|needs-platform-expansion|needs-image-standard,not_started,not_started,,,,
docs/rtm2/user-guide/message/add-event-listener.mdx,content/docs/zh-CN/realtime-media/rtm/user-guide/message/add-event-listener.mdx,migrate_page_after_syntax_and_ia_review,needs_review,high,no,,Review legacy JSX/shared/platform/API patterns before batching.,needs-directive-rewrite|needs-include-standardization|needs-platform-expansion,not_started,not_started,,,,
docs/rtm2/user-guide/message/constructed.mdx,content/docs/zh-CN/realtime-media/rtm/user-guide/message/constructed.mdx,migrate_page_after_syntax_and_ia_review,needs_review,high,no,,Review legacy JSX/shared/platform/API patterns before batching.,needs-directive-rewrite|needs-include-standardization|needs-platform-expansion,not_started,not_started,,,,
docs/rtm2/user-guide/message/history-message.android.ios.swift.cpp.javascript.flutter.harmonyos.mdx,content/docs/zh-CN/realtime-media/rtm/user-guide/message/history-message.android.ios.swift.cpp.javascript.flutter.harmonyos.mdx,migrate_page_after_syntax_and_ia_review,needs_review,high,no,,Review legacy JSX/shared/platform/API patterns before batching.,needs-directive-rewrite|needs-platform-expansion|needs-image-standard,not_started,not_started,,,,
docs/rtm2/user-guide/message/send-message.mdx,content/docs/zh-CN/realtime-media/rtm/user-guide/message/send-message.mdx,migrate_page_after_syntax_and_ia_review,needs_review,high,no,,Review legacy JSX/shared/platform/API patterns before batching.,needs-directive-rewrite|needs-include-standardization|needs-platform-expansion|needs-anchor-normalization,not_started,not_started,,,,
docs/rtm2/user-guide/message/serialized.mdx,content/docs/zh-CN/realtime-media/rtm/user-guide/message/serialized.mdx,migrate_page_after_syntax_and_ia_review,needs_review,high,no,,Review legacy JSX/shared/platform/API patterns before batching.,needs-directive-rewrite|needs-include-standardization|needs-platform-expansion,not_started,not_started,,,,
docs/rtm2/user-guide/presence/event.mdx,content/docs/zh-CN/realtime-media/rtm/user-guide/presence/event.mdx,migrate_page_after_syntax_and_ia_review,needs_review,high,no,,Review legacy JSX/shared/platform/API patterns before batching.,needs-directive-rewrite|needs-include-standardization|needs-platform-expansion,not_started,not_started,,,,
docs/rtm2/user-guide/presence/presence-basic.mdx,content/docs/zh-CN/realtime-media/rtm/user-guide/presence/presence-basic.mdx,migrate_page_after_syntax_and_ia_review,needs_review,high,no,,Review legacy JSX/shared/platform/API patterns before batching.,needs-directive-rewrite|needs-include-standardization|needs-platform-expansion,not_started,not_started,,,,
docs/rtm2/user-guide/presence/temporary-user-state.mdx,content/docs/zh-CN/realtime-media/rtm/user-guide/presence/temporary-user-state.mdx,migrate_page_after_syntax_and_ia_review,needs_review,high,no,,Review legacy JSX/shared/platform/API patterns before batching.,needs-directive-rewrite|needs-include-standardization|needs-platform-expansion,not_started,not_started,,,,
docs/rtm2/user-guide/setup/account-and-billing.mdx,content/docs/zh-CN/realtime-media/rtm/user-guide/setup/account-and-billing.mdx,migrate_page_after_syntax_and_ia_review,needs_review,medium,partial,,Batch with same product after syntax-map confirmation.,needs-directive-rewrite|needs-table-normalization,not_started,not_started,,,,
docs/rtm2/user-guide/setup/api-limits.mdx,content/docs/zh-CN/realtime-media/rtm/user-guide/setup/api-limits.mdx,migrate_page_after_syntax_and_ia_review,needs_review,medium,partial,,Batch with same product after syntax-map confirmation.,needs-include-standardization,not_started,not_started,,,,
docs/rtm2/user-guide/setup/application-setup.mdx,content/docs/zh-CN/realtime-media/rtm/user-guide/setup/application-setup.mdx,migrate_page_after_syntax_and_ia_review,needs_review,high,no,,Review legacy JSX/shared/platform/API patterns before batching.,needs-directive-rewrite|needs-include-standardization|needs-platform-expansion|needs-anchor-normalization,not_started,not_started,,,,
docs/rtm2/user-guide/setup/data-security.mdx,content/docs/zh-CN/realtime-media/rtm/user-guide/setup/data-security.mdx,migrate_page_after_syntax_and_ia_review,needs_review,high,no,,Review legacy JSX/shared/platform/API patterns before batching.,needs-directive-rewrite|needs-include-standardization|needs-platform-expansion,not_started,not_started,,,,
docs/rtm2/user-guide/setup/data-storage.mdx,content/docs/zh-CN/realtime-media/rtm/user-guide/setup/data-storage.mdx,migrate_page_after_syntax_and_ia_review,needs_review,medium,partial,,Batch with same product after syntax-map confirmation.,needs-directive-rewrite|needs-include-standardization|needs-table-normalization,not_started,not_started,,,,
docs/rtm2/user-guide/setup/login.mdx,content/docs/zh-CN/realtime-media/rtm/user-guide/setup/login.mdx,migrate_page_after_syntax_and_ia_review,needs_review,high,no,,Review legacy JSX/shared/platform/API patterns before batching.,needs-directive-rewrite|needs-include-standardization|needs-platform-expansion,not_started,not_started,,,,
docs/rtm2/user-guide/setup/private-setup.mdx,content/docs/zh-CN/realtime-media/rtm/user-guide/setup/private-setup.mdx,migrate_page_after_syntax_and_ia_review,needs_review,high,no,,Review legacy JSX/shared/platform/API patterns before batching.,needs-directive-rewrite|needs-platform-expansion,not_started,not_started,,,,
docs/rtm2/user-guide/storage/channel-metadata.mdx,content/docs/zh-CN/realtime-media/rtm/user-guide/storage/channel-metadata.mdx,migrate_page_after_syntax_and_ia_review,needs_review,high,no,,Review legacy JSX/shared/platform/API patterns before batching.,needs-directive-rewrite|needs-include-standardization|needs-platform-expansion,not_started,not_started,,,,
docs/rtm2/user-guide/storage/event.mdx,content/docs/zh-CN/realtime-media/rtm/user-guide/storage/event.mdx,migrate_page_after_syntax_and_ia_review,needs_review,high,no,,Review legacy JSX/shared/platform/API patterns before batching.,needs-directive-rewrite|needs-include-standardization|needs-platform-expansion|needs-table-normalization,not_started,not_started,,,,
docs/rtm2/user-guide/storage/user-metadata.mdx,content/docs/zh-CN/realtime-media/rtm/user-guide/storage/user-metadata.mdx,migrate_page_after_syntax_and_ia_review,needs_review,high,no,,Review legacy JSX/shared/platform/API patterns before batching.,needs-directive-rewrite|needs-include-standardization|needs-platform-expansion,not_started,not_started,,,,
docs/rtm2/user-guide/token/token-generation.mdx,content/docs/zh-CN/realtime-media/rtm/user-guide/token/token-generation.mdx,migrate_page_after_syntax_and_ia_review,needs_review,medium,partial,,Batch with same product after syntax-map confirmation.,needs-directive-rewrite|needs-include-standardization,not_started,not_started,,,,
docs/rtm2/user-guide/token/user-authentication.android.cpp.flutter.ios.swift.harmonyos.mdx,content/docs/zh-CN/realtime-media/rtm/user-guide/token/user-authentication.android.cpp.flutter.ios.swift.harmonyos.mdx,migrate_page_after_syntax_and_ia_review,needs_review,high,no,,Review legacy JSX/shared/platform/API patterns before batching.,needs-directive-rewrite|needs-include-standardization|needs-platform-expansion|needs-image-standard|needs-anchor-normalization,not_started,not_started,,,,
docs/rtm2/user-guide/token/user-authentication.javascript.mdx,content/docs/zh-CN/realtime-media/rtm/user-guide/token/user-authentication.javascript.mdx,migrate_page_after_syntax_and_ia_review,needs_review,medium,partial,,Batch with same product after syntax-map confirmation.,needs-directive-rewrite|needs-include-standardization|needs-image-standard|needs-anchor-normalization,not_started,not_started,,,,
docs/rtm2/user-guide/token/user-authentication.unity.mdx,content/docs/zh-CN/realtime-media/rtm/user-guide/token/user-authentication.unity.mdx,migrate_page_after_syntax_and_ia_review,needs_review,high,no,,Review legacy JSX/shared/platform/API patterns before batching.,needs-directive-rewrite|needs-include-standardization|needs-platform-expansion|needs-image-standard|needs-anchor-normalization,not_started,not_started,,,,
docs/rtm2/user-guide/topic/event.mdx,content/docs/zh-CN/realtime-media/rtm/user-guide/topic/event.mdx,migrate_page_after_syntax_and_ia_review,needs_review,high,no,,Review legacy JSX/shared/platform/API patterns before batching.,needs-directive-rewrite|needs-include-standardization|needs-platform-expansion,not_started,not_started,,,,
docs/rtm2/user-guide/topic/topic-basic.mdx,content/docs/zh-CN/realtime-media/rtm/user-guide/topic/topic-basic.mdx,migrate_page_after_syntax_and_ia_review,needs_review,medium,partial,,Batch with same product after syntax-map confirmation.,needs-directive-rewrite,not_started,not_started,,,,
docs/rtm2/user-guide/topic/usage.mdx,content/docs/zh-CN/realtime-media/rtm/user-guide/topic/usage.mdx,migrate_page_after_syntax_and_ia_review,needs_review,high,no,,Review legacy JSX/shared/platform/API patterns before batching.,needs-directive-rewrite|needs-include-standardization|needs-platform-expansion|needs-table-normalization,not_started,not_started,,,,
docs/rtmp-gateway/api/video-profile.mdx,content/docs/zh-CN/realtime-media/rtmp-gateway/api/video-profile.mdx,migrate_page_after_syntax_and_ia_review,needs_review,low,yes,,Batch with same product after syntax-map confirmation.,ready-native,not_started,not_started,,,,
docs/rtmp-gateway/best-practices/checklist.mdx,content/docs/zh-CN/realtime-media/rtmp-gateway/best-practices/checklist.mdx,migrate_page_after_syntax_and_ia_review,needs_review,medium,partial,,Batch with same product after syntax-map confirmation.,needs-directive-rewrite|needs-table-normalization,not_started,not_started,,,,
docs/rtmp-gateway/best-practices/rest-availability.mdx,content/docs/zh-CN/realtime-media/rtmp-gateway/best-practices/rest-availability.mdx,migrate_page_after_syntax_and_ia_review,needs_review,medium,partial,,Batch with same product after syntax-map confirmation.,needs-directive-rewrite|needs-include-standardization,not_started,not_started,,,,
docs/rtmp-gateway/best-practices/rtmp-domain-switch.mdx,content/docs/zh-CN/realtime-media/rtmp-gateway/best-practices/rtmp-domain-switch.mdx,migrate_page_after_syntax_and_ia_review,needs_review,low,yes,,Batch with same product after syntax-map confirmation.,ready-native,not_started,not_started,,,,
docs/rtmp-gateway/get-started/call-api.mdx,content/docs/zh-CN/realtime-media/rtmp-gateway/get-started/call-api.mdx,migrate_page_after_syntax_and_ia_review,needs_review,low,yes,,Batch with same product after syntax-map confirmation.,ready-native,not_started,not_started,,,,
docs/rtmp-gateway/get-started/enable-service.mdx,content/docs/zh-CN/realtime-media/rtmp-gateway/get-started/enable-service.mdx,migrate_page_after_syntax_and_ia_review,needs_review,medium,partial,,Batch with same product after syntax-map confirmation.,needs-directive-rewrite|needs-include-standardization|needs-image-standard,not_started,not_started,,,,
docs/rtmp-gateway/get-started/use-gateway.mdx,content/docs/zh-CN/realtime-media/rtmp-gateway/get-started/use-gateway.mdx,migrate_page_after_syntax_and_ia_review,needs_review,medium,partial,,Batch with same product after syntax-map confirmation.,needs-directive-rewrite|needs-image-standard,not_started,not_started,,,,
docs/rtmp-gateway/landing-page.mdx,content/docs/zh-CN/realtime-media/rtmp-gateway/landing-page.mdx,migrate_page_after_syntax_and_ia_review,needs_review,high,no,,Review legacy JSX/shared/platform/API patterns before batching.,needs-directive-rewrite|needs-landing-page-normalization,not_started,not_started,,,,
docs/rtmp-gateway/mcp-integrate.mdx,content/docs/zh-CN/realtime-media/rtmp-gateway/mcp-integrate.mdx,migrate_page_after_syntax_and_ia_review,needs_review,medium,partial,,Batch with same product after syntax-map confirmation.,needs-directive-rewrite|needs-include-standardization,not_started,not_started,,,,
docs/rtmp-gateway/overview/billing.mdx,content/docs/zh-CN/realtime-media/rtmp-gateway/overview/billing.mdx,migrate_page_after_syntax_and_ia_review,needs_review,medium,partial,,Batch with same product after syntax-map confirmation.,needs-directive-rewrite,not_started,not_started,,,,
docs/rtmp-gateway/overview/payment.mdx,content/docs/zh-CN/realtime-media/rtmp-gateway/overview/payment.mdx,migrate_page_after_syntax_and_ia_review,needs_review,medium,partial,,Batch with same product after syntax-map confirmation.,needs-directive-rewrite|needs-include-standardization|needs-image-standard,not_started,not_started,,,,
docs/rtmp-gateway/overview/product-overview.mdx,content/docs/zh-CN/realtime-media/rtmp-gateway/overview/product-overview.mdx,migrate_page_after_syntax_and_ia_review,needs_review,medium,partial,,Batch with same product after syntax-map confirmation.,needs-directive-rewrite|needs-table-normalization|needs-image-standard,not_started,not_started,,,,
docs/rtmp-gateway/quota.mdx,content/docs/zh-CN/realtime-media/rtmp-gateway/quota.mdx,migrate_page_after_syntax_and_ia_review,needs_review,medium,partial,,Batch with same product after syntax-map confirmation.,needs-directive-rewrite|needs-anchor-normalization,not_started,not_started,,,,
docs/rtmp-gateway/response-code.mdx,content/docs/zh-CN/realtime-media/rtmp-gateway/response-code.mdx,migrate_page_after_syntax_and_ia_review,needs_review,medium,partial,,Batch with same product after syntax-map confirmation.,needs-directive-rewrite|needs-table-normalization,not_started,not_started,,,,
docs/rtmp-gateway/skills-integrate.mdx,content/docs/zh-CN/realtime-media/rtmp-gateway/skills-integrate.mdx,migrate_page_after_syntax_and_ia_review,needs_review,medium,partial,,Batch with same product after syntax-map confirmation.,needs-directive-rewrite|needs-include-standardization,not_started,not_started,,,,
docs/rtmp-gateway/user-guides/http-auth.mdx,content/docs/zh-CN/realtime-media/rtmp-gateway/user-guides/http-auth.mdx,migrate_page_after_syntax_and_ia_review,needs_review,low,yes,,Batch with same product after syntax-map confirmation.,ready-native,not_started,not_started,,,,
docs/rtmp-gateway/webhook/enable-ncs.mdx,content/docs/zh-CN/realtime-media/rtmp-gateway/webhook/enable-ncs.mdx,migrate_page_after_syntax_and_ia_review,needs_review,medium,partial,,Batch with same product after syntax-map confirmation.,needs-directive-rewrite|needs-include-standardization|needs-anchor-normalization,not_started,not_started,,,,
docs/rtmp-gateway/webhook/ncs-events.mdx,content/docs/zh-CN/realtime-media/rtmp-gateway/webhook/ncs-events.mdx,migrate_page_after_syntax_and_ia_review,needs_review,medium,partial,,Batch with same product after syntax-map confirmation.,needs-directive-rewrite|needs-table-normalization,not_started,not_started,,,,
docs/rtsa/advanced-features/data-stream.mdx,content/docs/zh-CN/realtime-media/rtsa/advanced-features/data-stream.mdx,migrate_page_after_syntax_and_ia_review,needs_review,medium,partial,,Batch with same product after syntax-map confirmation.,needs-directive-rewrite,not_started,not_started,,,,
docs/rtsa/advanced-features/encryption.mdx,content/docs/zh-CN/realtime-media/rtsa/advanced-features/encryption.mdx,migrate_page_after_syntax_and_ia_review,needs_review,high,no,,Review legacy JSX/shared/platform/API patterns before batching.,needs-directive-rewrite|needs-platform-expansion|needs-image-standard,not_started,not_started,,,,
docs/rtsa/advanced-features/multi-channel.mdx,content/docs/zh-CN/realtime-media/rtsa/advanced-features/multi-channel.mdx,migrate_page_after_syntax_and_ia_review,needs_review,low,yes,,Batch with same product after syntax-map confirmation.,ready-native,not_started,not_started,,,,
docs/rtsa/advanced-features/region-limit.mdx,content/docs/zh-CN/realtime-media/rtsa/advanced-features/region-limit.mdx,migrate_page_after_syntax_and_ia_review,needs_review,high,no,,Review legacy JSX/shared/platform/API patterns before batching.,needs-directive-rewrite|needs-platform-expansion,not_started,not_started,,,,
docs/rtsa/advanced-features/send-message-through-rdt-channel.mdx,content/docs/zh-CN/realtime-media/rtsa/advanced-features/send-message-through-rdt-channel.mdx,migrate_page_after_syntax_and_ia_review,needs_review,high,no,,Review legacy JSX/shared/platform/API patterns before batching.,needs-directive-rewrite|needs-include-standardization|needs-platform-expansion|needs-image-standard,not_started,not_started,,,,
docs/rtsa/advanced-features/string-uid.mdx,content/docs/zh-CN/realtime-media/rtsa/advanced-features/string-uid.mdx,migrate_page_after_syntax_and_ia_review,needs_review,medium,partial,,Batch with same product after syntax-map confirmation.,needs-directive-rewrite,not_started,not_started,,,,
docs/rtsa/basic-features/audio-codec.mdx,content/docs/zh-CN/realtime-media/rtsa/basic-features/audio-codec.mdx,migrate_page_after_syntax_and_ia_review,needs_review,medium,partial,,Batch with same product after syntax-map confirmation.,needs-directive-rewrite|needs-image-standard,not_started,not_started,,,,
docs/rtsa/basic-features/bitrate-adaption.mdx,content/docs/zh-CN/realtime-media/rtsa/basic-features/bitrate-adaption.mdx,migrate_page_after_syntax_and_ia_review,needs_review,high,no,,Review legacy JSX/shared/platform/API patterns before batching.,needs-directive-rewrite|needs-platform-expansion,not_started,not_started,,,,
docs/rtsa/basic-features/cloud-proxy.mdx,content/docs/zh-CN/realtime-media/rtsa/basic-features/cloud-proxy.mdx,migrate_page_after_syntax_and_ia_review,needs_review,high,no,,Review legacy JSX/shared/platform/API patterns before batching.,needs-directive-rewrite|needs-platform-expansion|needs-image-standard|needs-anchor-normalization,not_started,not_started,,,,
docs/rtsa/basic-features/key-frame.mdx,content/docs/zh-CN/realtime-media/rtsa/basic-features/key-frame.mdx,migrate_page_after_syntax_and_ia_review,needs_review,high,no,,Review legacy JSX/shared/platform/API patterns before batching.,needs-directive-rewrite|needs-platform-expansion,not_started,not_started,,,,
docs/rtsa/basic-features/license.mdx,content/docs/zh-CN/realtime-media/rtsa/basic-features/license.mdx,migrate_page_after_syntax_and_ia_review,needs_review,medium,partial,,Batch with same product after syntax-map confirmation.,needs-directive-rewrite|needs-include-standardization,not_started,not_started,,,,
docs/rtsa/basic-features/stream-state.mdx,content/docs/zh-CN/realtime-media/rtsa/basic-features/stream-state.mdx,migrate_page_after_syntax_and_ia_review,needs_review,high,no,,Review legacy JSX/shared/platform/API patterns before batching.,needs-directive-rewrite|needs-platform-expansion,not_started,not_started,,,,
docs/rtsa/best-practices/interoperate-rtc.mdx,content/docs/zh-CN/realtime-media/rtsa/best-practices/interoperate-rtc.mdx,migrate_page_after_syntax_and_ia_review,needs_review,high,no,,Review legacy JSX/shared/platform/API patterns before batching.,needs-directive-rewrite|needs-platform-expansion|needs-table-normalization,not_started,not_started,,,,
docs/rtsa/error-codes.c.mdx,content/docs/zh-CN/realtime-media/rtsa/error-codes.c.mdx,migrate_page_after_syntax_and_ia_review,needs_review,medium,partial,,Batch with same product after syntax-map confirmation.,needs-directive-rewrite|needs-table-normalization,not_started,not_started,,,,
docs/rtsa/get-started/enable-service.mdx,content/docs/zh-CN/realtime-media/rtsa/get-started/enable-service.mdx,migrate_page_after_syntax_and_ia_review,needs_review,medium,partial,,Batch with same product after syntax-map confirmation.,needs-directive-rewrite|needs-include-standardization,not_started,not_started,,,,
docs/rtsa/get-started/implement-transmission.c.mdx,content/docs/zh-CN/realtime-media/rtsa/get-started/implement-transmission.c.mdx,migrate_page_after_syntax_and_ia_review,needs_review,medium,partial,,Batch with same product after syntax-map confirmation.,needs-directive-rewrite|needs-image-standard|needs-anchor-normalization,not_started,not_started,,,,
docs/rtsa/get-started/implement-transmission.java.mdx,content/docs/zh-CN/realtime-media/rtsa/get-started/implement-transmission.java.mdx,migrate_page_after_syntax_and_ia_review,needs_review,medium,partial,,Batch with same product after syntax-map confirmation.,needs-directive-rewrite,not_started,not_started,,,,
docs/rtsa/get-started/run-example.c.mdx,content/docs/zh-CN/realtime-media/rtsa/get-started/run-example.c.mdx,migrate_page_after_syntax_and_ia_review,needs_review,medium,partial,,Batch with same product after syntax-map confirmation.,needs-directive-rewrite|needs-image-standard|needs-anchor-normalization,not_started,not_started,,,,
docs/rtsa/get-started/run-example.java.mdx,content/docs/zh-CN/realtime-media/rtsa/get-started/run-example.java.mdx,migrate_page_after_syntax_and_ia_review,needs_review,medium,partial,,Batch with same product after syntax-map confirmation.,needs-directive-rewrite|needs-image-standard,not_started,not_started,,,,
docs/rtsa/landing-page.mdx,content/docs/zh-CN/realtime-media/rtsa/landing-page.mdx,migrate_page_after_syntax_and_ia_review,needs_review,high,no,,Review legacy JSX/shared/platform/API patterns before batching.,needs-directive-rewrite|needs-platform-expansion|needs-landing-page-normalization,not_started,not_started,,,,
docs/rtsa/mcp-integrate.mdx,content/docs/zh-CN/realtime-media/rtsa/mcp-integrate.mdx,migrate_page_after_syntax_and_ia_review,needs_review,medium,partial,,Batch with same product after syntax-map confirmation.,needs-directive-rewrite|needs-include-standardization,not_started,not_started,,,,
docs/rtsa/overview/billing.mdx,content/docs/zh-CN/realtime-media/rtsa/overview/billing.mdx,migrate_page_after_syntax_and_ia_review,needs_review,medium,partial,,Batch with same product after syntax-map confirmation.,needs-directive-rewrite,not_started,not_started,,,,
docs/rtsa/overview/product-overview.mdx,content/docs/zh-CN/realtime-media/rtsa/overview/product-overview.mdx,migrate_page_after_syntax_and_ia_review,needs_review,high,no,,Review legacy JSX/shared/platform/API patterns before batching.,needs-directive-rewrite|needs-platform-expansion|needs-table-normalization,not_started,not_started,,,,
docs/rtsa/overview/release-notes.c.mdx,content/docs/zh-CN/realtime-media/rtsa/overview/release-notes.c.mdx,migrate_page_after_syntax_and_ia_review,needs_review,medium,partial,,Batch with same product after syntax-map confirmation.,needs-directive-rewrite|needs-table-normalization,not_started,not_started,,,,
docs/rtsa/overview/release-notes.java.mdx,content/docs/zh-CN/realtime-media/rtsa/overview/release-notes.java.mdx,migrate_page_after_syntax_and_ia_review,needs_review,medium,partial,,Batch with same product after syntax-map confirmation.,needs-directive-rewrite|needs-table-normalization,not_started,not_started,,,,
docs/rtsa/overview/sunset.java.mdx,content/docs/zh-CN/realtime-media/rtsa/overview/sunset.java.mdx,migrate_page_after_syntax_and_ia_review,needs_review,low,yes,,Batch with same product after syntax-map confirmation.,ready-native,not_started,not_started,,,,
docs/rtsa/resources.c.mdx,content/docs/zh-CN/realtime-media/rtsa/resources.c.mdx,migrate_page_after_syntax_and_ia_review,needs_review,high,no,,Review legacy JSX/shared/platform/API patterns before batching.,needs-directive-rewrite|needs-platform-expansion|needs-landing-page-normalization,not_started,not_started,,,,
docs/rtsa/skills-integrate.mdx,content/docs/zh-CN/realtime-media/rtsa/skills-integrate.mdx,migrate_page_after_syntax_and_ia_review,needs_review,medium,partial,,Batch with same product after syntax-map confirmation.,needs-directive-rewrite|needs-include-standardization,not_started,not_started,,,,
docs/sdk-extension/metakit/api-ref.mdx,content/docs/zh-CN/realtime-media/sdk-extensions/metakit/api-ref.mdx,migrate_page_after_syntax_and_ia_review,needs_review,high,no,,Review legacy JSX/shared/platform/API patterns before batching.,needs-directive-rewrite|needs-platform-expansion|needs-table-normalization|needs-image-standard,not_started,not_started,,,,
docs/sdk-extension/metakit/dress.mdx,content/docs/zh-CN/realtime-media/sdk-extensions/metakit/dress.mdx,migrate_page_after_syntax_and_ia_review,needs_review,low,yes,,Batch with same product after syntax-map confirmation.,ready-native,not_started,not_started,,,,
docs/sdk-extension/metakit/face.mdx,content/docs/zh-CN/realtime-media/sdk-extensions/metakit/face.mdx,migrate_page_after_syntax_and_ia_review,needs_review,medium,partial,,Batch with same product after syntax-map confirmation.,needs-image-standard,not_started,not_started,,,,
docs/sdk-extension/metakit/landing-page.android.mdx,content/docs/zh-CN/realtime-media/sdk-extensions/metakit/landing-page.android.mdx,migrate_page_after_syntax_and_ia_review,needs_review,high,no,,Review legacy JSX/shared/platform/API patterns before batching.,needs-directive-rewrite|needs-landing-page-normalization,not_started,not_started,,,,
docs/sdk-extension/metakit/landing-page.ios.mdx,content/docs/zh-CN/realtime-media/sdk-extensions/metakit/landing-page.ios.mdx,migrate_page_after_syntax_and_ia_review,needs_review,high,no,,Review legacy JSX/shared/platform/API patterns before batching.,needs-directive-rewrite|needs-landing-page-normalization,not_started,not_started,,,,
docs/sdk-extension/metakit/mcp-integrate.mdx,content/docs/zh-CN/realtime-media/sdk-extensions/metakit/mcp-integrate.mdx,migrate_page_after_syntax_and_ia_review,needs_review,medium,partial,,Batch with same product after syntax-map confirmation.,needs-directive-rewrite|needs-include-standardization,not_started,not_started,,,,
docs/sdk-extension/metakit/overview.mdx,content/docs/zh-CN/realtime-media/sdk-extensions/metakit/overview.mdx,migrate_page_after_syntax_and_ia_review,needs_review,medium,partial,,Batch with same product after syntax-map confirmation.,needs-directive-rewrite|needs-table-normalization|needs-image-standard,not_started,not_started,,,,
docs/sdk-extension/metakit/quick-start.android.mdx,content/docs/zh-CN/realtime-media/sdk-extensions/metakit/quick-start.android.mdx,migrate_page_after_syntax_and_ia_review,needs_review,medium,partial,,Batch with same product after syntax-map confirmation.,needs-directive-rewrite|needs-table-normalization|needs-image-standard,not_started,not_started,,,,
docs/sdk-extension/metakit/quick-start.ios.mdx,content/docs/zh-CN/realtime-media/sdk-extensions/metakit/quick-start.ios.mdx,migrate_page_after_syntax_and_ia_review,needs_review,medium,partial,,Batch with same product after syntax-map confirmation.,needs-directive-rewrite|needs-table-normalization|needs-image-standard,not_started,not_started,,,,
docs/sdk-extension/metakit/release-notes.android.mdx,content/docs/zh-CN/realtime-media/sdk-extensions/metakit/release-notes.android.mdx,migrate_page_after_syntax_and_ia_review,needs_review,medium,partial,,Batch with same product after syntax-map confirmation.,needs-directive-rewrite,not_started,not_started,,,,
docs/sdk-extension/metakit/release-notes.ios.mdx,content/docs/zh-CN/realtime-media/sdk-extensions/metakit/release-notes.ios.mdx,migrate_page_after_syntax_and_ia_review,needs_review,medium,partial,,Batch with same product after syntax-map confirmation.,needs-directive-rewrite,not_started,not_started,,,,
docs/sdk-extension/metakit/resources.mdx,content/docs/zh-CN/realtime-media/sdk-extensions/metakit/resources.mdx,migrate_page_after_syntax_and_ia_review,needs_review,high,no,,Review legacy JSX/shared/platform/API patterns before batching.,needs-directive-rewrite|needs-platform-expansion|needs-landing-page-normalization,not_started,not_started,,,,
docs/sdk-extension/metakit/skills-integrate.mdx,content/docs/zh-CN/realtime-media/sdk-extensions/metakit/skills-integrate.mdx,migrate_page_after_syntax_and_ia_review,needs_review,medium,partial,,Batch with same product after syntax-map confirmation.,needs-directive-rewrite|needs-include-standardization,not_started,not_started,,,,
docs/sdk-extension/portrait-rhythm/key-value.mdx,content/docs/zh-CN/realtime-media/sdk-extensions/portrait-rhythm/key-value.mdx,migrate_page_after_syntax_and_ia_review,needs_review,high,no,,Review legacy JSX/shared/platform/API patterns before batching.,needs-directive-rewrite|needs-platform-expansion,not_started,not_started,,,,
docs/sdk-extension/portrait-rhythm/landing-page.android.mdx,content/docs/zh-CN/realtime-media/sdk-extensions/portrait-rhythm/landing-page.android.mdx,migrate_page_after_syntax_and_ia_review,needs_review,high,no,,Review legacy JSX/shared/platform/API patterns before batching.,needs-directive-rewrite|needs-landing-page-normalization,not_started,not_started,,,,
docs/sdk-extension/portrait-rhythm/landing-page.ios.mdx,content/docs/zh-CN/realtime-media/sdk-extensions/portrait-rhythm/landing-page.ios.mdx,migrate_page_after_syntax_and_ia_review,needs_review,high,no,,Review legacy JSX/shared/platform/API patterns before batching.,needs-directive-rewrite|needs-landing-page-normalization,not_started,not_started,,,,
docs/sdk-extension/portrait-rhythm/mcp-integrate.mdx,content/docs/zh-CN/realtime-media/sdk-extensions/portrait-rhythm/mcp-integrate.mdx,migrate_page_after_syntax_and_ia_review,needs_review,medium,partial,,Batch with same product after syntax-map confirmation.,needs-directive-rewrite|needs-include-standardization,not_started,not_started,,,,
docs/sdk-extension/portrait-rhythm/overview.mdx,content/docs/zh-CN/realtime-media/sdk-extensions/portrait-rhythm/overview.mdx,migrate_page_after_syntax_and_ia_review,needs_review,medium,partial,,Batch with same product after syntax-map confirmation.,needs-directive-rewrite|needs-table-normalization|needs-image-standard,not_started,not_started,,,,
docs/sdk-extension/portrait-rhythm/quick-start.ios.android.mdx,content/docs/zh-CN/realtime-media/sdk-extensions/portrait-rhythm/quick-start.ios.android.mdx,migrate_page_after_syntax_and_ia_review,needs_review,high,no,,Review legacy JSX/shared/platform/API patterns before batching.,needs-directive-rewrite|needs-platform-expansion|needs-image-standard,not_started,not_started,,,,
docs/sdk-extension/portrait-rhythm/release-notes.mdx,content/docs/zh-CN/realtime-media/sdk-extensions/portrait-rhythm/release-notes.mdx,migrate_page_after_syntax_and_ia_review,needs_review,medium,partial,,Batch with same product after syntax-map confirmation.,needs-directive-rewrite,not_started,not_started,,,,
docs/sdk-extension/portrait-rhythm/resources.mdx,content/docs/zh-CN/realtime-media/sdk-extensions/portrait-rhythm/resources.mdx,migrate_page_after_syntax_and_ia_review,needs_review,high,no,,Review legacy JSX/shared/platform/API patterns before batching.,needs-directive-rewrite|needs-platform-expansion|needs-landing-page-normalization,not_started,not_started,,,,
docs/sdk-extension/portrait-rhythm/skills-integrate.mdx,content/docs/zh-CN/realtime-media/sdk-extensions/portrait-rhythm/skills-integrate.mdx,migrate_page_after_syntax_and_ia_review,needs_review,medium,partial,,Batch with same product after syntax-map confirmation.,needs-directive-rewrite|needs-include-standardization,not_started,not_started,,,,
docs/shared/chatroom/app-flow.mdx,content/docs/zh-CN/_shared/chatroom/app-flow.mdx,audit_shared_dependency_then_include_or_inline,needs_review,medium,partial,,Decide include location and whether to inline or keep reusable shared file.,shared-inventory|depth:0,not_started,not_started,,,,
docs/shared/chatroom/host-url-replace.mdx,content/docs/zh-CN/_shared/chatroom/host-url-replace.mdx,audit_shared_dependency_then_include_or_inline,needs_review,medium,partial,,Decide include location and whether to inline or keep reusable shared file.,shared-inventory|depth:0,not_started,not_started,,,,
docs/shared/chatroom/pic-uikit-architecture.mdx,content/docs/zh-CN/_shared/chatroom/pic-uikit-architecture.mdx,audit_shared_dependency_then_include_or_inline,needs_review,medium,partial,,Decide include location and whether to inline or keep reusable shared file.,shared-inventory|depth:0,not_started,not_started,,,,
docs/shared/chatroom/platform-uikit-architecture.mdx,content/docs/zh-CN/_shared/chatroom/platform-uikit-architecture.mdx,audit_shared_dependency_then_include_or_inline,needs_review,medium,partial,,Decide include location and whether to inline or keep reusable shared file.,shared-inventory|depth:0,not_started,not_started,,,,
docs/shared/chatroom/resource-doc-uikit.mdx,content/docs/zh-CN/_shared/chatroom/resource-doc-uikit.mdx,audit_shared_dependency_then_include_or_inline,needs_review,medium,partial,,Decide include location and whether to inline or keep reusable shared file.,shared-inventory|depth:0,not_started,not_started,,,,
docs/shared/chatroom/resource-github-auikit.mdx,content/docs/zh-CN/_shared/chatroom/resource-github-auikit.mdx,audit_shared_dependency_then_include_or_inline,needs_review,medium,partial,,Decide include location and whether to inline or keep reusable shared file.,shared-inventory|depth:0,not_started,not_started,,,,
docs/shared/chatroom/resource-github-sdk.mdx,content/docs/zh-CN/_shared/chatroom/resource-github-sdk.mdx,audit_shared_dependency_then_include_or_inline,needs_review,medium,partial,,Decide include location and whether to inline or keep reusable shared file.,shared-inventory|depth:0,not_started,not_started,,,,
docs/shared/chatroom/resource-github-uikit.mdx,content/docs/zh-CN/_shared/chatroom/resource-github-uikit.mdx,audit_shared_dependency_then_include_or_inline,needs_review,medium,partial,,Decide include location and whether to inline or keep reusable shared file.,shared-inventory|depth:0,not_started,not_started,,,,
docs/shared/cloud-recording/api-acquire-start-stop.mdx,content/docs/zh-CN/_shared/cloud-recording/api-acquire-start-stop.mdx,audit_shared_dependency_then_include_or_inline,needs_review,medium,partial,,Decide include location and whether to inline or keep reusable shared file.,shared-inventory|depth:0,not_started,not_started,,,,
docs/shared/cloud-recording/api-acquire-start.mdx,content/docs/zh-CN/_shared/cloud-recording/api-acquire-start.mdx,audit_shared_dependency_then_include_or_inline,needs_review,medium,partial,,Decide include location and whether to inline or keep reusable shared file.,shared-inventory|depth:0,not_started,not_started,,,,
docs/shared/cloud-recording/billing-consid.mdx,content/docs/zh-CN/_shared/cloud-recording/billing-consid.mdx,audit_shared_dependency_then_include_or_inline,needs_review,medium,partial,,Decide include location and whether to inline or keep reusable shared file.,shared-inventory|depth:0,not_started,not_started,,,,
docs/shared/cloud-recording/billing-faq.mdx,content/docs/zh-CN/_shared/cloud-recording/billing-faq.mdx,audit_shared_dependency_then_include_or_inline,needs_review,medium,partial,,Decide include location and whether to inline or keep reusable shared file.,shared-inventory|depth:0,not_started,not_started,,,,
docs/shared/cloud-recording/billing-intro.mdx,content/docs/zh-CN/_shared/cloud-recording/billing-intro.mdx,audit_shared_dependency_then_include_or_inline,needs_review,medium,partial,,Decide include location and whether to inline or keep reusable shared file.,shared-inventory|depth:0,not_started,not_started,,,,
docs/shared/cloud-transcoder/auth-intro.mdx,content/docs/zh-CN/_shared/cloud-transcoder/auth-intro.mdx,audit_shared_dependency_then_include_or_inline,needs_review,medium,partial,,Decide include location and whether to inline or keep reusable shared file.,shared-inventory|depth:0,not_started,not_started,,,,
docs/shared/cloud-transcoder/enable-service.mdx,content/docs/zh-CN/_shared/cloud-transcoder/enable-service.mdx,audit_shared_dependency_then_include_or_inline,needs_review,high,no,,Decide include location and whether to inline or keep reusable shared file.,shared-inventory|depth:1,not_started,not_started,,,,
docs/shared/cloud-transcoder/next-step.mdx,content/docs/zh-CN/_shared/cloud-transcoder/next-step.mdx,audit_shared_dependency_then_include_or_inline,needs_review,medium,partial,,Decide include location and whether to inline or keep reusable shared file.,shared-inventory|depth:0,not_started,not_started,,,,
docs/shared/cloud-transcoder/solution-overview.mdx,content/docs/zh-CN/_shared/cloud-transcoder/solution-overview.mdx,audit_shared_dependency_then_include_or_inline,needs_review,medium,partial,,Decide include location and whether to inline or keep reusable shared file.,shared-inventory|depth:0,not_started,not_started,,,,
docs/shared/common/create-agora-project.mdx,content/docs/zh-CN/_shared/common/create-agora-project.mdx,audit_shared_dependency_then_include_or_inline,needs_review,medium,partial,,Decide include location and whether to inline or keep reusable shared file.,shared-inventory|depth:0,not_started,not_started,,,,
docs/shared/common/enable-ncs-v2-0.mdx,content/docs/zh-CN/_shared/common/enable-ncs-v2-0.mdx,audit_shared_dependency_then_include_or_inline,needs_review,medium,partial,,Decide include location and whether to inline or keep reusable shared file.,shared-inventory|depth:0,not_started,not_started,,,,
docs/shared/common/enable-ncs-v2-1.mdx,content/docs/zh-CN/_shared/common/enable-ncs-v2-1.mdx,audit_shared_dependency_then_include_or_inline,needs_review,medium,partial,,Decide include location and whether to inline or keep reusable shared file.,shared-inventory|depth:0,not_started,not_started,,,,
docs/shared/common/enable-ncs-v2-2.mdx,content/docs/zh-CN/_shared/common/enable-ncs-v2-2.mdx,audit_shared_dependency_then_include_or_inline,needs_review,medium,partial,,Decide include location and whether to inline or keep reusable shared file.,shared-inventory|depth:0,not_started,not_started,,,,
docs/shared/common/enable-ncs-v2-3.mdx,content/docs/zh-CN/_shared/common/enable-ncs-v2-3.mdx,audit_shared_dependency_then_include_or_inline,needs_review,medium,partial,,Decide include location and whether to inline or keep reusable shared file.,shared-inventory|depth:0,not_started,not_started,,,,
docs/shared/common/enable-rtm2.mdx,content/docs/zh-CN/_shared/common/enable-rtm2.mdx,audit_shared_dependency_then_include_or_inline,needs_review,medium,partial,,Decide include location and whether to inline or keep reusable shared file.,shared-inventory|depth:0,not_started,not_started,,,,
docs/shared/common/fls-data.mdx,content/docs/zh-CN/_shared/common/fls-data.mdx,audit_shared_dependency_then_include_or_inline,needs_review,medium,partial,,Decide include location and whether to inline or keep reusable shared file.,shared-inventory|depth:0,not_started,not_started,,,,
docs/shared/common/generate-rtc-token.mdx,content/docs/zh-CN/_shared/common/generate-rtc-token.mdx,audit_shared_dependency_then_include_or_inline,needs_review,medium,partial,,Decide include location and whether to inline or keep reusable shared file.,shared-inventory|depth:1,not_started,not_started,,,,
docs/shared/common/get-app-certificate.mdx,content/docs/zh-CN/_shared/common/get-app-certificate.mdx,audit_shared_dependency_then_include_or_inline,needs_review,medium,partial,,Decide include location and whether to inline or keep reusable shared file.,shared-inventory|depth:0,not_started,not_started,,,,
docs/shared/common/get-app-id.mdx,content/docs/zh-CN/_shared/common/get-app-id.mdx,audit_shared_dependency_then_include_or_inline,needs_review,medium,partial,,Decide include location and whether to inline or keep reusable shared file.,shared-inventory|depth:0,not_started,not_started,,,,
docs/shared/common/get-customer-id-secret.mdx,content/docs/zh-CN/_shared/common/get-customer-id-secret.mdx,audit_shared_dependency_then_include_or_inline,needs_review,medium,partial,,Decide include location and whether to inline or keep reusable shared file.,shared-inventory|depth:0,not_started,not_started,,,,
docs/shared/common/get-temp-token.mdx,content/docs/zh-CN/_shared/common/get-temp-token.mdx,audit_shared_dependency_then_include_or_inline,needs_review,medium,partial,,Decide include location and whether to inline or keep reusable shared file.,shared-inventory|depth:0,not_started,not_started,,,,
docs/shared/common/http-basic-auth.mdx,content/docs/zh-CN/_shared/common/http-basic-auth.mdx,audit_shared_dependency_then_include_or_inline,needs_review,medium,partial,,Decide include location and whether to inline or keep reusable shared file.,shared-inventory|depth:0,not_started,not_started,,,,
docs/shared/common/http-token-auth.mdx,content/docs/zh-CN/_shared/common/http-token-auth.mdx,audit_shared_dependency_then_include_or_inline,needs_review,medium,partial,,Decide include location and whether to inline or keep reusable shared file.,shared-inventory|depth:0,not_started,not_started,,,,
docs/shared/common/login-console.mdx,content/docs/zh-CN/_shared/common/login-console.mdx,audit_shared_dependency_then_include_or_inline,needs_review,medium,partial,,Decide include location and whether to inline or keep reusable shared file.,shared-inventory|depth:0,not_started,not_started,,,,
docs/shared/common/mcp-integrate.mdx,content/docs/zh-CN/_shared/common/mcp-integrate.mdx,audit_shared_dependency_then_include_or_inline,needs_review,medium,partial,,Decide include location and whether to inline or keep reusable shared file.,shared-inventory|depth:0,not_started,not_started,,,,
docs/shared/common/skills-integrate.mdx,content/docs/zh-CN/_shared/common/skills-integrate.mdx,audit_shared_dependency_then_include_or_inline,needs_review,medium,partial,,Decide include location and whether to inline or keep reusable shared file.,shared-inventory|depth:0,not_started,not_started,,,,
docs/shared/common/upgrade-rtc-token.mdx,content/docs/zh-CN/_shared/common/upgrade-rtc-token.mdx,audit_shared_dependency_then_include_or_inline,needs_review,medium,partial,,Decide include location and whether to inline or keep reusable shared file.,shared-inventory|depth:1,not_started,not_started,,,,
docs/shared/convoai/component-agent.mdx,content/docs/zh-CN/_shared/convoai/component-agent.mdx,audit_shared_dependency_then_include_or_inline,needs_review,medium,partial,,Decide include location and whether to inline or keep reusable shared file.,shared-inventory|depth:0,not_started,not_started,,,,
docs/shared/convoai/component-destroy.mdx,content/docs/zh-CN/_shared/convoai/component-destroy.mdx,audit_shared_dependency_then_include_or_inline,needs_review,medium,partial,,Decide include location and whether to inline or keep reusable shared file.,shared-inventory|depth:0,not_started,not_started,,,,
docs/shared/convoai/component-integrate.mdx,content/docs/zh-CN/_shared/convoai/component-integrate.mdx,audit_shared_dependency_then_include_or_inline,needs_review,medium,partial,,Decide include location and whether to inline or keep reusable shared file.,shared-inventory|depth:0,not_started,not_started,,,,
docs/shared/convoai/component-intro.mdx,content/docs/zh-CN/_shared/convoai/component-intro.mdx,audit_shared_dependency_then_include_or_inline,needs_review,medium,partial,,Decide include location and whether to inline or keep reusable shared file.,shared-inventory|depth:0,not_started,not_started,,,,
docs/shared/convoai/component-prereq.mdx,content/docs/zh-CN/_shared/convoai/component-prereq.mdx,audit_shared_dependency_then_include_or_inline,needs_review,medium,partial,,Decide include location and whether to inline or keep reusable shared file.,shared-inventory|depth:0,not_started,not_started,,,,
docs/shared/convoai/component-structure.mdx,content/docs/zh-CN/_shared/convoai/component-structure.mdx,audit_shared_dependency_then_include_or_inline,needs_review,medium,partial,,Decide include location and whether to inline or keep reusable shared file.,shared-inventory|depth:0,not_started,not_started,,,,
docs/shared/dummy-product/template.mdx,content/docs/zh-CN/_shared/dummy-product/template.mdx,audit_shared_dependency_then_include_or_inline,needs_review,medium,partial,,Decide include location and whether to inline or keep reusable shared file.,shared-inventory|depth:0,not_started,not_started,,,,
docs/shared/dummy-product/vars.mdx,content/docs/zh-CN/_shared/dummy-product/vars.mdx,audit_shared_dependency_then_include_or_inline,needs_review,medium,partial,,Decide include location and whether to inline or keep reusable shared file.,shared-inventory|depth:0,not_started,not_started,,,,
docs/shared/education-paas/advantages.mdx,content/docs/zh-CN/_shared/education-paas/advantages.mdx,audit_shared_dependency_then_include_or_inline,needs_review,medium,partial,,Decide include location and whether to inline or keep reusable shared file.,shared-inventory|depth:0,not_started,not_started,,,,
docs/shared/education-paas/digital-integration-1.mdx,content/docs/zh-CN/_shared/education-paas/digital-integration-1.mdx,audit_shared_dependency_then_include_or_inline,needs_review,medium,partial,,Decide include location and whether to inline or keep reusable shared file.,shared-inventory|depth:0,not_started,not_started,,,,
docs/shared/education-paas/digital-integration-2.mdx,content/docs/zh-CN/_shared/education-paas/digital-integration-2.mdx,audit_shared_dependency_then_include_or_inline,needs_review,medium,partial,,Decide include location and whether to inline or keep reusable shared file.,shared-inventory|depth:0,not_started,not_started,,,,
docs/shared/education-paas/paas-arch.mdx,content/docs/zh-CN/_shared/education-paas/paas-arch.mdx,audit_shared_dependency_then_include_or_inline,needs_review,medium,partial,,Decide include location and whether to inline or keep reusable shared file.,shared-inventory|depth:0,not_started,not_started,,,,
docs/shared/education-paas/paas-integration.mdx,content/docs/zh-CN/_shared/education-paas/paas-integration.mdx,audit_shared_dependency_then_include_or_inline,needs_review,medium,partial,,Decide include location and whether to inline or keep reusable shared file.,shared-inventory|depth:0,not_started,not_started,,,,
docs/shared/education-paas/paas-practices.mdx,content/docs/zh-CN/_shared/education-paas/paas-practices.mdx,audit_shared_dependency_then_include_or_inline,needs_review,medium,partial,,Decide include location and whether to inline or keep reusable shared file.,shared-inventory|depth:0,not_started,not_started,,,,
docs/shared/education-paas/solution-compare.mdx,content/docs/zh-CN/_shared/education-paas/solution-compare.mdx,audit_shared_dependency_then_include_or_inline,needs_review,medium,partial,,Decide include location and whether to inline or keep reusable shared file.,shared-inventory|depth:0,not_started,not_started,,,,
docs/shared/flexible-classroom/_appid.mdx,content/docs/zh-CN/_shared/flexible-classroom/_appid.mdx,audit_shared_dependency_then_include_or_inline,needs_review,medium,partial,,Decide include location and whether to inline or keep reusable shared file.,shared-inventory|depth:0,not_started,not_started,,,,
docs/shared/flexible-classroom/_code.mdx,content/docs/zh-CN/_shared/flexible-classroom/_code.mdx,audit_shared_dependency_then_include_or_inline,needs_review,medium,partial,,Decide include location and whether to inline or keep reusable shared file.,shared-inventory|depth:0,not_started,not_started,,,,
docs/shared/flexible-classroom/_create-project.mdx,content/docs/zh-CN/_shared/flexible-classroom/_create-project.mdx,audit_shared_dependency_then_include_or_inline,needs_review,medium,partial,,Decide include location and whether to inline or keep reusable shared file.,shared-inventory|depth:0,not_started,not_started,,,,
docs/shared/flexible-classroom/_demo-token.mdx,content/docs/zh-CN/_shared/flexible-classroom/_demo-token.mdx,audit_shared_dependency_then_include_or_inline,needs_review,medium,partial,,Decide include location and whether to inline or keep reusable shared file.,shared-inventory|depth:0,not_started,not_started,,,,
docs/shared/flexible-classroom/_dev-env-android.mdx,content/docs/zh-CN/_shared/flexible-classroom/_dev-env-android.mdx,audit_shared_dependency_then_include_or_inline,needs_review,medium,partial,,Decide include location and whether to inline or keep reusable shared file.,shared-inventory|depth:0,not_started,not_started,,,,
docs/shared/flexible-classroom/_dev-env-ios.mdx,content/docs/zh-CN/_shared/flexible-classroom/_dev-env-ios.mdx,audit_shared_dependency_then_include_or_inline,needs_review,medium,partial,,Decide include location and whether to inline or keep reusable shared file.,shared-inventory|depth:0,not_started,not_started,,,,
docs/shared/flexible-classroom/_dev-env-web-electron.mdx,content/docs/zh-CN/_shared/flexible-classroom/_dev-env-web-electron.mdx,audit_shared_dependency_then_include_or_inline,needs_review,medium,partial,,Decide include location and whether to inline or keep reusable shared file.,shared-inventory|depth:0,not_started,not_started,,,,
docs/shared/flexible-classroom/_msg.mdx,content/docs/zh-CN/_shared/flexible-classroom/_msg.mdx,audit_shared_dependency_then_include_or_inline,needs_review,medium,partial,,Decide include location and whether to inline or keep reusable shared file.,shared-inventory|depth:0,not_started,not_started,,,,
docs/shared/flexible-classroom/_oss-notes.mdx,content/docs/zh-CN/_shared/flexible-classroom/_oss-notes.mdx,audit_shared_dependency_then_include_or_inline,needs_review,medium,partial,,Decide include location and whether to inline or keep reusable shared file.,shared-inventory|depth:0,not_started,not_started,,,,
docs/shared/flexible-classroom/_region.mdx,content/docs/zh-CN/_shared/flexible-classroom/_region.mdx,audit_shared_dependency_then_include_or_inline,needs_review,medium,partial,,Decide include location and whether to inline or keep reusable shared file.,shared-inventory|depth:0,not_started,not_started,,,,
docs/shared/flexible-classroom/_roomuuid.mdx,content/docs/zh-CN/_shared/flexible-classroom/_roomuuid.mdx,audit_shared_dependency_then_include_or_inline,needs_review,high,no,,Decide include location and whether to inline or keep reusable shared file.,shared-inventory|depth:1,not_started,not_started,,,,
docs/shared/flexible-classroom/_run-preq-android.mdx,content/docs/zh-CN/_shared/flexible-classroom/_run-preq-android.mdx,audit_shared_dependency_then_include_or_inline,needs_review,medium,partial,,Decide include location and whether to inline or keep reusable shared file.,shared-inventory|depth:0,not_started,not_started,,,,
docs/shared/flexible-classroom/_run-preq-electron.mdx,content/docs/zh-CN/_shared/flexible-classroom/_run-preq-electron.mdx,audit_shared_dependency_then_include_or_inline,needs_review,medium,partial,,Decide include location and whether to inline or keep reusable shared file.,shared-inventory|depth:0,not_started,not_started,,,,
docs/shared/flexible-classroom/_run-preq-ios.mdx,content/docs/zh-CN/_shared/flexible-classroom/_run-preq-ios.mdx,audit_shared_dependency_then_include_or_inline,needs_review,medium,partial,,Decide include location and whether to inline or keep reusable shared file.,shared-inventory|depth:0,not_started,not_started,,,,
docs/shared/flexible-classroom/_run-preq-web.mdx,content/docs/zh-CN/_shared/flexible-classroom/_run-preq-web.mdx,audit_shared_dependency_then_include_or_inline,needs_review,medium,partial,,Decide include location and whether to inline or keep reusable shared file.,shared-inventory|depth:0,not_started,not_started,,,,
docs/shared/flexible-classroom/_source-code-android.mdx,content/docs/zh-CN/_shared/flexible-classroom/_source-code-android.mdx,audit_shared_dependency_then_include_or_inline,needs_review,medium,partial,,Decide include location and whether to inline or keep reusable shared file.,shared-inventory|depth:0,not_started,not_started,,,,
docs/shared/flexible-classroom/_source-code-electron-web.mdx,content/docs/zh-CN/_shared/flexible-classroom/_source-code-electron-web.mdx,audit_shared_dependency_then_include_or_inline,needs_review,medium,partial,,Decide include location and whether to inline or keep reusable shared file.,shared-inventory|depth:0,not_started,not_started,,,,
docs/shared/flexible-classroom/_tech.mdx,content/docs/zh-CN/_shared/flexible-classroom/_tech.mdx,audit_shared_dependency_then_include_or_inline,needs_review,medium,partial,,Decide include location and whether to inline or keep reusable shared file.,shared-inventory|depth:0,not_started,not_started,,,,
docs/shared/flexible-classroom/_token-note.mdx,content/docs/zh-CN/_shared/flexible-classroom/_token-note.mdx,audit_shared_dependency_then_include_or_inline,needs_review,medium,partial,,Decide include location and whether to inline or keep reusable shared file.,shared-inventory|depth:0,not_started,not_started,,,,
docs/shared/flexible-classroom/_ts.mdx,content/docs/zh-CN/_shared/flexible-classroom/_ts.mdx,audit_shared_dependency_then_include_or_inline,needs_review,medium,partial,,Decide include location and whether to inline or keep reusable shared file.,shared-inventory|depth:0,not_started,not_started,,,,
docs/shared/flexible-classroom/_useruuid.mdx,content/docs/zh-CN/_shared/flexible-classroom/_useruuid.mdx,audit_shared_dependency_then_include_or_inline,needs_review,high,no,,Decide include location and whether to inline or keep reusable shared file.,shared-inventory|depth:1,not_started,not_started,,,,
docs/shared/marketplace/[deprecated]-agora-api-docs.mdx,content/docs/zh-CN/_shared/marketplace/[deprecated]-agora-api-docs.mdx,audit_shared_dependency_then_include_or_inline,needs_review,medium,partial,,Decide include location and whether to inline or keep reusable shared file.,shared-inventory|depth:0,not_started,not_started,,,,
docs/shared/marketplace/api-extension.mdx,content/docs/zh-CN/_shared/marketplace/api-extension.mdx,audit_shared_dependency_then_include_or_inline,needs_review,medium,partial,,Decide include location and whether to inline or keep reusable shared file.,shared-inventory|depth:0,not_started,not_started,,,,
docs/shared/marketplace/audio-moderation-1.mdx,content/docs/zh-CN/_shared/marketplace/audio-moderation-1.mdx,audit_shared_dependency_then_include_or_inline,needs_review,medium,partial,,Decide include location and whether to inline or keep reusable shared file.,shared-inventory|depth:0,not_started,not_started,,,,
docs/shared/marketplace/audio-moderation-2.mdx,content/docs/zh-CN/_shared/marketplace/audio-moderation-2.mdx,audit_shared_dependency_then_include_or_inline,needs_review,medium,partial,,Decide include location and whether to inline or keep reusable shared file.,shared-inventory|depth:0,not_started,not_started,,,,
docs/shared/marketplace/create-environment.mdx,content/docs/zh-CN/_shared/marketplace/create-environment.mdx,audit_shared_dependency_then_include_or_inline,needs_review,medium,partial,,Decide include location and whether to inline or keep reusable shared file.,shared-inventory|depth:0,not_started,not_started,,,,
docs/shared/marketplace/create-prerequisites.mdx,content/docs/zh-CN/_shared/marketplace/create-prerequisites.mdx,audit_shared_dependency_then_include_or_inline,needs_review,medium,partial,,Decide include location and whether to inline or keep reusable shared file.,shared-inventory|depth:0,not_started,not_started,,,,
docs/shared/marketplace/extension-tech.mdx,content/docs/zh-CN/_shared/marketplace/extension-tech.mdx,audit_shared_dependency_then_include_or_inline,needs_review,medium,partial,,Decide include location and whether to inline or keep reusable shared file.,shared-inventory|depth:0,not_started,not_started,,,,
docs/shared/marketplace/integrate-video-sdk.mdx,content/docs/zh-CN/_shared/marketplace/integrate-video-sdk.mdx,audit_shared_dependency_then_include_or_inline,needs_review,medium,partial,,Decide include location and whether to inline or keep reusable shared file.,shared-inventory|depth:0,not_started,not_started,,,,
docs/shared/marketplace/integrate-voice-sdk.mdx,content/docs/zh-CN/_shared/marketplace/integrate-voice-sdk.mdx,audit_shared_dependency_then_include_or_inline,needs_review,medium,partial,,Decide include location and whether to inline or keep reusable shared file.,shared-inventory|depth:0,not_started,not_started,,,,
docs/shared/marketplace/package.mdx,content/docs/zh-CN/_shared/marketplace/package.mdx,audit_shared_dependency_then_include_or_inline,needs_review,medium,partial,,Decide include location and whether to inline or keep reusable shared file.,shared-inventory|depth:0,not_started,not_started,,,,
docs/shared/marketplace/prerequisites.mdx,content/docs/zh-CN/_shared/marketplace/prerequisites.mdx,audit_shared_dependency_then_include_or_inline,needs_review,medium,partial,,Decide include location and whether to inline or keep reusable shared file.,shared-inventory|depth:0,not_started,not_started,,,,
docs/shared/marketplace/processor.mdx,content/docs/zh-CN/_shared/marketplace/processor.mdx,audit_shared_dependency_then_include_or_inline,needs_review,medium,partial,,Decide include location and whether to inline or keep reusable shared file.,shared-inventory|depth:0,not_started,not_started,,,,
docs/shared/marketplace/ticker.mdx,content/docs/zh-CN/_shared/marketplace/ticker.mdx,audit_shared_dependency_then_include_or_inline,needs_review,medium,partial,,Decide include location and whether to inline or keep reusable shared file.,shared-inventory|depth:0,not_started,not_started,,,,
docs/shared/marketplace/upgrade-extensions.mdx,content/docs/zh-CN/_shared/marketplace/upgrade-extensions.mdx,audit_shared_dependency_then_include_or_inline,needs_review,medium,partial,,Decide include location and whether to inline or keep reusable shared file.,shared-inventory|depth:0,not_started,not_started,,,,
docs/shared/marketplace/video-moderation-2.mdx,content/docs/zh-CN/_shared/marketplace/video-moderation-2.mdx,audit_shared_dependency_then_include_or_inline,needs_review,medium,partial,,Decide include location and whether to inline or keep reusable shared file.,shared-inventory|depth:0,not_started,not_started,,,,
docs/shared/marketplace/video-moderation-faq-2.mdx,content/docs/zh-CN/_shared/marketplace/video-moderation-faq-2.mdx,audit_shared_dependency_then_include_or_inline,needs_review,medium,partial,,Decide include location and whether to inline or keep reusable shared file.,shared-inventory|depth:0,not_started,not_started,,,,
docs/shared/marketplace/video-moderation-faq.mdx,content/docs/zh-CN/_shared/marketplace/video-moderation-faq.mdx,audit_shared_dependency_then_include_or_inline,needs_review,medium,partial,,Decide include location and whether to inline or keep reusable shared file.,shared-inventory|depth:0,not_started,not_started,,,,
docs/shared/marketplace/video-moderation.mdx,content/docs/zh-CN/_shared/marketplace/video-moderation.mdx,audit_shared_dependency_then_include_or_inline,needs_review,medium,partial,,Decide include location and whether to inline or keep reusable shared file.,shared-inventory|depth:0,not_started,not_started,,,,
docs/shared/media-pull/failure-migration.mdx,content/docs/zh-CN/_shared/media-pull/failure-migration.mdx,audit_shared_dependency_then_include_or_inline,needs_review,medium,partial,,Decide include location and whether to inline or keep reusable shared file.,shared-inventory|depth:0,not_started,not_started,,,,
docs/shared/meeting/base-url.mdx,content/docs/zh-CN/_shared/meeting/base-url.mdx,audit_shared_dependency_then_include_or_inline,needs_review,medium,partial,,Decide include location and whether to inline or keep reusable shared file.,shared-inventory|depth:0,not_started,not_started,,,,
docs/shared/meeting/content-type.mdx,content/docs/zh-CN/_shared/meeting/content-type.mdx,audit_shared_dependency_then_include_or_inline,needs_review,medium,partial,,Decide include location and whether to inline or keep reusable shared file.,shared-inventory|depth:0,not_started,not_started,,,,
docs/shared/meeting/header-auth.mdx,content/docs/zh-CN/_shared/meeting/header-auth.mdx,audit_shared_dependency_then_include_or_inline,needs_review,medium,partial,,Decide include location and whether to inline or keep reusable shared file.,shared-inventory|depth:0,not_started,not_started,,,,
docs/shared/meeting/integration-core-param.mdx,content/docs/zh-CN/_shared/meeting/integration-core-param.mdx,audit_shared_dependency_then_include_or_inline,needs_review,medium,partial,,Decide include location and whether to inline or keep reusable shared file.,shared-inventory|depth:0,not_started,not_started,,,,
docs/shared/meeting/path-param.mdx,content/docs/zh-CN/_shared/meeting/path-param.mdx,audit_shared_dependency_then_include_or_inline,needs_review,medium,partial,,Decide include location and whether to inline or keep reusable shared file.,shared-inventory|depth:0,not_started,not_started,,,,
docs/shared/meta-world/pre-reqs.mdx,content/docs/zh-CN/_shared/meta-world/pre-reqs.mdx,audit_shared_dependency_then_include_or_inline,needs_review,medium,partial,,Decide include location and whether to inline or keep reusable shared file.,shared-inventory|depth:0,not_started,not_started,,,,
docs/shared/one-to-one-live/repo-link.mdx,content/docs/zh-CN/_shared/one-to-one-live/repo-link.mdx,audit_shared_dependency_then_include_or_inline,needs_review,medium,partial,,Decide include location and whether to inline or keep reusable shared file.,shared-inventory|depth:0,not_started,not_started,,,,
docs/shared/online-ktv/billing.mdx,content/docs/zh-CN/_shared/online-ktv/billing.mdx,audit_shared_dependency_then_include_or_inline,needs_review,medium,partial,,Decide include location and whether to inline or keep reusable shared file.,shared-inventory|depth:0,not_started,not_started,,,,
docs/shared/online-ktv/difference.mdx,content/docs/zh-CN/_shared/online-ktv/difference.mdx,audit_shared_dependency_then_include_or_inline,needs_review,medium,partial,,Decide include location and whether to inline or keep reusable shared file.,shared-inventory|depth:0,not_started,not_started,,,,
docs/shared/online-ktv/lyrics.android.mdx,content/docs/zh-CN/_shared/online-ktv/lyrics.android.mdx,audit_shared_dependency_then_include_or_inline,needs_review,medium,partial,,Decide include location and whether to inline or keep reusable shared file.,shared-inventory|depth:0,not_started,not_started,,,,
docs/shared/online-ktv/lyrics.ios.mdx,content/docs/zh-CN/_shared/online-ktv/lyrics.ios.mdx,audit_shared_dependency_then_include_or_inline,needs_review,medium,partial,,Decide include location and whether to inline or keep reusable shared file.,shared-inventory|depth:0,not_started,not_started,,,,
docs/shared/online-ktv/restful.mdx,content/docs/zh-CN/_shared/online-ktv/restful.mdx,audit_shared_dependency_then_include_or_inline,needs_review,medium,partial,,Decide include location and whether to inline or keep reusable shared file.,shared-inventory|depth:0,not_started,not_started,,,,
docs/shared/online-ktv/scoring-android.mdx,content/docs/zh-CN/_shared/online-ktv/scoring-android.mdx,audit_shared_dependency_then_include_or_inline,needs_review,medium,partial,,Decide include location and whether to inline or keep reusable shared file.,shared-inventory|depth:0,not_started,not_started,,,,
docs/shared/online-ktv/scoring-ios.mdx,content/docs/zh-CN/_shared/online-ktv/scoring-ios.mdx,audit_shared_dependency_then_include_or_inline,needs_review,medium,partial,,Decide include location and whether to inline or keep reusable shared file.,shared-inventory|depth:0,not_started,not_started,,,,
docs/shared/online-ktv/syncing-android.mdx,content/docs/zh-CN/_shared/online-ktv/syncing-android.mdx,audit_shared_dependency_then_include_or_inline,needs_review,medium,partial,,Decide include location and whether to inline or keep reusable shared file.,shared-inventory|depth:0,not_started,not_started,,,,
docs/shared/online-ktv/syncing-ios.mdx,content/docs/zh-CN/_shared/online-ktv/syncing-ios.mdx,audit_shared_dependency_then_include_or_inline,needs_review,medium,partial,,Decide include location and whether to inline or keep reusable shared file.,shared-inventory|depth:0,not_started,not_started,,,,
docs/shared/rtc-server-sdk/error-code.mdx,content/docs/zh-CN/_shared/rtc-server-sdk/error-code.mdx,audit_shared_dependency_then_include_or_inline,needs_review,medium,partial,,Decide include location and whether to inline or keep reusable shared file.,shared-inventory|depth:0,not_started,not_started,,,,
docs/shared/rtc/advanced-beauty-intro.mdx,content/docs/zh-CN/_shared/rtc/advanced-beauty-intro.mdx,audit_shared_dependency_then_include_or_inline,needs_review,medium,partial,,Decide include location and whether to inline or keep reusable shared file.,shared-inventory|depth:0,not_started,not_started,,,,
docs/shared/rtc/alpha-intro.mdx,content/docs/zh-CN/_shared/rtc/alpha-intro.mdx,audit_shared_dependency_then_include_or_inline,needs_review,medium,partial,,Decide include location and whether to inline or keep reusable shared file.,shared-inventory|depth:0,not_started,not_started,,,,
docs/shared/rtc/apiexamples.mdx,content/docs/zh-CN/_shared/rtc/apiexamples.mdx,audit_shared_dependency_then_include_or_inline,needs_review,medium,partial,,Decide include location and whether to inline or keep reusable shared file.,shared-inventory|depth:0,not_started,not_started,,,,
docs/shared/rtc/audio-call-tech.mdx,content/docs/zh-CN/_shared/rtc/audio-call-tech.mdx,audit_shared_dependency_then_include_or_inline,needs_review,medium,partial,,Decide include location and whether to inline or keep reusable shared file.,shared-inventory|depth:0,not_started,not_started,,,,
docs/shared/rtc/basic-token.mdx,content/docs/zh-CN/_shared/rtc/basic-token.mdx,audit_shared_dependency_then_include_or_inline,needs_review,medium,partial,,Decide include location and whether to inline or keep reusable shared file.,shared-inventory|depth:0,not_started,not_started,,,,
docs/shared/rtc/billing-advanced.mdx,content/docs/zh-CN/_shared/rtc/billing-advanced.mdx,audit_shared_dependency_then_include_or_inline,needs_review,medium,partial,,Decide include location and whether to inline or keep reusable shared file.,shared-inventory|depth:0,not_started,not_started,,,,
docs/shared/rtc/call-tech.mdx,content/docs/zh-CN/_shared/rtc/call-tech.mdx,audit_shared_dependency_then_include_or_inline,needs_review,medium,partial,,Decide include location and whether to inline or keep reusable shared file.,shared-inventory|depth:0,not_started,not_started,,,,
docs/shared/rtc/error-code.mdx,content/docs/zh-CN/_shared/rtc/error-code.mdx,audit_shared_dependency_then_include_or_inline,needs_review,medium,partial,,Decide include location and whether to inline or keep reusable shared file.,shared-inventory|depth:0,not_started,not_started,,,,
docs/shared/rtc/extension-details.mdx,content/docs/zh-CN/_shared/rtc/extension-details.mdx,audit_shared_dependency_then_include_or_inline,needs_review,medium,partial,,Decide include location and whether to inline or keep reusable shared file.,shared-inventory|depth:0,not_started,not_started,,,,
docs/shared/rtc/extension-tech-web.mdx,content/docs/zh-CN/_shared/rtc/extension-tech-web.mdx,audit_shared_dependency_then_include_or_inline,needs_review,medium,partial,,Decide include location and whether to inline or keep reusable shared file.,shared-inventory|depth:0,not_started,not_started,,,,
docs/shared/rtc/face-capture-intro.mdx,content/docs/zh-CN/_shared/rtc/face-capture-intro.mdx,audit_shared_dependency_then_include_or_inline,needs_review,medium,partial,,Decide include location and whether to inline or keep reusable shared file.,shared-inventory|depth:0,not_started,not_started,,,,
docs/shared/rtc/impl-cocoapods.mdx,content/docs/zh-CN/_shared/rtc/impl-cocoapods.mdx,audit_shared_dependency_then_include_or_inline,needs_review,medium,partial,,Decide include location and whether to inline or keep reusable shared file.,shared-inventory|depth:0,not_started,not_started,,,,
docs/shared/rtc/impl-manual-apple.mdx,content/docs/zh-CN/_shared/rtc/impl-manual-apple.mdx,audit_shared_dependency_then_include_or_inline,needs_review,medium,partial,,Decide include location and whether to inline or keep reusable shared file.,shared-inventory|depth:0,not_started,not_started,,,,
docs/shared/rtc/ls-tech.mdx,content/docs/zh-CN/_shared/rtc/ls-tech.mdx,audit_shared_dependency_then_include_or_inline,needs_review,medium,partial,,Decide include location and whether to inline or keep reusable shared file.,shared-inventory|depth:0,not_started,not_started,,,,
docs/shared/rtc/mosvalue.mdx,content/docs/zh-CN/_shared/rtc/mosvalue.mdx,audit_shared_dependency_then_include_or_inline,needs_review,medium,partial,,Decide include location and whether to inline or keep reusable shared file.,shared-inventory|depth:0,not_started,not_started,,,,
docs/shared/rtc/new-beauty-intro.mdx,content/docs/zh-CN/_shared/rtc/new-beauty-intro.mdx,audit_shared_dependency_then_include_or_inline,needs_review,medium,partial,,Decide include location and whether to inline or keep reusable shared file.,shared-inventory|depth:0,not_started,not_started,,,,
docs/shared/rtc/privilege-token.mdx,content/docs/zh-CN/_shared/rtc/privilege-token.mdx,audit_shared_dependency_then_include_or_inline,needs_review,medium,partial,,Decide include location and whether to inline or keep reusable shared file.,shared-inventory|depth:0,not_started,not_started,,,,
docs/shared/rtc/quick-start-pre-reqs.mdx,content/docs/zh-CN/_shared/rtc/quick-start-pre-reqs.mdx,audit_shared_dependency_then_include_or_inline,needs_review,medium,partial,,Decide include location and whether to inline or keep reusable shared file.,shared-inventory|depth:0,not_started,not_started,,,,
docs/shared/rtc/quick-start-preq-electron.mdx,content/docs/zh-CN/_shared/rtc/quick-start-preq-electron.mdx,audit_shared_dependency_then_include_or_inline,needs_review,medium,partial,,Decide include location and whether to inline or keep reusable shared file.,shared-inventory|depth:0,not_started,not_started,,,,
docs/shared/rtc/quick-start-preq-expo.mdx,content/docs/zh-CN/_shared/rtc/quick-start-preq-expo.mdx,audit_shared_dependency_then_include_or_inline,needs_review,medium,partial,,Decide include location and whether to inline or keep reusable shared file.,shared-inventory|depth:0,not_started,not_started,,,,
docs/shared/rtc/quick-start-preq-flutter.mdx,content/docs/zh-CN/_shared/rtc/quick-start-preq-flutter.mdx,audit_shared_dependency_then_include_or_inline,needs_review,medium,partial,,Decide include location and whether to inline or keep reusable shared file.,shared-inventory|depth:0,not_started,not_started,,,,
docs/shared/rtc/quick-start-preq-rn.mdx,content/docs/zh-CN/_shared/rtc/quick-start-preq-rn.mdx,audit_shared_dependency_then_include_or_inline,needs_review,medium,partial,,Decide include location and whether to inline or keep reusable shared file.,shared-inventory|depth:0,not_started,not_started,,,,
docs/shared/rtc/quick-start-preq-unreal.mdx,content/docs/zh-CN/_shared/rtc/quick-start-preq-unreal.mdx,audit_shared_dependency_then_include_or_inline,needs_review,medium,partial,,Decide include location and whether to inline or keep reusable shared file.,shared-inventory|depth:0,not_started,not_started,,,,
docs/shared/rtc/quick-start-reference.mdx,content/docs/zh-CN/_shared/rtc/quick-start-reference.mdx,audit_shared_dependency_then_include_or_inline,needs_review,medium,partial,,Decide include location and whether to inline or keep reusable shared file.,shared-inventory|depth:0,not_started,not_started,,,,
docs/shared/rtc/region-tech.mdx,content/docs/zh-CN/_shared/rtc/region-tech.mdx,audit_shared_dependency_then_include_or_inline,needs_review,medium,partial,,Decide include location and whether to inline or keep reusable shared file.,shared-inventory|depth:0,not_started,not_started,,,,
docs/shared/rtc/run-demo-pre.mdx,content/docs/zh-CN/_shared/rtc/run-demo-pre.mdx,audit_shared_dependency_then_include_or_inline,needs_review,medium,partial,,Decide include location and whether to inline or keep reusable shared file.,shared-inventory|depth:0,not_started,not_started,,,,
docs/shared/rtc/screen-share-desc.mdx,content/docs/zh-CN/_shared/rtc/screen-share-desc.mdx,audit_shared_dependency_then_include_or_inline,needs_review,medium,partial,,Decide include location and whether to inline or keep reusable shared file.,shared-inventory|depth:0,not_started,not_started,,,,
docs/shared/rtc/screen-share-intro.mdx,content/docs/zh-CN/_shared/rtc/screen-share-intro.mdx,audit_shared_dependency_then_include_or_inline,needs_review,medium,partial,,Decide include location and whether to inline or keep reusable shared file.,shared-inventory|depth:0,not_started,not_started,,,,
docs/shared/rtc/spatial-audio-intro.mdx,content/docs/zh-CN/_shared/rtc/spatial-audio-intro.mdx,audit_shared_dependency_then_include_or_inline,needs_review,medium,partial,,Decide include location and whether to inline or keep reusable shared file.,shared-inventory|depth:0,not_started,not_started,,,,
docs/shared/rtc/supported-format.mdx,content/docs/zh-CN/_shared/rtc/supported-format.mdx,audit_shared_dependency_then_include_or_inline,needs_review,medium,partial,,Decide include location and whether to inline or keep reusable shared file.,shared-inventory|depth:0,not_started,not_started,,,,
docs/shared/rtc/token-ref.mdx,content/docs/zh-CN/_shared/rtc/token-ref.mdx,audit_shared_dependency_then_include_or_inline,needs_review,medium,partial,,Decide include location and whether to inline or keep reusable shared file.,shared-inventory|depth:0,not_started,not_started,,,,
docs/shared/rtc/video-processing-intro.mdx,content/docs/zh-CN/_shared/rtc/video-processing-intro.mdx,audit_shared_dependency_then_include_or_inline,needs_review,medium,partial,,Decide include location and whether to inline or keep reusable shared file.,shared-inventory|depth:0,not_started,not_started,,,,
docs/shared/rtc/video-profile-info.mdx,content/docs/zh-CN/_shared/rtc/video-profile-info.mdx,audit_shared_dependency_then_include_or_inline,needs_review,medium,partial,,Decide include location and whether to inline or keep reusable shared file.,shared-inventory|depth:0,not_started,not_started,,,,
docs/shared/rtc/voice-changer-intro.mdx,content/docs/zh-CN/_shared/rtc/voice-changer-intro.mdx,audit_shared_dependency_then_include_or_inline,needs_review,medium,partial,,Decide include location and whether to inline or keep reusable shared file.,shared-inventory|depth:0,not_started,not_started,,,,
docs/shared/rtcandgame/spatial-audio-unity.mdx,content/docs/zh-CN/_shared/rtcandgame/spatial-audio-unity.mdx,audit_shared_dependency_then_include_or_inline,needs_review,high,no,,Decide include location and whether to inline or keep reusable shared file.,shared-inventory|depth:1,not_started,not_started,,,,
docs/shared/rtsc/enable-ncs-body.mdx,content/docs/zh-CN/_shared/rtsc/enable-ncs-body.mdx,audit_shared_dependency_then_include_or_inline,needs_review,medium,partial,,Decide include location and whether to inline or keep reusable shared file.,shared-inventory|depth:0,not_started,not_started,,,,
docs/shared/rtsc/enable-ncs-prerequisite-v1.mdx,content/docs/zh-CN/_shared/rtsc/enable-ncs-prerequisite-v1.mdx,audit_shared_dependency_then_include_or_inline,needs_review,medium,partial,,Decide include location and whether to inline or keep reusable shared file.,shared-inventory|depth:0,not_started,not_started,,,,
docs/shared/rtsc/enable-ncs-prerequisite-v2.mdx,content/docs/zh-CN/_shared/rtsc/enable-ncs-prerequisite-v2.mdx,audit_shared_dependency_then_include_or_inline,needs_review,medium,partial,,Decide include location and whether to inline or keep reusable shared file.,shared-inventory|depth:0,not_started,not_started,,,,
docs/shared/rtsc/enable-ncs-v1-0.mdx,content/docs/zh-CN/_shared/rtsc/enable-ncs-v1-0.mdx,audit_shared_dependency_then_include_or_inline,needs_review,medium,partial,,Decide include location and whether to inline or keep reusable shared file.,shared-inventory|depth:0,not_started,not_started,,,,
docs/shared/rtsc/enable-ncs-v1-1-support.mdx,content/docs/zh-CN/_shared/rtsc/enable-ncs-v1-1-support.mdx,audit_shared_dependency_then_include_or_inline,needs_review,medium,partial,,Decide include location and whether to inline or keep reusable shared file.,shared-inventory|depth:0,not_started,not_started,,,,
docs/shared/rtsc/enable-ncs-v1-1.mdx,content/docs/zh-CN/_shared/rtsc/enable-ncs-v1-1.mdx,audit_shared_dependency_then_include_or_inline,needs_review,medium,partial,,Decide include location and whether to inline or keep reusable shared file.,shared-inventory|depth:0,not_started,not_started,,,,
docs/shared/rtsc/enable-ncs-v1-2.mdx,content/docs/zh-CN/_shared/rtsc/enable-ncs-v1-2.mdx,audit_shared_dependency_then_include_or_inline,needs_review,medium,partial,,Decide include location and whether to inline or keep reusable shared file.,shared-inventory|depth:0,not_started,not_started,,,,
docs/shared/rtsc/purchase-package.mdx,content/docs/zh-CN/_shared/rtsc/purchase-package.mdx,audit_shared_dependency_then_include_or_inline,needs_review,medium,partial,,Decide include location and whether to inline or keep reusable shared file.,shared-inventory|depth:0,not_started,not_started,,,,
docs/shared/rtsc/rtsc-package.mdx,content/docs/zh-CN/_shared/rtsc/rtsc-package.mdx,audit_shared_dependency_then_include_or_inline,needs_review,medium,partial,,Decide include location and whether to inline or keep reusable shared file.,shared-inventory|depth:0,not_started,not_started,,,,
docs/shared/rtsc/switch-domain.mdx,content/docs/zh-CN/_shared/rtsc/switch-domain.mdx,audit_shared_dependency_then_include_or_inline,needs_review,medium,partial,,Decide include location and whether to inline or keep reusable shared file.,shared-inventory|depth:0,not_started,not_started,,,,
docs/shared/rtsc/video-profile-1080-full.mdx,content/docs/zh-CN/_shared/rtsc/video-profile-1080-full.mdx,audit_shared_dependency_then_include_or_inline,needs_review,medium,partial,,Decide include location and whether to inline or keep reusable shared file.,shared-inventory|depth:0,not_started,not_started,,,,
docs/shared/rtsc/video-profile-1080.mdx,content/docs/zh-CN/_shared/rtsc/video-profile-1080.mdx,audit_shared_dependency_then_include_or_inline,needs_review,medium,partial,,Decide include location and whether to inline or keep reusable shared file.,shared-inventory|depth:0,not_started,not_started,,,,
docs/shared/rtsc/video-profile-720.mdx,content/docs/zh-CN/_shared/rtsc/video-profile-720.mdx,audit_shared_dependency_then_include_or_inline,needs_review,medium,partial,,Decide include location and whether to inline or keep reusable shared file.,shared-inventory|depth:0,not_started,not_started,,,,
docs/shared/showroom/audio-scenario-1v1-api.mdx,content/docs/zh-CN/_shared/showroom/audio-scenario-1v1-api.mdx,audit_shared_dependency_then_include_or_inline,needs_review,medium,partial,,Decide include location and whether to inline or keep reusable shared file.,shared-inventory|depth:0,not_started,not_started,,,,
docs/shared/showroom/audio-scenario-show-api.mdx,content/docs/zh-CN/_shared/showroom/audio-scenario-show-api.mdx,audit_shared_dependency_then_include_or_inline,needs_review,medium,partial,,Decide include location and whether to inline or keep reusable shared file.,shared-inventory|depth:0,not_started,not_started,,,,
docs/shared/showroom/audio-scenario.mdx,content/docs/zh-CN/_shared/showroom/audio-scenario.mdx,audit_shared_dependency_then_include_or_inline,needs_review,high,no,,Decide include location and whether to inline or keep reusable shared file.,shared-inventory|depth:1,not_started,not_started,,,,
docs/shared/showroom/basic-github.mdx,content/docs/zh-CN/_shared/showroom/basic-github.mdx,audit_shared_dependency_then_include_or_inline,needs_review,medium,partial,,Decide include location and whether to inline or keep reusable shared file.,shared-inventory|depth:0,not_started,not_started,,,,
docs/shared/showroom/beauty-github.mdx,content/docs/zh-CN/_shared/showroom/beauty-github.mdx,audit_shared_dependency_then_include_or_inline,needs_review,medium,partial,,Decide include location and whether to inline or keep reusable shared file.,shared-inventory|depth:0,not_started,not_started,,,,
docs/shared/showroom/check-point-api.mdx,content/docs/zh-CN/_shared/showroom/check-point-api.mdx,audit_shared_dependency_then_include_or_inline,needs_review,medium,partial,,Decide include location and whether to inline or keep reusable shared file.,shared-inventory|depth:0,not_started,not_started,,,,
docs/shared/showroom/use-case-logic.mdx,content/docs/zh-CN/_shared/showroom/use-case-logic.mdx,audit_shared_dependency_then_include_or_inline,needs_review,medium,partial,,Decide include location and whether to inline or keep reusable shared file.,shared-inventory|depth:0,not_started,not_started,,,,
docs/shared/showroom/video-loader-github.mdx,content/docs/zh-CN/_shared/showroom/video-loader-github.mdx,audit_shared_dependency_then_include_or_inline,needs_review,medium,partial,,Decide include location and whether to inline or keep reusable shared file.,shared-inventory|depth:0,not_started,not_started,,,,
docs/shared/speech-to-text/prerequisites.mdx,content/docs/zh-CN/_shared/speech-to-text/prerequisites.mdx,audit_shared_dependency_then_include_or_inline,needs_review,medium,partial,,Decide include location and whether to inline or keep reusable shared file.,shared-inventory|depth:0,not_started,not_started,,,,
docs/shared/teleoperation/linux-environment.mdx,content/docs/zh-CN/_shared/teleoperation/linux-environment.mdx,audit_shared_dependency_then_include_or_inline,needs_review,medium,partial,,Decide include location and whether to inline or keep reusable shared file.,shared-inventory|depth:0,not_started,not_started,,,,
docs/shared/use-case/preq-run-android.mdx,content/docs/zh-CN/_shared/use-case/preq-run-android.mdx,audit_shared_dependency_then_include_or_inline,needs_review,medium,partial,,Decide include location and whether to inline or keep reusable shared file.,shared-inventory|depth:0,not_started,not_started,,,,
docs/shared/whiteboard/advanced-features/_convert-files.mdx,content/docs/zh-CN/_shared/whiteboard/advanced-features/_convert-files.mdx,audit_shared_dependency_then_include_or_inline,needs_review,medium,partial,,Decide include location and whether to inline or keep reusable shared file.,shared-inventory|depth:0,not_started,not_started,,,,
docs/shared/whiteboard/basic-features/_generate-token.mdx,content/docs/zh-CN/_shared/whiteboard/basic-features/_generate-token.mdx,audit_shared_dependency_then_include_or_inline,needs_review,medium,partial,,Decide include location and whether to inline or keep reusable shared file.,shared-inventory|depth:0,not_started,not_started,,,,
docs/shared/whiteboard/get-started/_enable-service.mdx,content/docs/zh-CN/_shared/whiteboard/get-started/_enable-service.mdx,audit_shared_dependency_then_include_or_inline,needs_review,medium,partial,,Decide include location and whether to inline or keep reusable shared file.,shared-inventory|depth:1,not_started,not_started,,,,
docs/shared/whiteboard/get-started/_migrate-from-netless.mdx,content/docs/zh-CN/_shared/whiteboard/get-started/_migrate-from-netless.mdx,audit_shared_dependency_then_include_or_inline,needs_review,medium,partial,,Decide include location and whether to inline or keep reusable shared file.,shared-inventory|depth:0,not_started,not_started,,,,
docs/shared/whiteboard/get-started/_understand-the-tech.mdx,content/docs/zh-CN/_shared/whiteboard/get-started/_understand-the-tech.mdx,audit_shared_dependency_then_include_or_inline,needs_review,medium,partial,,Decide include location and whether to inline or keep reusable shared file.,shared-inventory|depth:0,not_started,not_started,,,,
docs/shared/whiteboard/overview/_concept.mdx,content/docs/zh-CN/_shared/whiteboard/overview/_concept.mdx,audit_shared_dependency_then_include_or_inline,needs_review,medium,partial,,Decide include location and whether to inline or keep reusable shared file.,shared-inventory|depth:0,not_started,not_started,,,,
docs/showroom/advanced-features/audio-scenario.mdx,,migrate_page_after_syntax_and_ia_review,blocked,medium,partial,No matching target product directory found for legacy docs/showroom; decide tab/product IA before migration.,Confirm target IA and migration strategy for docs/showroom/advanced-features/audio-scenario.mdx.,needs-directive-rewrite|needs-include-standardization,not_started,not_started,,,,
docs/showroom/advanced-features/beauty/bytedance/integrate.android.mdx,,migrate_page_after_syntax_and_ia_review,blocked,medium,partial,No matching target product directory found for legacy docs/showroom; decide tab/product IA before migration.,Confirm target IA and migration strategy for docs/showroom/advanced-features/beauty/bytedance/integrate.android.mdx.,needs-directive-rewrite|needs-include-standardization|needs-table-normalization|needs-image-standard,not_started,not_started,,,,
docs/showroom/advanced-features/beauty/bytedance/integrate.ios.mdx,,migrate_page_after_syntax_and_ia_review,blocked,medium,partial,No matching target product directory found for legacy docs/showroom; decide tab/product IA before migration.,Confirm target IA and migration strategy for docs/showroom/advanced-features/beauty/bytedance/integrate.ios.mdx.,needs-directive-rewrite|needs-include-standardization|needs-table-normalization|needs-image-standard,not_started,not_started,,,,
docs/showroom/advanced-features/beauty/bytedance/run-project.android.mdx,,migrate_page_after_syntax_and_ia_review,blocked,medium,partial,No matching target product directory found for legacy docs/showroom; decide tab/product IA before migration.,Confirm target IA and migration strategy for docs/showroom/advanced-features/beauty/bytedance/run-project.android.mdx.,needs-directive-rewrite|needs-include-standardization|needs-table-normalization,not_started,not_started,,,,
docs/showroom/advanced-features/beauty/bytedance/run-project.ios.mdx,,migrate_page_after_syntax_and_ia_review,blocked,medium,partial,No matching target product directory found for legacy docs/showroom; decide tab/product IA before migration.,Confirm target IA and migration strategy for docs/showroom/advanced-features/beauty/bytedance/run-project.ios.mdx.,needs-directive-rewrite|needs-include-standardization|needs-table-normalization|needs-image-standard,not_started,not_started,,,,
docs/showroom/advanced-features/beauty/faceunity/integrate.android.mdx,,migrate_page_after_syntax_and_ia_review,blocked,medium,partial,No matching target product directory found for legacy docs/showroom; decide tab/product IA before migration.,Confirm target IA and migration strategy for docs/showroom/advanced-features/beauty/faceunity/integrate.android.mdx.,needs-directive-rewrite|needs-include-standardization|needs-image-standard,not_started,not_started,,,,
docs/showroom/advanced-features/beauty/faceunity/integrate.ios.mdx,,migrate_page_after_syntax_and_ia_review,blocked,medium,partial,No matching target product directory found for legacy docs/showroom; decide tab/product IA before migration.,Confirm target IA and migration strategy for docs/showroom/advanced-features/beauty/faceunity/integrate.ios.mdx.,needs-directive-rewrite|needs-include-standardization|needs-table-normalization|needs-image-standard,not_started,not_started,,,,
docs/showroom/advanced-features/beauty/faceunity/run-project.android.mdx,,migrate_page_after_syntax_and_ia_review,blocked,medium,partial,No matching target product directory found for legacy docs/showroom; decide tab/product IA before migration.,Confirm target IA and migration strategy for docs/showroom/advanced-features/beauty/faceunity/run-project.android.mdx.,needs-directive-rewrite|needs-include-standardization,not_started,not_started,,,,
docs/showroom/advanced-features/beauty/faceunity/run-project.ios.mdx,,migrate_page_after_syntax_and_ia_review,blocked,medium,partial,No matching target product directory found for legacy docs/showroom; decide tab/product IA before migration.,Confirm target IA and migration strategy for docs/showroom/advanced-features/beauty/faceunity/run-project.ios.mdx.,needs-directive-rewrite|needs-include-standardization|needs-table-normalization|needs-image-standard,not_started,not_started,,,,
docs/showroom/advanced-features/beauty/overview.mdx,,migrate_page_after_syntax_and_ia_review,blocked,low,yes,No matching target product directory found for legacy docs/showroom; decide tab/product IA before migration.,Confirm target IA and migration strategy for docs/showroom/advanced-features/beauty/overview.mdx.,ready-native,not_started,not_started,,,,
docs/showroom/advanced-features/beauty/sensetime/integrate.android.mdx,,migrate_page_after_syntax_and_ia_review,blocked,medium,partial,No matching target product directory found for legacy docs/showroom; decide tab/product IA before migration.,Confirm target IA and migration strategy for docs/showroom/advanced-features/beauty/sensetime/integrate.android.mdx.,needs-directive-rewrite|needs-include-standardization|needs-table-normalization|needs-image-standard,not_started,not_started,,,,
docs/showroom/advanced-features/beauty/sensetime/integrate.ios.mdx,,migrate_page_after_syntax_and_ia_review,blocked,medium,partial,No matching target product directory found for legacy docs/showroom; decide tab/product IA before migration.,Confirm target IA and migration strategy for docs/showroom/advanced-features/beauty/sensetime/integrate.ios.mdx.,needs-directive-rewrite|needs-include-standardization|needs-table-normalization|needs-image-standard,not_started,not_started,,,,
docs/showroom/advanced-features/beauty/sensetime/run-project.android.mdx,,migrate_page_after_syntax_and_ia_review,blocked,medium,partial,No matching target product directory found for legacy docs/showroom; decide tab/product IA before migration.,Confirm target IA and migration strategy for docs/showroom/advanced-features/beauty/sensetime/run-project.android.mdx.,needs-directive-rewrite|needs-include-standardization|needs-table-normalization,not_started,not_started,,,,
docs/showroom/advanced-features/beauty/sensetime/run-project.ios.mdx,,migrate_page_after_syntax_and_ia_review,blocked,medium,partial,No matching target product directory found for legacy docs/showroom; decide tab/product IA before migration.,Confirm target IA and migration strategy for docs/showroom/advanced-features/beauty/sensetime/run-project.ios.mdx.,needs-directive-rewrite|needs-include-standardization|needs-table-normalization|needs-image-standard,not_started,not_started,,,,
docs/showroom/advanced-features/hq-video.mdx,,migrate_page_after_syntax_and_ia_review,blocked,medium,partial,No matching target product directory found for legacy docs/showroom; decide tab/product IA before migration.,Confirm target IA and migration strategy for docs/showroom/advanced-features/hq-video.mdx.,needs-directive-rewrite|needs-table-normalization,not_started,not_started,,,,
docs/showroom/advanced-features/video-loader/guidance.mdx,,migrate_page_after_syntax_and_ia_review,blocked,medium,partial,No matching target product directory found for legacy docs/showroom; decide tab/product IA before migration.,Confirm target IA and migration strategy for docs/showroom/advanced-features/video-loader/guidance.mdx.,needs-directive-rewrite|needs-image-standard,not_started,not_started,,,,
docs/showroom/advanced-features/video-loader/integrate.android.mdx,,migrate_page_after_syntax_and_ia_review,blocked,medium,partial,No matching target product directory found for legacy docs/showroom; decide tab/product IA before migration.,Confirm target IA and migration strategy for docs/showroom/advanced-features/video-loader/integrate.android.mdx.,needs-directive-rewrite|needs-include-standardization,not_started,not_started,,,,
docs/showroom/advanced-features/video-loader/integrate.ios.mdx,,migrate_page_after_syntax_and_ia_review,blocked,medium,partial,No matching target product directory found for legacy docs/showroom; decide tab/product IA before migration.,Confirm target IA and migration strategy for docs/showroom/advanced-features/video-loader/integrate.ios.mdx.,needs-directive-rewrite|needs-include-standardization|needs-image-standard,not_started,not_started,,,,
docs/showroom/advanced-features/video-loader/overview.mdx,,migrate_page_after_syntax_and_ia_review,blocked,low,yes,No matching target product directory found for legacy docs/showroom; decide tab/product IA before migration.,Confirm target IA and migration strategy for docs/showroom/advanced-features/video-loader/overview.mdx.,ready-native,not_started,not_started,,,,
docs/showroom/advanced-features/video-loader/run-project.android.mdx,,migrate_page_after_syntax_and_ia_review,blocked,medium,partial,No matching target product directory found for legacy docs/showroom; decide tab/product IA before migration.,Confirm target IA and migration strategy for docs/showroom/advanced-features/video-loader/run-project.android.mdx.,needs-directive-rewrite|needs-include-standardization,not_started,not_started,,,,
docs/showroom/advanced-features/video-loader/run-project.ios.mdx,,migrate_page_after_syntax_and_ia_review,blocked,medium,partial,No matching target product directory found for legacy docs/showroom; decide tab/product IA before migration.,Confirm target IA and migration strategy for docs/showroom/advanced-features/video-loader/run-project.ios.mdx.,needs-directive-rewrite|needs-include-standardization|needs-image-standard,not_started,not_started,,,,
docs/showroom/advanced-features/video-moderation.mdx,,migrate_page_after_syntax_and_ia_review,blocked,medium,partial,No matching target product directory found for legacy docs/showroom; decide tab/product IA before migration.,Confirm target IA and migration strategy for docs/showroom/advanced-features/video-moderation.mdx.,needs-directive-rewrite,not_started,not_started,,,,
docs/showroom/api.mdx,,migrate_page_after_syntax_and_ia_review,blocked,high,no,No matching target product directory found for legacy docs/showroom; decide tab/product IA before migration.,Confirm target IA and migration strategy for docs/showroom/api.mdx.,needs-directive-rewrite|needs-platform-expansion,not_started,not_started,,,,
docs/showroom/basic-features/integrate-check-point.mdx,,migrate_page_after_syntax_and_ia_review,blocked,medium,partial,No matching target product directory found for legacy docs/showroom; decide tab/product IA before migration.,Confirm target IA and migration strategy for docs/showroom/basic-features/integrate-check-point.mdx.,needs-include-standardization,not_started,not_started,,,,
docs/showroom/basic-features/integrate-showroom.android.mdx,,migrate_page_after_syntax_and_ia_review,blocked,medium,partial,No matching target product directory found for legacy docs/showroom; decide tab/product IA before migration.,Confirm target IA and migration strategy for docs/showroom/basic-features/integrate-showroom.android.mdx.,needs-directive-rewrite|needs-include-standardization|needs-image-standard,not_started,not_started,,,,
docs/showroom/basic-features/integrate-showroom.ios.mdx,,migrate_page_after_syntax_and_ia_review,blocked,medium,partial,No matching target product directory found for legacy docs/showroom; decide tab/product IA before migration.,Confirm target IA and migration strategy for docs/showroom/basic-features/integrate-showroom.ios.mdx.,needs-directive-rewrite|needs-include-standardization|needs-image-standard,not_started,not_started,,,,
docs/showroom/get-started/enable-service.mdx,,migrate_page_after_syntax_and_ia_review,blocked,medium,partial,No matching target product directory found for legacy docs/showroom; decide tab/product IA before migration.,Confirm target IA and migration strategy for docs/showroom/get-started/enable-service.mdx.,needs-directive-rewrite|needs-include-standardization,not_started,not_started,,,,
docs/showroom/get-started/run-example.android.mdx,,migrate_page_after_syntax_and_ia_review,blocked,medium,partial,No matching target product directory found for legacy docs/showroom; decide tab/product IA before migration.,Confirm target IA and migration strategy for docs/showroom/get-started/run-example.android.mdx.,needs-directive-rewrite|needs-include-standardization|needs-table-normalization,not_started,not_started,,,,
docs/showroom/get-started/run-example.ios.mdx,,migrate_page_after_syntax_and_ia_review,blocked,medium,partial,No matching target product directory found for legacy docs/showroom; decide tab/product IA before migration.,Confirm target IA and migration strategy for docs/showroom/get-started/run-example.ios.mdx.,needs-directive-rewrite|needs-include-standardization|needs-table-normalization|needs-image-standard,not_started,not_started,,,,
docs/showroom/landing-page.mdx,,migrate_page_after_syntax_and_ia_review,blocked,high,no,No matching target product directory found for legacy docs/showroom; decide tab/product IA before migration.,Confirm target IA and migration strategy for docs/showroom/landing-page.mdx.,needs-directive-rewrite|needs-platform-expansion|needs-landing-page-normalization,not_started,not_started,,,,
docs/showroom/mcp-integrate.mdx,,migrate_page_after_syntax_and_ia_review,blocked,medium,partial,No matching target product directory found for legacy docs/showroom; decide tab/product IA before migration.,Confirm target IA and migration strategy for docs/showroom/mcp-integrate.mdx.,needs-directive-rewrite|needs-include-standardization,not_started,not_started,,,,
docs/showroom/overview/product-overview.mdx,,migrate_page_after_syntax_and_ia_review,blocked,low,yes,No matching target product directory found for legacy docs/showroom; decide tab/product IA before migration.,Confirm target IA and migration strategy for docs/showroom/overview/product-overview.mdx.,ready-native,not_started,not_started,,,,
docs/showroom/resources.mdx,,migrate_page_after_syntax_and_ia_review,blocked,high,no,No matching target product directory found for legacy docs/showroom; decide tab/product IA before migration.,Confirm target IA and migration strategy for docs/showroom/resources.mdx.,needs-directive-rewrite|needs-platform-expansion|needs-landing-page-normalization,not_started,not_started,,,,
docs/showroom/skills-integrate.mdx,,migrate_page_after_syntax_and_ia_review,blocked,medium,partial,No matching target product directory found for legacy docs/showroom; decide tab/product IA before migration.,Confirm target IA and migration strategy for docs/showroom/skills-integrate.mdx.,needs-directive-rewrite|needs-include-standardization,not_started,not_started,,,,
docs/small-classroom/landing-page.mdx,content/docs/zh-CN/api-reference/online-art-teaching/landing-page.mdx,migrate_page_after_syntax_and_ia_review,needs_review,high,no,,Review legacy JSX/shared/platform/API patterns before batching.,needs-directive-rewrite|needs-platform-expansion|needs-landing-page-normalization,not_started,not_started,,,,
docs/small-classroom/mcp-integrate.mdx,content/docs/zh-CN/api-reference/online-art-teaching/mcp-integrate.mdx,migrate_page_after_syntax_and_ia_review,needs_review,medium,partial,,Batch with same product after syntax-map confirmation.,needs-directive-rewrite|needs-include-standardization,not_started,not_started,,,,
docs/small-classroom/overview/product-overview.mdx,content/docs/zh-CN/api-reference/online-art-teaching/overview/product-overview.mdx,migrate_page_after_syntax_and_ia_review,needs_review,medium,partial,,Batch with same product after syntax-map confirmation.,needs-directive-rewrite|needs-include-standardization|needs-image-standard,not_started,not_started,,,,
docs/small-classroom/paas/architecture.mdx,content/docs/zh-CN/api-reference/online-art-teaching/paas/architecture.mdx,migrate_page_after_syntax_and_ia_review,needs_review,medium,partial,,Batch with same product after syntax-map confirmation.,needs-directive-rewrite|needs-include-standardization|needs-image-standard,not_started,not_started,,,,
docs/small-classroom/paas/best-practices.mdx,content/docs/zh-CN/api-reference/online-art-teaching/paas/best-practices.mdx,migrate_page_after_syntax_and_ia_review,needs_review,high,no,,Review legacy JSX/shared/platform/API patterns before batching.,needs-directive-rewrite|needs-include-standardization|needs-platform-expansion,not_started,not_started,,,,
docs/small-classroom/paas/integration-guide.mdx,content/docs/zh-CN/api-reference/online-art-teaching/paas/integration-guide.mdx,migrate_page_after_syntax_and_ia_review,needs_review,high,no,,Review legacy JSX/shared/platform/API patterns before batching.,needs-directive-rewrite|needs-include-standardization|needs-platform-expansion,not_started,not_started,,,,
docs/small-classroom/skills-integrate.mdx,content/docs/zh-CN/api-reference/online-art-teaching/skills-integrate.mdx,migrate_page_after_syntax_and_ia_review,needs_review,medium,partial,,Batch with same product after syntax-map confirmation.,needs-directive-rewrite|needs-include-standardization,not_started,not_started,,,,
docs/smart-camera/advanced-feature.mdx,,migrate_page_after_syntax_and_ia_review,blocked,medium,partial,No matching target product directory found for legacy docs/smart-camera; decide tab/product IA before migration.,Confirm target IA and migration strategy for docs/smart-camera/advanced-feature.mdx.,needs-directive-rewrite|needs-include-standardization,not_started,not_started,,,,
docs/smart-camera/api/api-overview.mdx,,migrate_page_after_syntax_and_ia_review,blocked,low,yes,No matching target product directory found for legacy docs/smart-camera; decide tab/product IA before migration.,Confirm target IA and migration strategy for docs/smart-camera/api/api-overview.mdx.,ready-native,not_started,not_started,,,,
docs/smart-camera/get-started/enable-service.mdx,,migrate_page_after_syntax_and_ia_review,blocked,medium,partial,No matching target product directory found for legacy docs/smart-camera; decide tab/product IA before migration.,Confirm target IA and migration strategy for docs/smart-camera/get-started/enable-service.mdx.,needs-directive-rewrite|needs-include-standardization,not_started,not_started,,,,
docs/smart-camera/get-started/quick-start.mdx,,migrate_page_after_syntax_and_ia_review,blocked,medium,partial,No matching target product directory found for legacy docs/smart-camera; decide tab/product IA before migration.,Confirm target IA and migration strategy for docs/smart-camera/get-started/quick-start.mdx.,needs-directive-rewrite|needs-include-standardization,not_started,not_started,,,,
docs/smart-camera/landing-page.mdx,,migrate_page_after_syntax_and_ia_review,blocked,high,no,No matching target product directory found for legacy docs/smart-camera; decide tab/product IA before migration.,Confirm target IA and migration strategy for docs/smart-camera/landing-page.mdx.,needs-directive-rewrite|needs-landing-page-normalization,not_started,not_started,,,,
docs/smart-camera/mcp-integrate.mdx,,migrate_page_after_syntax_and_ia_review,blocked,medium,partial,No matching target product directory found for legacy docs/smart-camera; decide tab/product IA before migration.,Confirm target IA and migration strategy for docs/smart-camera/mcp-integrate.mdx.,needs-directive-rewrite|needs-include-standardization,not_started,not_started,,,,
docs/smart-camera/overview/product-overview.mdx,,migrate_page_after_syntax_and_ia_review,blocked,medium,partial,No matching target product directory found for legacy docs/smart-camera; decide tab/product IA before migration.,Confirm target IA and migration strategy for docs/smart-camera/overview/product-overview.mdx.,needs-directive-rewrite|needs-table-normalization|needs-image-standard,not_started,not_started,,,,
docs/smart-camera/resources.mdx,,migrate_page_after_syntax_and_ia_review,blocked,low,yes,No matching target product directory found for legacy docs/smart-camera; decide tab/product IA before migration.,Confirm target IA and migration strategy for docs/smart-camera/resources.mdx.,ready-native,not_started,not_started,,,,
docs/smart-camera/skills-integrate.mdx,,migrate_page_after_syntax_and_ia_review,blocked,medium,partial,No matching target product directory found for legacy docs/smart-camera; decide tab/product IA before migration.,Confirm target IA and migration strategy for docs/smart-camera/skills-integrate.mdx.,needs-directive-rewrite|needs-include-standardization,not_started,not_started,,,,
docs/smart-camera/value-added-feature/amazon-alexa.mdx,,migrate_page_after_syntax_and_ia_review,blocked,medium,partial,No matching target product directory found for legacy docs/smart-camera; decide tab/product IA before migration.,Confirm target IA and migration strategy for docs/smart-camera/value-added-feature/amazon-alexa.mdx.,needs-directive-rewrite|needs-include-standardization,not_started,not_started,,,,
docs/smart-camera/value-added-feature/google-assistant.mdx,,migrate_page_after_syntax_and_ia_review,blocked,medium,partial,No matching target product directory found for legacy docs/smart-camera; decide tab/product IA before migration.,Confirm target IA and migration strategy for docs/smart-camera/value-added-feature/google-assistant.mdx.,needs-directive-rewrite|needs-include-standardization,not_started,not_started,,,,
docs/smart-doorbell/apaas/apaas-overview.mdx,,migrate_page_after_syntax_and_ia_review,blocked,low,yes,No matching target product directory found for legacy docs/smart-doorbell; decide tab/product IA before migration.,Confirm target IA and migration strategy for docs/smart-doorbell/apaas/apaas-overview.mdx.,ready-native,not_started,not_started,,,,
docs/smart-doorbell/enable-service.mdx,,migrate_page_after_syntax_and_ia_review,blocked,medium,partial,No matching target product directory found for legacy docs/smart-doorbell; decide tab/product IA before migration.,Confirm target IA and migration strategy for docs/smart-doorbell/enable-service.mdx.,needs-directive-rewrite|needs-include-standardization,not_started,not_started,,,,
docs/smart-doorbell/landing-page.mdx,,migrate_page_after_syntax_and_ia_review,blocked,high,no,No matching target product directory found for legacy docs/smart-doorbell; decide tab/product IA before migration.,Confirm target IA and migration strategy for docs/smart-doorbell/landing-page.mdx.,needs-directive-rewrite|needs-landing-page-normalization,not_started,not_started,,,,
docs/smart-doorbell/mcp-integrate.mdx,,migrate_page_after_syntax_and_ia_review,blocked,medium,partial,No matching target product directory found for legacy docs/smart-doorbell; decide tab/product IA before migration.,Confirm target IA and migration strategy for docs/smart-doorbell/mcp-integrate.mdx.,needs-directive-rewrite|needs-include-standardization,not_started,not_started,,,,
docs/smart-doorbell/paas/advanced-feature.mdx,,migrate_page_after_syntax_and_ia_review,blocked,medium,partial,No matching target product directory found for legacy docs/smart-doorbell; decide tab/product IA before migration.,Confirm target IA and migration strategy for docs/smart-doorbell/paas/advanced-feature.mdx.,needs-directive-rewrite|needs-include-standardization,not_started,not_started,,,,
docs/smart-doorbell/paas/api/api-overview.mdx,,migrate_page_after_syntax_and_ia_review,blocked,low,yes,No matching target product directory found for legacy docs/smart-doorbell; decide tab/product IA before migration.,Confirm target IA and migration strategy for docs/smart-doorbell/paas/api/api-overview.mdx.,ready-native,not_started,not_started,,,,
docs/smart-doorbell/paas/get-started/quick-start.mdx,,migrate_page_after_syntax_and_ia_review,blocked,medium,partial,No matching target product directory found for legacy docs/smart-doorbell; decide tab/product IA before migration.,Confirm target IA and migration strategy for docs/smart-doorbell/paas/get-started/quick-start.mdx.,needs-directive-rewrite|needs-include-standardization,not_started,not_started,,,,
docs/smart-doorbell/paas/overview/paas-overview.mdx,,migrate_page_after_syntax_and_ia_review,blocked,medium,partial,No matching target product directory found for legacy docs/smart-doorbell; decide tab/product IA before migration.,Confirm target IA and migration strategy for docs/smart-doorbell/paas/overview/paas-overview.mdx.,needs-directive-rewrite|needs-table-normalization|needs-image-standard,not_started,not_started,,,,
docs/smart-doorbell/paas/resources.mdx,,migrate_page_after_syntax_and_ia_review,blocked,low,yes,No matching target product directory found for legacy docs/smart-doorbell; decide tab/product IA before migration.,Confirm target IA and migration strategy for docs/smart-doorbell/paas/resources.mdx.,ready-native,not_started,not_started,,,,
docs/smart-doorbell/paas/value-added-feature/amazon-alexa.mdx,,migrate_page_after_syntax_and_ia_review,blocked,medium,partial,No matching target product directory found for legacy docs/smart-doorbell; decide tab/product IA before migration.,Confirm target IA and migration strategy for docs/smart-doorbell/paas/value-added-feature/amazon-alexa.mdx.,needs-directive-rewrite|needs-include-standardization,not_started,not_started,,,,
docs/smart-doorbell/paas/value-added-feature/google-assistant.mdx,,migrate_page_after_syntax_and_ia_review,blocked,medium,partial,No matching target product directory found for legacy docs/smart-doorbell; decide tab/product IA before migration.,Confirm target IA and migration strategy for docs/smart-doorbell/paas/value-added-feature/google-assistant.mdx.,needs-directive-rewrite|needs-include-standardization,not_started,not_started,,,,
docs/smart-doorbell/product-overview.mdx,,migrate_page_after_syntax_and_ia_review,blocked,medium,partial,No matching target product directory found for legacy docs/smart-doorbell; decide tab/product IA before migration.,Confirm target IA and migration strategy for docs/smart-doorbell/product-overview.mdx.,needs-directive-rewrite|needs-image-standard,not_started,not_started,,,,
docs/smart-doorbell/skills-integrate.mdx,,migrate_page_after_syntax_and_ia_review,blocked,medium,partial,No matching target product directory found for legacy docs/smart-doorbell; decide tab/product IA before migration.,Confirm target IA and migration strategy for docs/smart-doorbell/skills-integrate.mdx.,needs-directive-rewrite|needs-include-standardization,not_started,not_started,,,,
docs/smart-watch/api/api-overview.mdx,,migrate_page_after_syntax_and_ia_review,blocked,low,yes,No matching target product directory found for legacy docs/smart-watch; decide tab/product IA before migration.,Confirm target IA and migration strategy for docs/smart-watch/api/api-overview.mdx.,ready-native,not_started,not_started,,,,
docs/smart-watch/get-started/enable-service.mdx,,migrate_page_after_syntax_and_ia_review,blocked,medium,partial,No matching target product directory found for legacy docs/smart-watch; decide tab/product IA before migration.,Confirm target IA and migration strategy for docs/smart-watch/get-started/enable-service.mdx.,needs-directive-rewrite|needs-include-standardization,not_started,not_started,,,,
docs/smart-watch/get-started/quick-start.mdx,,migrate_page_after_syntax_and_ia_review,blocked,medium,partial,No matching target product directory found for legacy docs/smart-watch; decide tab/product IA before migration.,Confirm target IA and migration strategy for docs/smart-watch/get-started/quick-start.mdx.,needs-directive-rewrite,not_started,not_started,,,,
docs/smart-watch/landing-page.mdx,,migrate_page_after_syntax_and_ia_review,blocked,high,no,No matching target product directory found for legacy docs/smart-watch; decide tab/product IA before migration.,Confirm target IA and migration strategy for docs/smart-watch/landing-page.mdx.,needs-directive-rewrite|needs-landing-page-normalization,not_started,not_started,,,,
docs/smart-watch/mcp-integrate.mdx,,migrate_page_after_syntax_and_ia_review,blocked,medium,partial,No matching target product directory found for legacy docs/smart-watch; decide tab/product IA before migration.,Confirm target IA and migration strategy for docs/smart-watch/mcp-integrate.mdx.,needs-directive-rewrite|needs-include-standardization,not_started,not_started,,,,
docs/smart-watch/overview/product-overview.mdx,,migrate_page_after_syntax_and_ia_review,blocked,medium,partial,No matching target product directory found for legacy docs/smart-watch; decide tab/product IA before migration.,Confirm target IA and migration strategy for docs/smart-watch/overview/product-overview.mdx.,needs-directive-rewrite|needs-table-normalization|needs-image-standard,not_started,not_started,,,,
docs/smart-watch/resources.mdx,,migrate_page_after_syntax_and_ia_review,blocked,low,yes,No matching target product directory found for legacy docs/smart-watch; decide tab/product IA before migration.,Confirm target IA and migration strategy for docs/smart-watch/resources.mdx.,ready-native,not_started,not_started,,,,
docs/smart-watch/skills-integrate.mdx,,migrate_page_after_syntax_and_ia_review,blocked,medium,partial,No matching target product directory found for legacy docs/smart-watch; decide tab/product IA before migration.,Confirm target IA and migration strategy for docs/smart-watch/skills-integrate.mdx.,needs-directive-rewrite|needs-include-standardization,not_started,not_started,,,,
docs/speech-to-text/api/response-code.mdx,content/docs/zh-CN/realtime-media/speech-to-text/api/response-code.mdx,migrate_page_after_syntax_and_ia_review,needs_review,low,yes,,Batch with same product after syntax-map confirmation.,ready-native,not_started,not_started,,,,
docs/speech-to-text/api/supported-languages.mdx,content/docs/zh-CN/realtime-media/speech-to-text/api/supported-languages.mdx,migrate_page_after_syntax_and_ia_review,needs_review,low,yes,,Batch with same product after syntax-map confirmation.,ready-native,not_started,not_started,,,,
docs/speech-to-text/best-practices/enable-from-client.mdx,content/docs/zh-CN/realtime-media/speech-to-text/best-practices/enable-from-client.mdx,migrate_page_after_syntax_and_ia_review,needs_review,low,yes,,Batch with same product after syntax-map confirmation.,ready-native,not_started,not_started,,,,
docs/speech-to-text/best-practices/optimize-quality.mdx,content/docs/zh-CN/realtime-media/speech-to-text/best-practices/optimize-quality.mdx,migrate_page_after_syntax_and_ia_review,needs_review,low,yes,,Batch with same product after syntax-map confirmation.,ready-native,not_started,not_started,,,,
docs/speech-to-text/get-started/_quick-start.mdx,content/docs/zh-CN/realtime-media/speech-to-text/get-started/_quick-start.mdx,migrate_page_after_syntax_and_ia_review,needs_review,low,yes,,Batch with same product after syntax-map confirmation.,ready-native,not_started,not_started,,,,
docs/speech-to-text/get-started/enable-service.mdx,content/docs/zh-CN/realtime-media/speech-to-text/get-started/enable-service.mdx,migrate_page_after_syntax_and_ia_review,needs_review,medium,partial,,Batch with same product after syntax-map confirmation.,needs-directive-rewrite|needs-include-standardization|needs-image-standard,not_started,not_started,,,,
docs/speech-to-text/get-started/quick-start.mdx,content/docs/zh-CN/realtime-media/speech-to-text/get-started/quick-start.mdx,migrate_page_after_syntax_and_ia_review,needs_review,medium,partial,,Batch with same product after syntax-map confirmation.,needs-directive-rewrite|needs-include-standardization|needs-table-normalization|needs-image-standard,not_started,not_started,,,,
docs/speech-to-text/landing-page.mdx,content/docs/zh-CN/realtime-media/speech-to-text/landing-page.mdx,migrate_page_after_syntax_and_ia_review,needs_review,high,no,,Review legacy JSX/shared/platform/API patterns before batching.,needs-directive-rewrite|needs-landing-page-normalization,not_started,not_started,,,,
docs/speech-to-text/mcp-integrate.mdx,content/docs/zh-CN/realtime-media/speech-to-text/mcp-integrate.mdx,migrate_page_after_syntax_and_ia_review,needs_review,medium,partial,,Batch with same product after syntax-map confirmation.,needs-directive-rewrite|needs-include-standardization,not_started,not_started,,,,
docs/speech-to-text/overview/billing.mdx,content/docs/zh-CN/realtime-media/speech-to-text/overview/billing.mdx,migrate_page_after_syntax_and_ia_review,needs_review,medium,partial,,Batch with same product after syntax-map confirmation.,needs-directive-rewrite,not_started,not_started,,,,
docs/speech-to-text/overview/product-overview.mdx,content/docs/zh-CN/realtime-media/speech-to-text/overview/product-overview.mdx,migrate_page_after_syntax_and_ia_review,needs_review,medium,partial,,Batch with same product after syntax-map confirmation.,needs-directive-rewrite|needs-table-normalization|needs-image-standard,not_started,not_started,,,,
docs/speech-to-text/overview/release-notes.mdx,content/docs/zh-CN/realtime-media/speech-to-text/overview/release-notes.mdx,migrate_page_after_syntax_and_ia_review,needs_review,medium,partial,,Batch with same product after syntax-map confirmation.,needs-directive-rewrite,not_started,not_started,,,,
docs/speech-to-text/skills-integrate.mdx,content/docs/zh-CN/realtime-media/speech-to-text/skills-integrate.mdx,migrate_page_after_syntax_and_ia_review,needs_review,medium,partial,,Batch with same product after syntax-map confirmation.,needs-directive-rewrite|needs-include-standardization,not_started,not_started,,,,
docs/speech-to-text/user-guides/encrypt-captions.mdx,content/docs/zh-CN/realtime-media/speech-to-text/user-guides/encrypt-captions.mdx,migrate_page_after_syntax_and_ia_review,needs_review,medium,partial,,Batch with same product after syntax-map confirmation.,needs-directive-rewrite|needs-include-standardization,not_started,not_started,,,,
docs/speech-to-text/user-guides/how-to-use-protobuf.mdx,content/docs/zh-CN/realtime-media/speech-to-text/user-guides/how-to-use-protobuf.mdx,migrate_page_after_syntax_and_ia_review,needs_review,high,no,,Review legacy JSX/shared/platform/API patterns before batching.,needs-directive-rewrite|needs-landing-page-normalization,not_started,not_started,,,,
docs/speech-to-text/user-guides/http-basic-auth.mdx,content/docs/zh-CN/realtime-media/speech-to-text/user-guides/http-basic-auth.mdx,migrate_page_after_syntax_and_ia_review,needs_review,medium,partial,,Batch with same product after syntax-map confirmation.,needs-directive-rewrite|needs-include-standardization,not_started,not_started,,,,
docs/speech-to-text/user-guides/record-captions.mdx,content/docs/zh-CN/realtime-media/speech-to-text/user-guides/record-captions.mdx,migrate_page_after_syntax_and_ia_review,needs_review,medium,partial,,Batch with same product after syntax-map confirmation.,needs-directive-rewrite|needs-include-standardization,not_started,not_started,,,,
docs/speech-to-text/user-guides/render-captions.mdx,content/docs/zh-CN/realtime-media/speech-to-text/user-guides/render-captions.mdx,migrate_page_after_syntax_and_ia_review,needs_review,medium,partial,,Batch with same product after syntax-map confirmation.,needs-anchor-normalization,not_started,not_started,,,,
docs/speech-to-text/user-guides/transcribe-specified-hosts.mdx,content/docs/zh-CN/realtime-media/speech-to-text/user-guides/transcribe-specified-hosts.mdx,migrate_page_after_syntax_and_ia_review,needs_review,medium,partial,,Batch with same product after syntax-map confirmation.,needs-directive-rewrite|needs-include-standardization,not_started,not_started,,,,
docs/speech-to-text/user-guides/translation.mdx,content/docs/zh-CN/realtime-media/speech-to-text/user-guides/translation.mdx,migrate_page_after_syntax_and_ia_review,needs_review,medium,partial,,Batch with same product after syntax-map confirmation.,needs-directive-rewrite|needs-include-standardization|needs-table-normalization,not_started,not_started,,,,
docs/speech-to-text/user-guides/update-service.mdx,content/docs/zh-CN/realtime-media/speech-to-text/user-guides/update-service.mdx,migrate_page_after_syntax_and_ia_review,needs_review,medium,partial,,Batch with same product after syntax-map confirmation.,needs-directive-rewrite|needs-include-standardization,not_started,not_started,,,,
docs/speech-to-text/webhook/ncs-events.mdx,content/docs/zh-CN/realtime-media/speech-to-text/webhook/ncs-events.mdx,migrate_page_after_syntax_and_ia_review,needs_review,medium,partial,,Batch with same product after syntax-map confirmation.,needs-directive-rewrite|needs-table-normalization|needs-anchor-normalization,not_started,not_started,,,,
docs/speech-to-text/webhook/receive-webhook.mdx,content/docs/zh-CN/realtime-media/speech-to-text/webhook/receive-webhook.mdx,migrate_page_after_syntax_and_ia_review,needs_review,medium,partial,,Batch with same product after syntax-map confirmation.,needs-directive-rewrite|needs-include-standardization,not_started,not_started,,,,
docs/status-page/landing-page.mdx,,migrate_page_after_syntax_and_ia_review,blocked,high,no,No matching target product directory found for legacy docs/status-page; decide tab/product IA before migration.,Confirm target IA and migration strategy for docs/status-page/landing-page.mdx.,needs-directive-rewrite|needs-landing-page-normalization,not_started,not_started,,,,
docs/status-page/mcp-integrate.mdx,,migrate_page_after_syntax_and_ia_review,blocked,medium,partial,No matching target product directory found for legacy docs/status-page; decide tab/product IA before migration.,Confirm target IA and migration strategy for docs/status-page/mcp-integrate.mdx.,needs-directive-rewrite|needs-include-standardization,not_started,not_started,,,,
docs/status-page/overview/product-overview.mdx,,migrate_page_after_syntax_and_ia_review,blocked,low,yes,No matching target product directory found for legacy docs/status-page; decide tab/product IA before migration.,Confirm target IA and migration strategy for docs/status-page/overview/product-overview.mdx.,ready-native,not_started,not_started,,,,
docs/status-page/overview/release-notes.mdx,,migrate_page_after_syntax_and_ia_review,blocked,low,yes,No matching target product directory found for legacy docs/status-page; decide tab/product IA before migration.,Confirm target IA and migration strategy for docs/status-page/overview/release-notes.mdx.,ready-native,not_started,not_started,,,,
docs/status-page/skills-integrate.mdx,,migrate_page_after_syntax_and_ia_review,blocked,medium,partial,No matching target product directory found for legacy docs/status-page; decide tab/product IA before migration.,Confirm target IA and migration strategy for docs/status-page/skills-integrate.mdx.,needs-directive-rewrite|needs-include-standardization,not_started,not_started,,,,
docs/status-page/user-guide.mdx,,migrate_page_after_syntax_and_ia_review,blocked,high,no,No matching target product directory found for legacy docs/status-page; decide tab/product IA before migration.,Confirm target IA and migration strategy for docs/status-page/user-guide.mdx.,needs-directive-rewrite|needs-image-standard|needs-landing-page-normalization,not_started,not_started,,,,
docs/teleoperation/api/device.mdx,content/docs/zh-CN/api-reference/teleoperation/api/device.mdx,migrate_page_after_syntax_and_ia_review,needs_review,medium,partial,,Batch with same product after syntax-map confirmation.,needs-directive-rewrite|needs-anchor-normalization,not_started,not_started,,,,
docs/teleoperation/api/operator.mdx,content/docs/zh-CN/api-reference/teleoperation/api/operator.mdx,migrate_page_after_syntax_and_ia_review,needs_review,medium,partial,,Batch with same product after syntax-map confirmation.,needs-directive-rewrite,not_started,not_started,,,,
docs/teleoperation/get-started/device-linux.mdx,content/docs/zh-CN/api-reference/teleoperation/get-started/device-linux.mdx,migrate_page_after_syntax_and_ia_review,needs_review,medium,partial,,Batch with same product after syntax-map confirmation.,needs-directive-rewrite|needs-image-standard,not_started,not_started,,,,
docs/teleoperation/get-started/enable-service.mdx,content/docs/zh-CN/api-reference/teleoperation/get-started/enable-service.mdx,migrate_page_after_syntax_and_ia_review,needs_review,medium,partial,,Batch with same product after syntax-map confirmation.,needs-directive-rewrite|needs-include-standardization,not_started,not_started,,,,
docs/teleoperation/get-started/operator-android.mdx,content/docs/zh-CN/api-reference/teleoperation/get-started/operator-android.mdx,migrate_page_after_syntax_and_ia_review,needs_review,medium,partial,,Batch with same product after syntax-map confirmation.,needs-directive-rewrite|needs-image-standard,not_started,not_started,,,,
docs/teleoperation/get-started/operator-linux.mdx,content/docs/zh-CN/api-reference/teleoperation/get-started/operator-linux.mdx,migrate_page_after_syntax_and_ia_review,needs_review,medium,partial,,Batch with same product after syntax-map confirmation.,needs-directive-rewrite|needs-image-standard,not_started,not_started,,,,
docs/teleoperation/get-started/run-example.mdx,content/docs/zh-CN/api-reference/teleoperation/get-started/run-example.mdx,migrate_page_after_syntax_and_ia_review,needs_review,medium,partial,,Batch with same product after syntax-map confirmation.,needs-directive-rewrite|needs-include-standardization,not_started,not_started,,,,
docs/teleoperation/landing-page.mdx,content/docs/zh-CN/api-reference/teleoperation/landing-page.mdx,migrate_page_after_syntax_and_ia_review,needs_review,high,no,,Review legacy JSX/shared/platform/API patterns before batching.,needs-directive-rewrite|needs-landing-page-normalization,not_started,not_started,,,,
docs/teleoperation/mcp-integrate.mdx,content/docs/zh-CN/api-reference/teleoperation/mcp-integrate.mdx,migrate_page_after_syntax_and_ia_review,needs_review,medium,partial,,Batch with same product after syntax-map confirmation.,needs-directive-rewrite|needs-include-standardization,not_started,not_started,,,,
docs/teleoperation/overview/product-overview.mdx,content/docs/zh-CN/api-reference/teleoperation/overview/product-overview.mdx,migrate_page_after_syntax_and_ia_review,needs_review,high,no,,Review legacy JSX/shared/platform/API patterns before batching.,needs-directive-rewrite|needs-image-standard|needs-landing-page-normalization,not_started,not_started,,,,
docs/teleoperation/resources.mdx,content/docs/zh-CN/api-reference/teleoperation/resources.mdx,migrate_page_after_syntax_and_ia_review,needs_review,low,yes,,Batch with same product after syntax-map confirmation.,ready-native,not_started,not_started,,,,
docs/teleoperation/skills-integrate.mdx,content/docs/zh-CN/api-reference/teleoperation/skills-integrate.mdx,migrate_page_after_syntax_and_ia_review,needs_review,medium,partial,,Batch with same product after syntax-map confirmation.,needs-directive-rewrite|needs-include-standardization,not_started,not_started,,,,
docs/terms/中文翻译/固定用法/固定用法-RTC.md,,migrate_page_after_syntax_and_ia_review,blocked,low,yes,No matching target product directory found for legacy docs/terms; decide tab/product IA before migration.,Confirm target IA and migration strategy for docs/terms/中文翻译/固定用法/固定用法-RTC.md.,ready-native,not_started,not_started,,,,
docs/terms/中文翻译/固定用法/固定用法-通用.md,,migrate_page_after_syntax_and_ia_review,blocked,medium,partial,No matching target product directory found for legacy docs/terms; decide tab/product IA before migration.,Confirm target IA and migration strategy for docs/terms/中文翻译/固定用法/固定用法-通用.md.,needs-directive-rewrite,not_started,not_started,,,,
docs/terms/中文翻译/翻译术语/翻译术语-RTC.md,,migrate_page_after_syntax_and_ia_review,blocked,low,yes,No matching target product directory found for legacy docs/terms; decide tab/product IA before migration.,Confirm target IA and migration strategy for docs/terms/中文翻译/翻译术语/翻译术语-RTC.md.,ready-native,not_started,not_started,,,,
docs/terms/中文翻译/翻译术语/翻译术语-通用.md,,migrate_page_after_syntax_and_ia_review,blocked,low,yes,No matching target product directory found for legacy docs/terms; decide tab/product IA before migration.,Confirm target IA and migration strategy for docs/terms/中文翻译/翻译术语/翻译术语-通用.md.,ready-native,not_started,not_started,,,,
docs/terms/英文翻译/固定用法-EN/固定用法-通用-EN.md,,migrate_page_after_syntax_and_ia_review,blocked,low,yes,No matching target product directory found for legacy docs/terms; decide tab/product IA before migration.,Confirm target IA and migration strategy for docs/terms/英文翻译/固定用法-EN/固定用法-通用-EN.md.,ready-native,not_started,not_started,,,,
docs/terms/英文翻译/翻译术语-EN/翻译术语-RTM-EN.md,,migrate_page_after_syntax_and_ia_review,blocked,low,yes,No matching target product directory found for legacy docs/terms; decide tab/product IA before migration.,Confirm target IA and migration strategy for docs/terms/英文翻译/翻译术语-EN/翻译术语-RTM-EN.md.,ready-native,not_started,not_started,,,,
docs/terms/英文翻译/翻译术语-EN/翻译术语-通用-EN.md,,migrate_page_after_syntax_and_ia_review,blocked,low,yes,No matching target product directory found for legacy docs/terms; decide tab/product IA before migration.,Confirm target IA and migration strategy for docs/terms/英文翻译/翻译术语-EN/翻译术语-通用-EN.md.,ready-native,not_started,not_started,,,,
docs/toybox/_resources.mdx,,migrate_page_after_syntax_and_ia_review,blocked,high,no,No matching target product directory found for legacy docs/toybox; decide tab/product IA before migration.,Confirm target IA and migration strategy for docs/toybox/_resources.mdx.,needs-directive-rewrite|needs-landing-page-normalization,not_started,not_started,,,,
docs/toybox/get-started/_run-r1-4g.mdx,,migrate_page_after_syntax_and_ia_review,blocked,high,no,No matching target product directory found for legacy docs/toybox; decide tab/product IA before migration.,Confirm target IA and migration strategy for docs/toybox/get-started/_run-r1-4g.mdx.,needs-directive-rewrite|needs-image-standard|needs-landing-page-normalization,not_started,not_started,,,,
docs/toybox/get-started/enable-service.mdx,,migrate_page_after_syntax_and_ia_review,blocked,medium,partial,No matching target product directory found for legacy docs/toybox; decide tab/product IA before migration.,Confirm target IA and migration strategy for docs/toybox/get-started/enable-service.mdx.,needs-directive-rewrite|needs-include-standardization|needs-image-standard,not_started,not_started,,,,
docs/toybox/get-started/run-r1.mdx,,migrate_page_after_syntax_and_ia_review,blocked,high,no,No matching target product directory found for legacy docs/toybox; decide tab/product IA before migration.,Confirm target IA and migration strategy for docs/toybox/get-started/run-r1.mdx.,needs-directive-rewrite|needs-image-standard|needs-landing-page-normalization,not_started,not_started,,,,
docs/toybox/landing-page.mdx,,migrate_page_after_syntax_and_ia_review,blocked,high,no,No matching target product directory found for legacy docs/toybox; decide tab/product IA before migration.,Confirm target IA and migration strategy for docs/toybox/landing-page.mdx.,needs-directive-rewrite|needs-landing-page-normalization,not_started,not_started,,,,
docs/toybox/mcp-integrate.mdx,,migrate_page_after_syntax_and_ia_review,blocked,medium,partial,No matching target product directory found for legacy docs/toybox; decide tab/product IA before migration.,Confirm target IA and migration strategy for docs/toybox/mcp-integrate.mdx.,needs-directive-rewrite|needs-include-standardization,not_started,not_started,,,,
docs/toybox/overview/product-overview.mdx,,migrate_page_after_syntax_and_ia_review,blocked,medium,partial,No matching target product directory found for legacy docs/toybox; decide tab/product IA before migration.,Confirm target IA and migration strategy for docs/toybox/overview/product-overview.mdx.,needs-directive-rewrite|needs-table-normalization|needs-image-standard,not_started,not_started,,,,
docs/toybox/skills-integrate.mdx,,migrate_page_after_syntax_and_ia_review,blocked,medium,partial,No matching target product directory found for legacy docs/toybox; decide tab/product IA before migration.,Confirm target IA and migration strategy for docs/toybox/skills-integrate.mdx.,needs-directive-rewrite|needs-include-standardization,not_started,not_started,,,,
docs/voip-callkit/get-started/enable-service.mdx,,migrate_page_after_syntax_and_ia_review,blocked,medium,partial,No matching target product directory found for legacy docs/voip-callkit; decide tab/product IA before migration.,Confirm target IA and migration strategy for docs/voip-callkit/get-started/enable-service.mdx.,needs-directive-rewrite|needs-include-standardization|needs-image-standard,not_started,not_started,,,,
docs/voip-callkit/get-started/start-video-call.mdx,,migrate_page_after_syntax_and_ia_review,blocked,medium,partial,No matching target product directory found for legacy docs/voip-callkit; decide tab/product IA before migration.,Confirm target IA and migration strategy for docs/voip-callkit/get-started/start-video-call.mdx.,needs-directive-rewrite|needs-table-normalization|needs-image-standard,not_started,not_started,,,,
docs/voip-callkit/landing-page.mdx,,migrate_page_after_syntax_and_ia_review,blocked,high,no,No matching target product directory found for legacy docs/voip-callkit; decide tab/product IA before migration.,Confirm target IA and migration strategy for docs/voip-callkit/landing-page.mdx.,needs-directive-rewrite|needs-landing-page-normalization,not_started,not_started,,,,
docs/voip-callkit/mcp-integrate.mdx,,migrate_page_after_syntax_and_ia_review,blocked,medium,partial,No matching target product directory found for legacy docs/voip-callkit; decide tab/product IA before migration.,Confirm target IA and migration strategy for docs/voip-callkit/mcp-integrate.mdx.,needs-directive-rewrite|needs-include-standardization,not_started,not_started,,,,
docs/voip-callkit/overview/product-overview.mdx,,migrate_page_after_syntax_and_ia_review,blocked,medium,partial,No matching target product directory found for legacy docs/voip-callkit; decide tab/product IA before migration.,Confirm target IA and migration strategy for docs/voip-callkit/overview/product-overview.mdx.,needs-directive-rewrite|needs-image-standard,not_started,not_started,,,,
docs/voip-callkit/skills-integrate.mdx,,migrate_page_after_syntax_and_ia_review,blocked,medium,partial,No matching target product directory found for legacy docs/voip-callkit; decide tab/product IA before migration.,Confirm target IA and migration strategy for docs/voip-callkit/skills-integrate.mdx.,needs-directive-rewrite|needs-include-standardization,not_started,not_started,,,,
docs/voip-callkit/user-guide/http-basic-auth.mdx,,migrate_page_after_syntax_and_ia_review,blocked,medium,partial,No matching target product directory found for legacy docs/voip-callkit; decide tab/product IA before migration.,Confirm target IA and migration strategy for docs/voip-callkit/user-guide/http-basic-auth.mdx.,needs-directive-rewrite|needs-include-standardization,not_started,not_started,,,,
docs/voip-callkit/user-guide/license.mdx,,migrate_page_after_syntax_and_ia_review,blocked,medium,partial,No matching target product directory found for legacy docs/voip-callkit; decide tab/product IA before migration.,Confirm target IA and migration strategy for docs/voip-callkit/user-guide/license.mdx.,needs-directive-rewrite|needs-table-normalization|needs-image-standard|needs-anchor-normalization,not_started,not_started,,,,
docs/voip-callkit/user-guide/set-source-sink.mdx,,migrate_page_after_syntax_and_ia_review,blocked,medium,partial,No matching target product directory found for legacy docs/voip-callkit; decide tab/product IA before migration.,Confirm target IA and migration strategy for docs/voip-callkit/user-guide/set-source-sink.mdx.,needs-directive-rewrite|needs-table-normalization,not_started,not_started,,,,
docs/voip-callkit/webhook/receive-webhook.mdx,,migrate_page_after_syntax_and_ia_review,blocked,medium,partial,No matching target product directory found for legacy docs/voip-callkit; decide tab/product IA before migration.,Confirm target IA and migration strategy for docs/voip-callkit/webhook/receive-webhook.mdx.,needs-directive-rewrite|needs-include-standardization,not_started,not_started,,,,
docs/voip-callkit/webhook/voip-events.mdx,,migrate_page_after_syntax_and_ia_review,blocked,medium,partial,No matching target product directory found for legacy docs/voip-callkit; decide tab/product IA before migration.,Confirm target IA and migration strategy for docs/voip-callkit/webhook/voip-events.mdx.,needs-directive-rewrite|needs-table-normalization,not_started,not_started,,,,
docs/whiteboard/fastboard-sdk/advanced-features/convert-files.mdx,content/docs/zh-CN/realtime-media/whiteboard/fastboard-sdk/advanced-features/convert-files.mdx,migrate_page_after_syntax_and_ia_review,needs_review,medium,partial,,Batch with same product after syntax-map confirmation.,needs-directive-rewrite|needs-image-standard,not_started,not_started,,,,
docs/whiteboard/fastboard-sdk/advanced-features/customize-widget.javascript.ios.android.mdx,content/docs/zh-CN/realtime-media/whiteboard/fastboard-sdk/advanced-features/customize-widget.javascript.ios.android.mdx,migrate_page_after_syntax_and_ia_review,needs_review,medium,partial,,Batch with same product after syntax-map confirmation.,needs-directive-rewrite|needs-image-standard,not_started,not_started,,,,
docs/whiteboard/fastboard-sdk/advanced-features/record-and-replay.android.mdx,content/docs/zh-CN/realtime-media/whiteboard/fastboard-sdk/advanced-features/record-and-replay.android.mdx,migrate_page_after_syntax_and_ia_review,needs_review,medium,partial,,Batch with same product after syntax-map confirmation.,needs-directive-rewrite,not_started,not_started,,,,
docs/whiteboard/fastboard-sdk/advanced-features/record-and-replay.ios.mdx,content/docs/zh-CN/realtime-media/whiteboard/fastboard-sdk/advanced-features/record-and-replay.ios.mdx,migrate_page_after_syntax_and_ia_review,needs_review,medium,partial,,Batch with same product after syntax-map confirmation.,needs-directive-rewrite,not_started,not_started,,,,
docs/whiteboard/fastboard-sdk/advanced-features/record-and-replay.javascript.mdx,content/docs/zh-CN/realtime-media/whiteboard/fastboard-sdk/advanced-features/record-and-replay.javascript.mdx,migrate_page_after_syntax_and_ia_review,needs_review,medium,partial,,Batch with same product after syntax-map confirmation.,needs-directive-rewrite,not_started,not_started,,,,
docs/whiteboard/fastboard-sdk/basic-features/generate-token.mdx,content/docs/zh-CN/realtime-media/whiteboard/fastboard-sdk/basic-features/generate-token.mdx,migrate_page_after_syntax_and_ia_review,needs_review,medium,partial,,Batch with same product after syntax-map confirmation.,needs-directive-rewrite,not_started,not_started,,,,
docs/whiteboard/fastboard-sdk/basic-features/generate-token.restful.mdx,content/docs/zh-CN/realtime-media/whiteboard/fastboard-sdk/basic-features/generate-token.restful.mdx,migrate_page_after_syntax_and_ia_review,needs_review,medium,partial,,Batch with same product after syntax-map confirmation.,needs-directive-rewrite,not_started,not_started,,,,
docs/whiteboard/fastboard-sdk/basic-features/present-files-fb.android.mdx,content/docs/zh-CN/realtime-media/whiteboard/fastboard-sdk/basic-features/present-files-fb.android.mdx,migrate_page_after_syntax_and_ia_review,needs_review,medium,partial,,Batch with same product after syntax-map confirmation.,needs-directive-rewrite,not_started,not_started,,,,
docs/whiteboard/fastboard-sdk/basic-features/present-files-fb.ios.mdx,content/docs/zh-CN/realtime-media/whiteboard/fastboard-sdk/basic-features/present-files-fb.ios.mdx,migrate_page_after_syntax_and_ia_review,needs_review,medium,partial,,Batch with same product after syntax-map confirmation.,needs-directive-rewrite,not_started,not_started,,,,
docs/whiteboard/fastboard-sdk/basic-features/present-files-fb.javascript.mdx,content/docs/zh-CN/realtime-media/whiteboard/fastboard-sdk/basic-features/present-files-fb.javascript.mdx,migrate_page_after_syntax_and_ia_review,needs_review,medium,partial,,Batch with same product after syntax-map confirmation.,needs-directive-rewrite,not_started,not_started,,,,
docs/whiteboard/fastboard-sdk/conversion-webhook.restful.mdx,content/docs/zh-CN/realtime-media/whiteboard/fastboard-sdk/conversion-webhook.restful.mdx,migrate_page_after_syntax_and_ia_review,needs_review,medium,partial,,Batch with same product after syntax-map confirmation.,needs-directive-rewrite|needs-include-standardization|needs-image-standard,not_started,not_started,,,,
docs/whiteboard/fastboard-sdk/get-started/call-api.restful.mdx,content/docs/zh-CN/realtime-media/whiteboard/fastboard-sdk/get-started/call-api.restful.mdx,migrate_page_after_syntax_and_ia_review,needs_review,low,yes,,Batch with same product after syntax-map confirmation.,ready-native,not_started,not_started,,,,
docs/whiteboard/fastboard-sdk/get-started/enable-service.mdx,content/docs/zh-CN/realtime-media/whiteboard/fastboard-sdk/get-started/enable-service.mdx,migrate_page_after_syntax_and_ia_review,needs_review,high,no,,Review legacy JSX/shared/platform/API patterns before batching.,needs-directive-rewrite|needs-include-standardization|needs-platform-expansion|needs-image-standard|needs-anchor-normalization,not_started,not_started,,,,
docs/whiteboard/fastboard-sdk/get-started/join-room-fb.android.mdx,content/docs/zh-CN/realtime-media/whiteboard/fastboard-sdk/get-started/join-room-fb.android.mdx,migrate_page_after_syntax_and_ia_review,needs_review,medium,partial,,Batch with same product after syntax-map confirmation.,needs-directive-rewrite|needs-include-standardization|needs-image-standard|needs-anchor-normalization,not_started,not_started,,,,
docs/whiteboard/fastboard-sdk/get-started/join-room-fb.ios.mdx,content/docs/zh-CN/realtime-media/whiteboard/fastboard-sdk/get-started/join-room-fb.ios.mdx,migrate_page_after_syntax_and_ia_review,needs_review,medium,partial,,Batch with same product after syntax-map confirmation.,needs-directive-rewrite|needs-include-standardization|needs-image-standard|needs-anchor-normalization,not_started,not_started,,,,
docs/whiteboard/fastboard-sdk/get-started/join-room-fb.javascript.mdx,content/docs/zh-CN/realtime-media/whiteboard/fastboard-sdk/get-started/join-room-fb.javascript.mdx,migrate_page_after_syntax_and_ia_review,needs_review,medium,partial,,Batch with same product after syntax-map confirmation.,needs-directive-rewrite|needs-include-standardization|needs-image-standard|needs-anchor-normalization,not_started,not_started,,,,
docs/whiteboard/fastboard-sdk/get-started/migrate-from-netless.javascript.android.ios.mdx,content/docs/zh-CN/realtime-media/whiteboard/fastboard-sdk/get-started/migrate-from-netless.javascript.android.ios.mdx,migrate_page_after_syntax_and_ia_review,needs_review,high,no,,Review legacy JSX/shared/platform/API patterns before batching.,needs-directive-rewrite|needs-include-standardization|needs-platform-expansion,not_started,not_started,,,,
docs/whiteboard/fastboard-sdk/landing-page.mdx,content/docs/zh-CN/realtime-media/whiteboard/fastboard-sdk/landing-page.mdx,migrate_page_after_syntax_and_ia_review,needs_review,high,no,,Review legacy JSX/shared/platform/API patterns before batching.,needs-directive-rewrite|needs-landing-page-normalization,not_started,not_started,,,,
docs/whiteboard/fastboard-sdk/landing-page.restful.mdx,content/docs/zh-CN/realtime-media/whiteboard/fastboard-sdk/landing-page.restful.mdx,migrate_page_after_syntax_and_ia_review,needs_review,high,no,,Review legacy JSX/shared/platform/API patterns before batching.,needs-directive-rewrite|needs-landing-page-normalization,not_started,not_started,,,,
docs/whiteboard/fastboard-sdk/mcp-integrate.mdx,content/docs/zh-CN/realtime-media/whiteboard/fastboard-sdk/mcp-integrate.mdx,migrate_page_after_syntax_and_ia_review,needs_review,medium,partial,,Batch with same product after syntax-map confirmation.,needs-directive-rewrite|needs-include-standardization,not_started,not_started,,,,
docs/whiteboard/fastboard-sdk/overview/billing.mdx,content/docs/zh-CN/realtime-media/whiteboard/fastboard-sdk/overview/billing.mdx,migrate_page_after_syntax_and_ia_review,needs_review,medium,partial,,Batch with same product after syntax-map confirmation.,needs-directive-rewrite|needs-table-normalization|needs-image-standard,not_started,not_started,,,,
docs/whiteboard/fastboard-sdk/overview/concepts.mdx,content/docs/zh-CN/realtime-media/whiteboard/fastboard-sdk/overview/concepts.mdx,migrate_page_after_syntax_and_ia_review,needs_review,medium,partial,,Batch with same product after syntax-map confirmation.,needs-directive-rewrite|needs-image-standard,not_started,not_started,,,,
docs/whiteboard/fastboard-sdk/overview/convert-ppt.mdx,content/docs/zh-CN/realtime-media/whiteboard/fastboard-sdk/overview/convert-ppt.mdx,migrate_page_after_syntax_and_ia_review,needs_review,medium,partial,,Batch with same product after syntax-map confirmation.,needs-directive-rewrite|needs-table-normalization,not_started,not_started,,,,
docs/whiteboard/fastboard-sdk/overview/product-overview.mdx,content/docs/zh-CN/realtime-media/whiteboard/fastboard-sdk/overview/product-overview.mdx,migrate_page_after_syntax_and_ia_review,needs_review,medium,partial,,Batch with same product after syntax-map confirmation.,needs-directive-rewrite,not_started,not_started,,,,
docs/whiteboard/fastboard-sdk/overview/qps-pricing.mdx,content/docs/zh-CN/realtime-media/whiteboard/fastboard-sdk/overview/qps-pricing.mdx,migrate_page_after_syntax_and_ia_review,needs_review,medium,partial,,Batch with same product after syntax-map confirmation.,needs-directive-rewrite,not_started,not_started,,,,
docs/whiteboard/fastboard-sdk/release-notes-fb.android.mdx,content/docs/zh-CN/realtime-media/whiteboard/fastboard-sdk/release-notes-fb.android.mdx,migrate_page_after_syntax_and_ia_review,needs_review,medium,partial,,Batch with same product after syntax-map confirmation.,needs-directive-rewrite,not_started,not_started,,,,
docs/whiteboard/fastboard-sdk/release-notes-fb.ios.mdx,content/docs/zh-CN/realtime-media/whiteboard/fastboard-sdk/release-notes-fb.ios.mdx,migrate_page_after_syntax_and_ia_review,needs_review,medium,partial,,Batch with same product after syntax-map confirmation.,needs-directive-rewrite,not_started,not_started,,,,
docs/whiteboard/fastboard-sdk/release-notes-fb.javascript.mdx,content/docs/zh-CN/realtime-media/whiteboard/fastboard-sdk/release-notes-fb.javascript.mdx,migrate_page_after_syntax_and_ia_review,needs_review,medium,partial,,Batch with same product after syntax-map confirmation.,needs-directive-rewrite,not_started,not_started,,,,
docs/whiteboard/fastboard-sdk/resources-fb.javascript.ios.android.mdx,content/docs/zh-CN/realtime-media/whiteboard/fastboard-sdk/resources-fb.javascript.ios.android.mdx,migrate_page_after_syntax_and_ia_review,needs_review,high,no,,Review legacy JSX/shared/platform/API patterns before batching.,needs-directive-rewrite|needs-platform-expansion|needs-landing-page-normalization,not_started,not_started,,,,
docs/whiteboard/fastboard-sdk/response-code.mdx,content/docs/zh-CN/realtime-media/whiteboard/fastboard-sdk/response-code.mdx,migrate_page_after_syntax_and_ia_review,needs_review,low,yes,,Batch with same product after syntax-map confirmation.,ready-native,not_started,not_started,,,,
docs/whiteboard/fastboard-sdk/skills-integrate.mdx,content/docs/zh-CN/realtime-media/whiteboard/fastboard-sdk/skills-integrate.mdx,migrate_page_after_syntax_and_ia_review,needs_review,medium,partial,,Batch with same product after syntax-map confirmation.,needs-directive-rewrite|needs-include-standardization,not_started,not_started,,,,
docs/whiteboard/fastboard-sdk/solution-compare.mdx,content/docs/zh-CN/realtime-media/whiteboard/fastboard-sdk/solution-compare.mdx,migrate_page_after_syntax_and_ia_review,needs_review,medium,partial,,Batch with same product after syntax-map confirmation.,needs-directive-rewrite|needs-table-normalization,not_started,not_started,,,,
docs/whiteboard/whiteboard-sdk/advanced-features/convert-files.mdx,content/docs/zh-CN/realtime-media/whiteboard/whiteboard-sdk/advanced-features/convert-files.mdx,migrate_page_after_syntax_and_ia_review,needs_review,medium,partial,,Batch with same product after syntax-map confirmation.,needs-directive-rewrite|needs-image-standard,not_started,not_started,,,,
docs/whiteboard/whiteboard-sdk/advanced-features/custom-event.javascript.mdx,content/docs/zh-CN/realtime-media/whiteboard/whiteboard-sdk/advanced-features/custom-event.javascript.mdx,migrate_page_after_syntax_and_ia_review,needs_review,low,yes,,Batch with same product after syntax-map confirmation.,ready-native,not_started,not_started,,,,
docs/whiteboard/whiteboard-sdk/advanced-features/record-and-replay.javascript.mdx,content/docs/zh-CN/realtime-media/whiteboard/whiteboard-sdk/advanced-features/record-and-replay.javascript.mdx,migrate_page_after_syntax_and_ia_review,needs_review,medium,partial,,Batch with same product after syntax-map confirmation.,needs-directive-rewrite,not_started,not_started,,,,
docs/whiteboard/whiteboard-sdk/basic-features/firewall.javascript.ios.android.mdx,content/docs/zh-CN/realtime-media/whiteboard/whiteboard-sdk/basic-features/firewall.javascript.ios.android.mdx,migrate_page_after_syntax_and_ia_review,needs_review,high,no,,Review legacy JSX/shared/platform/API patterns before batching.,needs-directive-rewrite|needs-platform-expansion,not_started,not_started,,,,
docs/whiteboard/whiteboard-sdk/basic-features/generate-token.mdx,content/docs/zh-CN/realtime-media/whiteboard/whiteboard-sdk/basic-features/generate-token.mdx,migrate_page_after_syntax_and_ia_review,needs_review,medium,partial,,Batch with same product after syntax-map confirmation.,needs-directive-rewrite,not_started,not_started,,,,
docs/whiteboard/whiteboard-sdk/basic-features/generate-token.restful.mdx,content/docs/zh-CN/realtime-media/whiteboard/whiteboard-sdk/basic-features/generate-token.restful.mdx,migrate_page_after_syntax_and_ia_review,needs_review,medium,partial,,Batch with same product after syntax-map confirmation.,needs-directive-rewrite,not_started,not_started,,,,
docs/whiteboard/whiteboard-sdk/basic-features/manage-room-phase.javascript.mdx,content/docs/zh-CN/realtime-media/whiteboard/whiteboard-sdk/basic-features/manage-room-phase.javascript.mdx,migrate_page_after_syntax_and_ia_review,needs_review,medium,partial,,Batch with same product after syntax-map confirmation.,needs-directive-rewrite|needs-image-standard,not_started,not_started,,,,
docs/whiteboard/whiteboard-sdk/basic-features/manage-room-status.javascript.mdx,content/docs/zh-CN/realtime-media/whiteboard/whiteboard-sdk/basic-features/manage-room-status.javascript.mdx,migrate_page_after_syntax_and_ia_review,needs_review,low,yes,,Batch with same product after syntax-map confirmation.,ready-native,not_started,not_started,,,,
docs/whiteboard/whiteboard-sdk/basic-features/manage-scene.javascript.mdx,content/docs/zh-CN/realtime-media/whiteboard/whiteboard-sdk/basic-features/manage-scene.javascript.mdx,migrate_page_after_syntax_and_ia_review,needs_review,medium,partial,,Batch with same product after syntax-map confirmation.,needs-anchor-normalization,not_started,not_started,,,,
docs/whiteboard/whiteboard-sdk/basic-features/present-files-wb.javascript.mdx,content/docs/zh-CN/realtime-media/whiteboard/whiteboard-sdk/basic-features/present-files-wb.javascript.mdx,migrate_page_after_syntax_and_ia_review,needs_review,low,yes,,Batch with same product after syntax-map confirmation.,ready-native,not_started,not_started,,,,
docs/whiteboard/whiteboard-sdk/basic-features/use-tools-wb.javascript.mdx,content/docs/zh-CN/realtime-media/whiteboard/whiteboard-sdk/basic-features/use-tools-wb.javascript.mdx,migrate_page_after_syntax_and_ia_review,needs_review,medium,partial,,Batch with same product after syntax-map confirmation.,needs-directive-rewrite|needs-image-standard,not_started,not_started,,,,
docs/whiteboard/whiteboard-sdk/conversion-webhook.restful.mdx,content/docs/zh-CN/realtime-media/whiteboard/whiteboard-sdk/conversion-webhook.restful.mdx,migrate_page_after_syntax_and_ia_review,needs_review,medium,partial,,Batch with same product after syntax-map confirmation.,needs-directive-rewrite|needs-include-standardization|needs-image-standard,not_started,not_started,,,,
docs/whiteboard/whiteboard-sdk/get-started/call-api.restful.mdx,content/docs/zh-CN/realtime-media/whiteboard/whiteboard-sdk/get-started/call-api.restful.mdx,migrate_page_after_syntax_and_ia_review,needs_review,low,yes,,Batch with same product after syntax-map confirmation.,ready-native,not_started,not_started,,,,
docs/whiteboard/whiteboard-sdk/get-started/enable-service.mdx,content/docs/zh-CN/realtime-media/whiteboard/whiteboard-sdk/get-started/enable-service.mdx,migrate_page_after_syntax_and_ia_review,needs_review,high,no,,Review legacy JSX/shared/platform/API patterns before batching.,needs-directive-rewrite|needs-include-standardization|needs-platform-expansion|needs-image-standard|needs-anchor-normalization,not_started,not_started,,,,
docs/whiteboard/whiteboard-sdk/get-started/join-room-wb.android.mdx,content/docs/zh-CN/realtime-media/whiteboard/whiteboard-sdk/get-started/join-room-wb.android.mdx,migrate_page_after_syntax_and_ia_review,needs_review,medium,partial,,Batch with same product after syntax-map confirmation.,needs-directive-rewrite|needs-include-standardization|needs-anchor-normalization,not_started,not_started,,,,
docs/whiteboard/whiteboard-sdk/get-started/join-room-wb.ios.mdx,content/docs/zh-CN/realtime-media/whiteboard/whiteboard-sdk/get-started/join-room-wb.ios.mdx,migrate_page_after_syntax_and_ia_review,needs_review,medium,partial,,Batch with same product after syntax-map confirmation.,needs-directive-rewrite|needs-include-standardization|needs-anchor-normalization,not_started,not_started,,,,
docs/whiteboard/whiteboard-sdk/get-started/join-room-wb.javascript.mdx,content/docs/zh-CN/realtime-media/whiteboard/whiteboard-sdk/get-started/join-room-wb.javascript.mdx,migrate_page_after_syntax_and_ia_review,needs_review,medium,partial,,Batch with same product after syntax-map confirmation.,needs-directive-rewrite|needs-include-standardization|needs-anchor-normalization,not_started,not_started,,,,
docs/whiteboard/whiteboard-sdk/get-started/migrate-from-netless.javascript.android.ios.mdx,content/docs/zh-CN/realtime-media/whiteboard/whiteboard-sdk/get-started/migrate-from-netless.javascript.android.ios.mdx,migrate_page_after_syntax_and_ia_review,needs_review,high,no,,Review legacy JSX/shared/platform/API patterns before batching.,needs-directive-rewrite|needs-include-standardization|needs-platform-expansion,not_started,not_started,,,,
docs/whiteboard/whiteboard-sdk/landing-page.ios.mdx,content/docs/zh-CN/realtime-media/whiteboard/whiteboard-sdk/landing-page.ios.mdx,migrate_page_after_syntax_and_ia_review,needs_review,high,no,,Review legacy JSX/shared/platform/API patterns before batching.,needs-directive-rewrite|needs-landing-page-normalization,not_started,not_started,,,,
docs/whiteboard/whiteboard-sdk/landing-page.javascript.android.mdx,content/docs/zh-CN/realtime-media/whiteboard/whiteboard-sdk/landing-page.javascript.android.mdx,migrate_page_after_syntax_and_ia_review,needs_review,high,no,,Review legacy JSX/shared/platform/API patterns before batching.,needs-directive-rewrite|needs-landing-page-normalization,not_started,not_started,,,,
docs/whiteboard/whiteboard-sdk/landing-page.restful.mdx,content/docs/zh-CN/realtime-media/whiteboard/whiteboard-sdk/landing-page.restful.mdx,migrate_page_after_syntax_and_ia_review,needs_review,high,no,,Review legacy JSX/shared/platform/API patterns before batching.,needs-directive-rewrite|needs-landing-page-normalization,not_started,not_started,,,,
docs/whiteboard/whiteboard-sdk/mcp-integrate.mdx,content/docs/zh-CN/realtime-media/whiteboard/whiteboard-sdk/mcp-integrate.mdx,migrate_page_after_syntax_and_ia_review,needs_review,medium,partial,,Batch with same product after syntax-map confirmation.,needs-directive-rewrite|needs-include-standardization,not_started,not_started,,,,
docs/whiteboard/whiteboard-sdk/overview/billing.mdx,content/docs/zh-CN/realtime-media/whiteboard/whiteboard-sdk/overview/billing.mdx,migrate_page_after_syntax_and_ia_review,needs_review,medium,partial,,Batch with same product after syntax-map confirmation.,needs-directive-rewrite|needs-table-normalization|needs-image-standard,not_started,not_started,,,,
docs/whiteboard/whiteboard-sdk/overview/concepts.mdx,content/docs/zh-CN/realtime-media/whiteboard/whiteboard-sdk/overview/concepts.mdx,migrate_page_after_syntax_and_ia_review,needs_review,medium,partial,,Batch with same product after syntax-map confirmation.,needs-directive-rewrite|needs-include-standardization|needs-image-standard,not_started,not_started,,,,
docs/whiteboard/whiteboard-sdk/overview/convert-ppt.mdx,content/docs/zh-CN/realtime-media/whiteboard/whiteboard-sdk/overview/convert-ppt.mdx,migrate_page_after_syntax_and_ia_review,needs_review,medium,partial,,Batch with same product after syntax-map confirmation.,needs-directive-rewrite|needs-table-normalization,not_started,not_started,,,,
docs/whiteboard/whiteboard-sdk/overview/product-overview.mdx,content/docs/zh-CN/realtime-media/whiteboard/whiteboard-sdk/overview/product-overview.mdx,migrate_page_after_syntax_and_ia_review,needs_review,medium,partial,,Batch with same product after syntax-map confirmation.,needs-directive-rewrite,not_started,not_started,,,,
docs/whiteboard/whiteboard-sdk/overview/qps-pricing.mdx,content/docs/zh-CN/realtime-media/whiteboard/whiteboard-sdk/overview/qps-pricing.mdx,migrate_page_after_syntax_and_ia_review,needs_review,medium,partial,,Batch with same product after syntax-map confirmation.,needs-directive-rewrite,not_started,not_started,,,,
docs/whiteboard/whiteboard-sdk/release-notes-wb.android.mdx,content/docs/zh-CN/realtime-media/whiteboard/whiteboard-sdk/release-notes-wb.android.mdx,migrate_page_after_syntax_and_ia_review,needs_review,medium,partial,,Batch with same product after syntax-map confirmation.,needs-directive-rewrite,not_started,not_started,,,,
docs/whiteboard/whiteboard-sdk/release-notes-wb.ios.mdx,content/docs/zh-CN/realtime-media/whiteboard/whiteboard-sdk/release-notes-wb.ios.mdx,migrate_page_after_syntax_and_ia_review,needs_review,medium,partial,,Batch with same product after syntax-map confirmation.,needs-directive-rewrite,not_started,not_started,,,,
docs/whiteboard/whiteboard-sdk/release-notes-wb.javascript.mdx,content/docs/zh-CN/realtime-media/whiteboard/whiteboard-sdk/release-notes-wb.javascript.mdx,migrate_page_after_syntax_and_ia_review,needs_review,medium,partial,,Batch with same product after syntax-map confirmation.,needs-directive-rewrite,not_started,not_started,,,,
docs/whiteboard/whiteboard-sdk/resources-wb.javascript.ios.android.mdx,content/docs/zh-CN/realtime-media/whiteboard/whiteboard-sdk/resources-wb.javascript.ios.android.mdx,migrate_page_after_syntax_and_ia_review,needs_review,high,no,,Review legacy JSX/shared/platform/API patterns before batching.,needs-directive-rewrite|needs-platform-expansion|needs-landing-page-normalization,not_started,not_started,,,,
docs/whiteboard/whiteboard-sdk/response-code.mdx,content/docs/zh-CN/realtime-media/whiteboard/whiteboard-sdk/response-code.mdx,migrate_page_after_syntax_and_ia_review,needs_review,low,yes,,Batch with same product after syntax-map confirmation.,ready-native,not_started,not_started,,,,
docs/whiteboard/whiteboard-sdk/skills-integrate.mdx,content/docs/zh-CN/realtime-media/whiteboard/whiteboard-sdk/skills-integrate.mdx,migrate_page_after_syntax_and_ia_review,needs_review,medium,partial,,Batch with same product after syntax-map confirmation.,needs-directive-rewrite|needs-include-standardization,not_started,not_started,,,,
docs/whiteboard/whiteboard-sdk/solution-compare.mdx,content/docs/zh-CN/realtime-media/whiteboard/whiteboard-sdk/solution-compare.mdx,migrate_page_after_syntax_and_ia_review,needs_review,medium,partial,,Batch with same product after syntax-map confirmation.,needs-directive-rewrite,not_started,not_started,,,,
html-docs/agora-chat/Flutter,,defer_generated_api_asset_group,blocked,high,no,Generated API support assets should move only with approved generated-API migration lane.,Confirm generated API lane before copying support assets.,asset_group|count:2|sample:html-docs/agora-chat/Flutter/static-assets/favicon.png|html-docs/agora-chat/Flutter/static-assets/play_button.svg,not_started,not_started,,,,
html-docs/agora-chat/Flutter,,defer_generated_api_until_source_strategy_approved,blocked,high,no,"Generated HTML API requires source/generator confirmation, stable fragment preservation, and target API Reference IA approval.","Generated HTML API requires source/generator confirmation, stable fragment preservation, and target API Reference IA approval.",api-inventory|generated-html-api,not_started,not_started,,,,
html-docs/agora-product/cloud-recording.yaml,,map_openapi_lane,blocked,high,partial,No safe target OpenAPI lane could be inferred from product path; choose target product/API Reference owner.,No safe target OpenAPI lane could be inferred from product path; choose target product/API Reference owner.,api-inventory|openapi-source,not_started,not_started,,,,
html-docs/analytics/RESTful/restful-aa.yaml,content/openapi/analytics/,map_openapi_lane,needs_review,high,partial,,Confirm target API lane and ownership before migration.,api-inventory|openapi-source,not_started,not_started,,,,
html-docs/cloud-recording/cloud-recording.yaml,content/openapi/cloud-recording/cloud-recording.zh-CN.yaml,map_openapi_lane,needs_review,high,partial,,Confirm target API lane and ownership before migration.,api-inventory|openapi-source,not_started,not_started,,,,
html-docs/cloud-transcoder/RESTful/cloud-transcoder.yaml,content/openapi/cloud-transcoding/cloud-transcoder.zh-CN.yaml,map_openapi_lane,needs_review,high,partial,,Confirm target API lane and ownership before migration.,api-inventory|openapi-source,not_started,not_started,,,,
html-docs/console/RESTful/console.yaml,content/openapi/console/,map_openapi_lane,needs_review,high,partial,,Confirm target API lane and ownership before migration.,api-inventory|openapi-source,not_started,not_started,,,,
html-docs/conversion-ppt/RESTful/restful-ppt.yaml,,map_openapi_lane,blocked,high,partial,No safe target OpenAPI lane could be inferred from product path; choose target product/API Reference owner.,No safe target OpenAPI lane could be inferred from product path; choose target product/API Reference owner.,api-inventory|openapi-source,not_started,not_started,,,,
html-docs/convoai/RESTful/convoai.yaml,content/openapi/conversational-ai/convoai.zh-CN.yaml,map_openapi_lane,needs_review,high,partial,,Confirm target API lane and ownership before migration.,api-inventory|openapi-source,not_started,not_started,,,,
html-docs/danmaku/RESTful/danmaku.yaml,,map_openapi_lane,blocked,high,partial,No safe target OpenAPI lane could be inferred from product path; choose target product/API Reference owner.,No safe target OpenAPI lane could be inferred from product path; choose target product/API Reference owner.,api-inventory|openapi-source,not_started,not_started,,,,
html-docs/dummy-product/analytics/analytics.yaml,,map_openapi_lane,blocked,high,partial,No safe target OpenAPI lane could be inferred from product path; choose target product/API Reference owner.,No safe target OpenAPI lane could be inferred from product path; choose target product/API Reference owner.,api-inventory|openapi-source,not_started,not_started,,,,
html-docs/dummy-product/C,,defer_generated_api_asset_group,blocked,high,no,Generated API support assets should move only with approved generated-API migration lane.,Confirm generated API lane before copying support assets.,asset_group|count:23|sample:html-docs/dummy-product/C/bc_s.png|html-docs/dummy-product/C/bdwn.png|html-docs/dummy-product/C/closed.png|html-docs/dummy-product/C/doc.png|html-docs/dummy-product/C/doxygen.svg,not_started,not_started,,,,
html-docs/dummy-product/C,,defer_generated_api_until_source_strategy_approved,blocked,high,no,"Generated HTML API requires source/generator confirmation, stable fragment preservation, and target API Reference IA approval.","Generated HTML API requires source/generator confirmation, stable fragment preservation, and target API Reference IA approval.",api-inventory|generated-html-api,not_started,not_started,,,,
html-docs/dummy-product/cdn/cdn.yaml,,map_openapi_lane,blocked,high,partial,No safe target OpenAPI lane could be inferred from product path; choose target product/API Reference owner.,No safe target OpenAPI lane could be inferred from product path; choose target product/API Reference owner.,api-inventory|openapi-source,not_started,not_started,,,,
html-docs/dummy-product/converter/converter.yaml,,map_openapi_lane,blocked,high,partial,No safe target OpenAPI lane could be inferred from product path; choose target product/API Reference owner.,No safe target OpenAPI lane could be inferred from product path; choose target product/API Reference owner.,api-inventory|openapi-source,not_started,not_started,,,,
html-docs/dummy-product/Cpp,,defer_generated_api_until_source_strategy_approved,blocked,high,no,"Generated HTML API requires source/generator confirmation, stable fragment preservation, and target API Reference IA approval.","Generated HTML API requires source/generator confirmation, stable fragment preservation, and target API Reference IA approval.",api-inventory|generated-html-api,not_started,not_started,,,,
html-docs/dummy-product/doxygen_Cpp,,defer_generated_api_asset_group,blocked,high,no,Generated API support assets should move only with approved generated-API migration lane.,Confirm generated API lane before copying support assets.,asset_group|count:23|sample:html-docs/dummy-product/doxygen_Cpp/bc_s.png|html-docs/dummy-product/doxygen_Cpp/bdwn.png|html-docs/dummy-product/doxygen_Cpp/closed.png|html-docs/dummy-product/doxygen_Cpp/doc.png|html-docs/dummy-product/doxygen_Cpp/doxygen.svg,not_started,not_started,,,,
html-docs/dummy-product/doxygen_Cpp,,defer_generated_api_until_source_strategy_approved,blocked,high,no,"Generated HTML API requires source/generator confirmation, stable fragment preservation, and target API Reference IA approval.","Generated HTML API requires source/generator confirmation, stable fragment preservation, and target API Reference IA approval.",api-inventory|generated-html-api,not_started,not_started,,,,
html-docs/dummy-product/iOS,,defer_generated_api_asset_group,blocked,high,no,Generated API support assets should move only with approved generated-API migration lane.,Confirm generated API lane before copying support assets.,asset_group|count:5|sample:html-docs/dummy-product/iOS/img/button_bar_background.png|html-docs/dummy-product/iOS/img/disclosure.png|html-docs/dummy-product/iOS/img/disclosure_open.png|html-docs/dummy-product/iOS/img/library_background.png|html-docs/dummy-product/iOS/img/title_background.png,not_started,not_started,,,,
html-docs/dummy-product/iOS,,defer_generated_api_until_source_strategy_approved,blocked,high,no,"Generated HTML API requires source/generator confirmation, stable fragment preservation, and target API Reference IA approval.","Generated HTML API requires source/generator confirmation, stable fragment preservation, and target API Reference IA approval.",api-inventory|generated-html-api,not_started,not_started,,,,
html-docs/dummy-product/Java,,defer_generated_api_asset_group,blocked,high,no,Generated API support assets should move only with approved generated-API migration lane.,Confirm generated API lane before copying support assets.,asset_group|count:23|sample:html-docs/dummy-product/Java/bc_s.png|html-docs/dummy-product/Java/bdwn.png|html-docs/dummy-product/Java/closed.png|html-docs/dummy-product/Java/doc.png|html-docs/dummy-product/Java/doxygen.svg,not_started,not_started,,,,
html-docs/dummy-product/Java,,defer_generated_api_until_source_strategy_approved,blocked,high,no,"Generated HTML API requires source/generator confirmation, stable fragment preservation, and target API Reference IA approval.","Generated HTML API requires source/generator confirmation, stable fragment preservation, and target API Reference IA approval.",api-inventory|generated-html-api,not_started,not_started,,,,
html-docs/dummy-product/live-streaming-standard/live-streaming-standard.yaml,,map_openapi_lane,blocked,high,partial,No safe target OpenAPI lane could be inferred from product path; choose target product/API Reference owner.,No safe target OpenAPI lane could be inferred from product path; choose target product/API Reference owner.,api-inventory|openapi-source,not_started,not_started,,,,
html-docs/dummy-product/recording/recording.yaml,,map_openapi_lane,blocked,high,partial,No safe target OpenAPI lane could be inferred from product path; choose target product/API Reference owner.,No safe target OpenAPI lane could be inferred from product path; choose target product/API Reference owner.,api-inventory|openapi-source,not_started,not_started,,,,
html-docs/dummy-product/RESTful/restful-demo.yaml,,map_openapi_lane,blocked,high,partial,No safe target OpenAPI lane could be inferred from product path; choose target product/API Reference owner.,No safe target OpenAPI lane could be inferred from product path; choose target product/API Reference owner.,api-inventory|openapi-source,not_started,not_started,,,,
html-docs/dummy-product/v2/v2.yaml,,map_openapi_lane,blocked,high,partial,No safe target OpenAPI lane could be inferred from product path; choose target product/API Reference owner.,No safe target OpenAPI lane could be inferred from product path; choose target product/API Reference owner.,api-inventory|openapi-source,not_started,not_started,,,,
html-docs/dummy-product/Web,,defer_generated_api_asset_group,blocked,high,no,Generated API support assets should move only with approved generated-API migration lane.,Confirm generated API lane before copying support assets.,asset_group|count:5|sample:html-docs/dummy-product/Web/assets/images/icons.png|html-docs/dummy-product/Web/assets/images/icons@2x.png|html-docs/dummy-product/Web/assets/images/logo.png|html-docs/dummy-product/Web/assets/images/widgets.png|html-docs/dummy-product/Web/assets/images/widgets@2x.png,not_started,not_started,,,,
html-docs/dummy-product/Web,,defer_generated_api_until_source_strategy_approved,blocked,high,no,"Generated HTML API requires source/generator confirmation, stable fragment preservation, and target API Reference IA approval.","Generated HTML API requires source/generator confirmation, stable fragment preservation, and target API Reference IA approval.",api-inventory|generated-html-api,not_started,not_started,,,,
html-docs/flexible-classroom/Android,,defer_generated_api_until_source_strategy_approved,blocked,high,no,"Generated HTML API requires source/generator confirmation, stable fragment preservation, and target API Reference IA approval.","Generated HTML API requires source/generator confirmation, stable fragment preservation, and target API Reference IA approval.",api-inventory|generated-html-api,not_started,not_started,,,,
html-docs/flexible-classroom/Electron,,defer_generated_api_asset_group,blocked,high,no,Generated API support assets should move only with approved generated-API migration lane.,Confirm generated API lane before copying support assets.,asset_group|count:4|sample:html-docs/flexible-classroom/Electron/assets/icons.png|html-docs/flexible-classroom/Electron/assets/icons@2x.png|html-docs/flexible-classroom/Electron/assets/widgets.png|html-docs/flexible-classroom/Electron/assets/widgets@2x.png,not_started,not_started,,,,
html-docs/flexible-classroom/Electron,,defer_generated_api_until_source_strategy_approved,blocked,high,no,"Generated HTML API requires source/generator confirmation, stable fragment preservation, and target API Reference IA approval.","Generated HTML API requires source/generator confirmation, stable fragment preservation, and target API Reference IA approval.",api-inventory|generated-html-api,not_started,not_started,,,,
html-docs/flexible-classroom/iOS,,defer_generated_api_until_source_strategy_approved,blocked,high,no,"Generated HTML API requires source/generator confirmation, stable fragment preservation, and target API Reference IA approval.","Generated HTML API requires source/generator confirmation, stable fragment preservation, and target API Reference IA approval.",api-inventory|generated-html-api,not_started,not_started,,,,
html-docs/flexible-classroom/Web,,defer_generated_api_asset_group,blocked,high,no,Generated API support assets should move only with approved generated-API migration lane.,Confirm generated API lane before copying support assets.,asset_group|count:4|sample:html-docs/flexible-classroom/Web/assets/icons.png|html-docs/flexible-classroom/Web/assets/icons@2x.png|html-docs/flexible-classroom/Web/assets/widgets.png|html-docs/flexible-classroom/Web/assets/widgets@2x.png,not_started,not_started,,,,
html-docs/flexible-classroom/Web,,defer_generated_api_until_source_strategy_approved,blocked,high,no,"Generated HTML API requires source/generator confirmation, stable fragment preservation, and target API Reference IA approval.","Generated HTML API requires source/generator confirmation, stable fragment preservation, and target API Reference IA approval.",api-inventory|generated-html-api,not_started,not_started,,,,
html-docs/fusion-cdn/streaming.yaml,content/openapi/fusion-cdn/,map_openapi_lane,needs_review,high,partial,,Confirm target API lane and ownership before migration.,api-inventory|openapi-source,not_started,not_started,,,,
html-docs/iot-apaas/android,content/docs/zh-CN/api-reference/iot/,defer_generated_api_asset_group,blocked,high,no,Generated API support assets should move only with approved generated-API migration lane.,Confirm generated API lane before copying support assets.,asset_group|count:23|sample:html-docs/iot-apaas/android/bc_s.png|html-docs/iot-apaas/android/bdwn.png|html-docs/iot-apaas/android/closed.png|html-docs/iot-apaas/android/doc.png|html-docs/iot-apaas/android/doxygen.svg,not_started,not_started,,,,
html-docs/iot-apaas/android,content/docs/zh-CN/api-reference/iot/,defer_generated_api_until_source_strategy_approved,blocked,high,no,"Generated HTML API requires source/generator confirmation, stable fragment preservation, and target API Reference IA approval.","Generated HTML API requires source/generator confirmation, stable fragment preservation, and target API Reference IA approval.",api-inventory|generated-html-api,not_started,not_started,,,,
html-docs/media-pull/restful/media-pull.yaml,content/openapi/media-pull/,map_openapi_lane,needs_review,high,partial,,Confirm target API lane and ownership before migration.,api-inventory|openapi-source,not_started,not_started,,,,
html-docs/media-push/restful/media-push.yaml,content/openapi/media-push/,map_openapi_lane,needs_review,high,partial,,Confirm target API lane and ownership before migration.,api-inventory|openapi-source,not_started,not_started,,,,
html-docs/recording/cpp,,defer_generated_api_asset_group,blocked,high,no,Generated API support assets should move only with approved generated-API migration lane.,Confirm generated API lane before copying support assets.,asset_group|count:23|sample:html-docs/recording/cpp/bc_s.png|html-docs/recording/cpp/bdwn.png|html-docs/recording/cpp/closed.png|html-docs/recording/cpp/doc.png|html-docs/recording/cpp/doxygen.svg,not_started,not_started,,,,
html-docs/recording/cpp,,defer_generated_api_until_source_strategy_approved,blocked,high,no,"Generated HTML API requires source/generator confirmation, stable fragment preservation, and target API Reference IA approval.","Generated HTML API requires source/generator confirmation, stable fragment preservation, and target API Reference IA approval.",api-inventory|generated-html-api,not_started,not_started,,,,
html-docs/recording/Java,,defer_generated_api_asset_group,blocked,high,no,Generated API support assets should move only with approved generated-API migration lane.,Confirm generated API lane before copying support assets.,asset_group|count:23|sample:html-docs/recording/Java/bc_s.png|html-docs/recording/Java/bdwn.png|html-docs/recording/Java/closed.png|html-docs/recording/Java/doc.png|html-docs/recording/Java/doxygen.svg,not_started,not_started,,,,
html-docs/recording/Java,,defer_generated_api_until_source_strategy_approved,blocked,high,no,"Generated HTML API requires source/generator confirmation, stable fragment preservation, and target API Reference IA approval.","Generated HTML API requires source/generator confirmation, stable fragment preservation, and target API Reference IA approval.",api-inventory|generated-html-api,not_started,not_started,,,,
html-docs/rtc-server-sdk/cpp,content/docs/zh-CN/api-reference/rtc-server-sdk/,defer_generated_api_asset_group,blocked,high,no,Generated API support assets should move only with approved generated-API migration lane.,Confirm generated API lane before copying support assets.,asset_group|count:51|sample:html-docs/rtc-server-sdk/cpp/bc_s.png|html-docs/rtc-server-sdk/cpp/bdwn.png|html-docs/rtc-server-sdk/cpp/class_i_audio_frame_observer.png|html-docs/rtc-server-sdk/cpp/class_i_audio_frame_observer_base.png|html-docs/rtc-server-sdk/cpp/classagora_1_1_ref_count_interface.png,not_started,not_started,,,,
html-docs/rtc-server-sdk/cpp,content/docs/zh-CN/api-reference/rtc-server-sdk/,defer_generated_api_until_source_strategy_approved,blocked,high,no,"Generated HTML API requires source/generator confirmation, stable fragment preservation, and target API Reference IA approval.","Generated HTML API requires source/generator confirmation, stable fragment preservation, and target API Reference IA approval.",api-inventory|generated-html-api,not_started,not_started,,,,
html-docs/rtc-server-sdk/java,content/docs/zh-CN/api-reference/rtc-server-sdk/,defer_generated_api_asset_group,blocked,high,no,Generated API support assets should move only with approved generated-API migration lane.,Confirm generated API lane before copying support assets.,asset_group|count:44|sample:html-docs/rtc-server-sdk/java/bc_s.png|html-docs/rtc-server-sdk/java/bc_sd.png|html-docs/rtc-server-sdk/java/bdwn.png|html-docs/rtc-server-sdk/java/closed.png|html-docs/rtc-server-sdk/java/doc.png,not_started,not_started,,,,
html-docs/rtc-server-sdk/java,content/docs/zh-CN/api-reference/rtc-server-sdk/,defer_generated_api_until_source_strategy_approved,blocked,high,no,"Generated HTML API requires source/generator confirmation, stable fragment preservation, and target API Reference IA approval.","Generated HTML API requires source/generator confirmation, stable fragment preservation, and target API Reference IA approval.",api-inventory|generated-html-api,not_started,not_started,,,,
html-docs/rtc/Android,content/docs/zh-CN/api-reference/rtc/,defer_generated_api_until_source_strategy_approved,blocked,high,no,"Generated HTML API requires source/generator confirmation, stable fragment preservation, and target API Reference IA approval.","Generated HTML API requires source/generator confirmation, stable fragment preservation, and target API Reference IA approval.",api-inventory|generated-html-api,not_started,not_started,,,,
html-docs/rtc/Cpp,content/docs/zh-CN/api-reference/rtc/,defer_generated_api_until_source_strategy_approved,blocked,high,no,"Generated HTML API requires source/generator confirmation, stable fragment preservation, and target API Reference IA approval.","Generated HTML API requires source/generator confirmation, stable fragment preservation, and target API Reference IA approval.",api-inventory|generated-html-api,not_started,not_started,,,,
html-docs/rtc/Csharp,content/docs/zh-CN/api-reference/rtc/,defer_generated_api_until_source_strategy_approved,blocked,high,no,"Generated HTML API requires source/generator confirmation, stable fragment preservation, and target API Reference IA approval.","Generated HTML API requires source/generator confirmation, stable fragment preservation, and target API Reference IA approval.",api-inventory|generated-html-api,not_started,not_started,,,,
html-docs/rtc/Electron,content/docs/zh-CN/api-reference/rtc/,defer_generated_api_until_source_strategy_approved,blocked,high,no,"Generated HTML API requires source/generator confirmation, stable fragment preservation, and target API Reference IA approval.","Generated HTML API requires source/generator confirmation, stable fragment preservation, and target API Reference IA approval.",api-inventory|generated-html-api,not_started,not_started,,,,
html-docs/rtc/Flutter,content/docs/zh-CN/api-reference/rtc/,defer_generated_api_until_source_strategy_approved,blocked,high,no,"Generated HTML API requires source/generator confirmation, stable fragment preservation, and target API Reference IA approval.","Generated HTML API requires source/generator confirmation, stable fragment preservation, and target API Reference IA approval.",api-inventory|generated-html-api,not_started,not_started,,,,
html-docs/rtc/HarmonyOS,content/docs/zh-CN/api-reference/rtc/,defer_generated_api_until_source_strategy_approved,blocked,high,no,"Generated HTML API requires source/generator confirmation, stable fragment preservation, and target API Reference IA approval.","Generated HTML API requires source/generator confirmation, stable fragment preservation, and target API Reference IA approval.",api-inventory|generated-html-api,not_started,not_started,,,,
html-docs/rtc/iOS,content/docs/zh-CN/api-reference/rtc/,defer_generated_api_until_source_strategy_approved,blocked,high,no,"Generated HTML API requires source/generator confirmation, stable fragment preservation, and target API Reference IA approval.","Generated HTML API requires source/generator confirmation, stable fragment preservation, and target API Reference IA approval.",api-inventory|generated-html-api,not_started,not_started,,,,
html-docs/rtc/macOS,content/docs/zh-CN/api-reference/rtc/,defer_generated_api_until_source_strategy_approved,blocked,high,no,"Generated HTML API requires source/generator confirmation, stable fragment preservation, and target API Reference IA approval.","Generated HTML API requires source/generator confirmation, stable fragment preservation, and target API Reference IA approval.",api-inventory|generated-html-api,not_started,not_started,,,,
html-docs/rtc/mini-program,content/docs/zh-CN/api-reference/rtc/,defer_generated_api_asset_group,blocked,high,no,Generated API support assets should move only with approved generated-API migration lane.,Confirm generated API lane before copying support assets.,asset_group|count:4|sample:html-docs/rtc/mini-program/assets/images/icons.png|html-docs/rtc/mini-program/assets/images/icons@2x.png|html-docs/rtc/mini-program/assets/images/widgets.png|html-docs/rtc/mini-program/assets/images/widgets@2x.png,not_started,not_started,,,,
html-docs/rtc/mini-program,content/docs/zh-CN/api-reference/rtc/,defer_generated_api_until_source_strategy_approved,blocked,high,no,"Generated HTML API requires source/generator confirmation, stable fragment preservation, and target API Reference IA approval.","Generated HTML API requires source/generator confirmation, stable fragment preservation, and target API Reference IA approval.",api-inventory|generated-html-api,not_started,not_started,,,,
html-docs/rtc/React,content/docs/zh-CN/api-reference/rtc/,defer_generated_api_asset_group,blocked,high,no,Generated API support assets should move only with approved generated-API migration lane.,Confirm generated API lane before copying support assets.,asset_group|count:5|sample:html-docs/rtc/React/assets/images/icons.png|html-docs/rtc/React/assets/images/icons@2x.png|html-docs/rtc/React/assets/images/logo.png|html-docs/rtc/React/assets/images/widgets.png|html-docs/rtc/React/assets/images/widgets@2x.png,not_started,not_started,,,,
html-docs/rtc/React,content/docs/zh-CN/api-reference/rtc/,defer_generated_api_until_source_strategy_approved,blocked,high,no,"Generated HTML API requires source/generator confirmation, stable fragment preservation, and target API Reference IA approval.","Generated HTML API requires source/generator confirmation, stable fragment preservation, and target API Reference IA approval.",api-inventory|generated-html-api,not_started,not_started,,,,
html-docs/rtc/restful/channel-management.yaml,content/openapi/rtc/channel-management.zh-CN.yaml,map_openapi_lane,needs_review,high,partial,,Confirm target API lane and ownership before migration.,api-inventory|openapi-source,not_started,not_started,,,,
html-docs/rtc/RN,content/docs/zh-CN/api-reference/rtc/,defer_generated_api_until_source_strategy_approved,blocked,high,no,"Generated HTML API requires source/generator confirmation, stable fragment preservation, and target API Reference IA approval.","Generated HTML API requires source/generator confirmation, stable fragment preservation, and target API Reference IA approval.",api-inventory|generated-html-api,not_started,not_started,,,,
html-docs/rtc/Unity,content/docs/zh-CN/api-reference/rtc/,defer_generated_api_until_source_strategy_approved,blocked,high,no,"Generated HTML API requires source/generator confirmation, stable fragment preservation, and target API Reference IA approval.","Generated HTML API requires source/generator confirmation, stable fragment preservation, and target API Reference IA approval.",api-inventory|generated-html-api,not_started,not_started,,,,
html-docs/rtc/Unreal-blueprint,content/docs/zh-CN/api-reference/rtc/,defer_generated_api_until_source_strategy_approved,blocked,high,no,"Generated HTML API requires source/generator confirmation, stable fragment preservation, and target API Reference IA approval.","Generated HTML API requires source/generator confirmation, stable fragment preservation, and target API Reference IA approval.",api-inventory|generated-html-api,not_started,not_started,,,,
html-docs/rtc/Unreal-cpp,content/docs/zh-CN/api-reference/rtc/,defer_generated_api_until_source_strategy_approved,blocked,high,no,"Generated HTML API requires source/generator confirmation, stable fragment preservation, and target API Reference IA approval.","Generated HTML API requires source/generator confirmation, stable fragment preservation, and target API Reference IA approval.",api-inventory|generated-html-api,not_started,not_started,,,,
html-docs/rtc/Web,content/docs/zh-CN/api-reference/rtc/,defer_generated_api_asset_group,blocked,high,no,Generated API support assets should move only with approved generated-API migration lane.,Confirm generated API lane before copying support assets.,asset_group|count:5|sample:html-docs/rtc/Web/assets/images/icons.png|html-docs/rtc/Web/assets/images/icons@2x.png|html-docs/rtc/Web/assets/images/logo.png|html-docs/rtc/Web/assets/images/widgets.png|html-docs/rtc/Web/assets/images/widgets@2x.png,not_started,not_started,,,,
html-docs/rtc/Web,content/docs/zh-CN/api-reference/rtc/,defer_generated_api_until_source_strategy_approved,blocked,high,no,"Generated HTML API requires source/generator confirmation, stable fragment preservation, and target API Reference IA approval.","Generated HTML API requires source/generator confirmation, stable fragment preservation, and target API Reference IA approval.",api-inventory|generated-html-api,not_started,not_started,,,,
html-docs/rtmp-gateway/restful/rtmp-gateway.yaml,content/openapi/rtmp-gateway/,map_openapi_lane,needs_review,high,partial,,Confirm target API lane and ownership before migration.,api-inventory|openapi-source,not_started,not_started,,,,
html-docs/rtsa/c,content/docs/zh-CN/api-reference/rtsa/,defer_generated_api_asset_group,blocked,high,no,Generated API support assets should move only with approved generated-API migration lane.,Confirm generated API lane before copying support assets.,asset_group|count:1|sample:html-docs/rtsa/c/doxygen.svg,not_started,not_started,,,,
html-docs/rtsa/c,content/docs/zh-CN/api-reference/rtsa/,defer_generated_api_until_source_strategy_approved,blocked,high,no,"Generated HTML API requires source/generator confirmation, stable fragment preservation, and target API Reference IA approval.","Generated HTML API requires source/generator confirmation, stable fragment preservation, and target API Reference IA approval.",api-inventory|generated-html-api,not_started,not_started,,,,
html-docs/rtsa/java,content/docs/zh-CN/api-reference/rtsa/,defer_generated_api_asset_group,blocked,high,no,Generated API support assets should move only with approved generated-API migration lane.,Confirm generated API lane before copying support assets.,asset_group|count:23|sample:html-docs/rtsa/java/bc_s.png|html-docs/rtsa/java/bdwn.png|html-docs/rtsa/java/closed.png|html-docs/rtsa/java/doc.png|html-docs/rtsa/java/doxygen.svg,not_started,not_started,,,,
html-docs/rtsa/java,content/docs/zh-CN/api-reference/rtsa/,defer_generated_api_until_source_strategy_approved,blocked,high,no,"Generated HTML API requires source/generator confirmation, stable fragment preservation, and target API Reference IA approval.","Generated HTML API requires source/generator confirmation, stable fragment preservation, and target API Reference IA approval.",api-inventory|generated-html-api,not_started,not_started,,,,
html-docs/speech-to-text/RESTful/v7.yaml,content/openapi/speech-to-text/v7.zh-CN.yaml,map_openapi_lane,needs_review,high,partial,,Confirm target API lane and ownership before migration.,api-inventory|openapi-source,not_started,not_started,,,,
html-docs/voip-callkit/call.yaml,,map_openapi_lane,blocked,high,partial,No safe target OpenAPI lane could be inferred from product path; choose target product/API Reference owner.,No safe target OpenAPI lane could be inferred from product path; choose target product/API Reference owner.,api-inventory|openapi-source,not_started,not_started,,,,
html-docs/whiteboard/Android,content/docs/zh-CN/api-reference/whiteboard/,defer_generated_api_asset_group,blocked,high,no,Generated API support assets should move only with approved generated-API migration lane.,Confirm generated API lane before copying support assets.,asset_group|count:71|sample:html-docs/whiteboard/Android/bc_s.png|html-docs/whiteboard/Android/bdwn.png|html-docs/whiteboard/Android/classcom_1_1herewhite_1_1sdk_1_1_abstract_common_callbacks.png|html-docs/whiteboard/Android/classcom_1_1herewhite_1_1sdk_1_1_abstract_player_event_listener.png|html-docs/whiteboard/Android/classcom_1_1herewhite_1_1sdk_1_1_abstract_room_callbacks.png,not_started,not_started,,,,
html-docs/whiteboard/Android,content/docs/zh-CN/api-reference/whiteboard/,defer_generated_api_until_source_strategy_approved,blocked,high,no,"Generated HTML API requires source/generator confirmation, stable fragment preservation, and target API Reference IA approval.","Generated HTML API requires source/generator confirmation, stable fragment preservation, and target API Reference IA approval.",api-inventory|generated-html-api,not_started,not_started,,,,
html-docs/whiteboard/iOS,content/docs/zh-CN/api-reference/whiteboard/,defer_generated_api_asset_group,blocked,high,no,Generated API support assets should move only with approved generated-API migration lane.,Confirm generated API lane before copying support assets.,asset_group|count:5|sample:html-docs/whiteboard/iOS/img/button_bar_background.png|html-docs/whiteboard/iOS/img/disclosure.png|html-docs/whiteboard/iOS/img/disclosure_open.png|html-docs/whiteboard/iOS/img/library_background.png|html-docs/whiteboard/iOS/img/title_background.png,not_started,not_started,,,,
html-docs/whiteboard/iOS,content/docs/zh-CN/api-reference/whiteboard/,defer_generated_api_until_source_strategy_approved,blocked,high,no,"Generated HTML API requires source/generator confirmation, stable fragment preservation, and target API Reference IA approval.","Generated HTML API requires source/generator confirmation, stable fragment preservation, and target API Reference IA approval.",api-inventory|generated-html-api,not_started,not_started,,,,
html-docs/whiteboard/RESTful/restful-wb.yaml,content/openapi/whiteboard/,map_openapi_lane,needs_review,high,partial,,Confirm target API lane and ownership before migration.,api-inventory|openapi-source,not_started,not_started,,,,
html-docs/whiteboard/Web,content/docs/zh-CN/api-reference/whiteboard/,defer_generated_api_asset_group,blocked,high,no,Generated API support assets should move only with approved generated-API migration lane.,Confirm generated API lane before copying support assets.,asset_group|count:4|sample:html-docs/whiteboard/Web/assets/images/icons.png|html-docs/whiteboard/Web/assets/images/icons@2x.png|html-docs/whiteboard/Web/assets/images/widgets.png|html-docs/whiteboard/Web/assets/images/widgets@2x.png,not_started,not_started,,,,
html-docs/whiteboard/Web,content/docs/zh-CN/api-reference/whiteboard/,defer_generated_api_until_source_strategy_approved,blocked,high,no,"Generated HTML API requires source/generator confirmation, stable fragment preservation, and target API Reference IA approval.","Generated HTML API requires source/generator confirmation, stable fragment preservation, and target API Reference IA approval.",api-inventory|generated-html-api,not_started,not_started,,,,
shared/cloud-recording/pcw.mdx,content/docs/zh-CN/_shared/cloud-recording/pcw.mdx,audit_shared_dependency_then_include_or_inline,needs_review,high,no,,Decide include location and whether to inline or keep reusable shared file.,shared-inventory|depth:1,not_started,not_started,,,,
shared/cloud-recording/qps.mdx,content/docs/zh-CN/_shared/cloud-recording/qps.mdx,audit_shared_dependency_then_include_or_inline,needs_review,medium,partial,,Decide include location and whether to inline or keep reusable shared file.,shared-inventory|depth:0,not_started,not_started,,,,
shared/cloud-recording/quota-information.mdx,content/docs/zh-CN/_shared/cloud-recording/quota-information.mdx,audit_shared_dependency_then_include_or_inline,needs_review,high,no,,Decide include location and whether to inline or keep reusable shared file.,shared-inventory|depth:2,not_started,not_started,,,,
shared/cloud-recording/stream-number-limit.mdx,content/docs/zh-CN/_shared/cloud-recording/stream-number-limit.mdx,audit_shared_dependency_then_include_or_inline,needs_review,medium,partial,,Decide include location and whether to inline or keep reusable shared file.,shared-inventory|depth:0,not_started,not_started,,,,
shared/common/increase-quota-limit.mdx,content/docs/zh-CN/_shared/common/increase-quota-limit.mdx,audit_shared_dependency_then_include_or_inline,needs_review,medium,partial,,Decide include location and whether to inline or keep reusable shared file.,shared-inventory|depth:0,not_started,not_started,,,,
shared/common/resolution.mdx,content/docs/zh-CN/_shared/common/resolution.mdx,audit_shared_dependency_then_include_or_inline,needs_review,medium,partial,,Decide include location and whether to inline or keep reusable shared file.,shared-inventory|depth:0,not_started,not_started,,,,
shared/product-name/var.mdx,content/docs/zh-CN/_shared/product-name/var.mdx,audit_shared_dependency_then_include_or_inline,needs_review,medium,partial,,Decide include location and whether to inline or keep reusable shared file.,shared-inventory|depth:0,not_started,not_started,,,,
shared/rtm2/_channel.mdx,content/docs/zh-CN/_shared/rtm2/_channel.mdx,audit_shared_dependency_then_include_or_inline,needs_review,medium,partial,,Decide include location and whether to inline or keep reusable shared file.,shared-inventory|depth:0,not_started,not_started,,,,
shared/rtm2/_configuration.mdx,content/docs/zh-CN/_shared/rtm2/_configuration.mdx,audit_shared_dependency_then_include_or_inline,needs_review,medium,partial,,Decide include location and whether to inline or keep reusable shared file.,shared-inventory|depth:0,not_started,not_started,,,,
shared/rtm2/_enumv.mdx,content/docs/zh-CN/_shared/rtm2/_enumv.mdx,audit_shared_dependency_then_include_or_inline,needs_review,medium,partial,,Decide include location and whether to inline or keep reusable shared file.,shared-inventory|depth:0,not_started,not_started,,,,
shared/rtm2/_error-codes.mdx,content/docs/zh-CN/_shared/rtm2/_error-codes.mdx,audit_shared_dependency_then_include_or_inline,needs_review,medium,partial,,Decide include location and whether to inline or keep reusable shared file.,shared-inventory|depth:0,not_started,not_started,,,,
shared/rtm2/_linkstateevent-en.mdx,content/docs/zh-CN/_shared/rtm2/_linkstateevent-en.mdx,audit_shared_dependency_then_include_or_inline,needs_review,medium,partial,,Decide include location and whether to inline or keep reusable shared file.,shared-inventory|depth:1,not_started,not_started,,,,
shared/rtm2/_linkstateevent.mdx,content/docs/zh-CN/_shared/rtm2/_linkstateevent.mdx,audit_shared_dependency_then_include_or_inline,needs_review,high,no,,Decide include location and whether to inline or keep reusable shared file.,shared-inventory|depth:1,not_started,not_started,,,,
shared/rtm2/_lock.mdx,content/docs/zh-CN/_shared/rtm2/_lock.mdx,audit_shared_dependency_then_include_or_inline,needs_review,medium,partial,,Decide include location and whether to inline or keep reusable shared file.,shared-inventory|depth:0,not_started,not_started,,,,
shared/rtm2/_message.mdx,content/docs/zh-CN/_shared/rtm2/_message.mdx,audit_shared_dependency_then_include_or_inline,needs_review,medium,partial,,Decide include location and whether to inline or keep reusable shared file.,shared-inventory|depth:0,not_started,not_started,,,,
shared/rtm2/_prerequisites.mdx,content/docs/zh-CN/_shared/rtm2/_prerequisites.mdx,audit_shared_dependency_then_include_or_inline,needs_review,medium,partial,,Decide include location and whether to inline or keep reusable shared file.,shared-inventory|depth:0,not_started,not_started,,,,
shared/rtm2/_presence.mdx,content/docs/zh-CN/_shared/rtm2/_presence.mdx,audit_shared_dependency_then_include_or_inline,needs_review,medium,partial,,Decide include location and whether to inline or keep reusable shared file.,shared-inventory|depth:0,not_started,not_started,,,,
shared/rtm2/_presenceevent.mdx,content/docs/zh-CN/_shared/rtm2/_presenceevent.mdx,audit_shared_dependency_then_include_or_inline,needs_review,medium,partial,,Decide include location and whether to inline or keep reusable shared file.,shared-inventory|depth:0,not_started,not_started,,,,
shared/rtm2/_rtmstatus-en.mdx,content/docs/zh-CN/_shared/rtm2/_rtmstatus-en.mdx,audit_shared_dependency_then_include_or_inline,needs_review,medium,partial,,Decide include location and whether to inline or keep reusable shared file.,shared-inventory|depth:0,not_started,not_started,,,,
shared/rtm2/_rtmstatus.mdx,content/docs/zh-CN/_shared/rtm2/_rtmstatus.mdx,audit_shared_dependency_then_include_or_inline,needs_review,medium,partial,,Decide include location and whether to inline or keep reusable shared file.,shared-inventory|depth:0,not_started,not_started,,,,
shared/rtm2/_sdkdownload.mdx,content/docs/zh-CN/_shared/rtm2/_sdkdownload.mdx,audit_shared_dependency_then_include_or_inline,needs_review,medium,partial,,Decide include location and whether to inline or keep reusable shared file.,shared-inventory|depth:0,not_started,not_started,,,,
shared/rtm2/_stateitem-en.mdx,content/docs/zh-CN/_shared/rtm2/_stateitem-en.mdx,audit_shared_dependency_then_include_or_inline,needs_review,medium,partial,,Decide include location and whether to inline or keep reusable shared file.,shared-inventory|depth:0,not_started,not_started,,,,
shared/rtm2/_stateitem.mdx,content/docs/zh-CN/_shared/rtm2/_stateitem.mdx,audit_shared_dependency_then_include_or_inline,needs_review,medium,partial,,Decide include location and whether to inline or keep reusable shared file.,shared-inventory|depth:0,not_started,not_started,,,,
shared/rtm2/_storage.mdx,content/docs/zh-CN/_shared/rtm2/_storage.mdx,audit_shared_dependency_then_include_or_inline,needs_review,medium,partial,,Decide include location and whether to inline or keep reusable shared file.,shared-inventory|depth:0,not_started,not_started,,,,
shared/rtm2/_storageevent.mdx,content/docs/zh-CN/_shared/rtm2/_storageevent.mdx,audit_shared_dependency_then_include_or_inline,needs_review,medium,partial,,Decide include location and whether to inline or keep reusable shared file.,shared-inventory|depth:0,not_started,not_started,,,,
shared/rtm2/_token.mdx,content/docs/zh-CN/_shared/rtm2/_token.mdx,audit_shared_dependency_then_include_or_inline,needs_review,medium,partial,,Decide include location and whether to inline or keep reusable shared file.,shared-inventory|depth:0,not_started,not_started,,,,
shared/rtm2/_topic.mdx,content/docs/zh-CN/_shared/rtm2/_topic.mdx,audit_shared_dependency_then_include_or_inline,needs_review,medium,partial,,Decide include location and whether to inline or keep reusable shared file.,shared-inventory|depth:0,not_started,not_started,,,,
shared/rtm2/_topicevent.mdx,content/docs/zh-CN/_shared/rtm2/_topicevent.mdx,audit_shared_dependency_then_include_or_inline,needs_review,high,no,,Decide include location and whether to inline or keep reusable shared file.,shared-inventory|depth:1,not_started,not_started,,,,
shared/rtsa/license.mdx,content/docs/zh-CN/_shared/rtsa/license.mdx,audit_shared_dependency_then_include_or_inline,needs_review,high,no,,Decide include location and whether to inline or keep reusable shared file.,shared-inventory|depth:1,not_started,not_started,,,,
shared/rtsa/var.mdx,content/docs/zh-CN/_shared/rtsa/var.mdx,audit_shared_dependency_then_include_or_inline,needs_review,medium,partial,,Decide include location and whether to inline or keep reusable shared file.,shared-inventory|depth:0,not_started,not_started,,,,
shared/security/apply-regulation-1.mdx,content/docs/zh-CN/_shared/security/apply-regulation-1.mdx,audit_shared_dependency_then_include_or_inline,needs_review,medium,partial,,Decide include location and whether to inline or keep reusable shared file.,shared-inventory|depth:0,not_started,not_started,,,,
shared/security/apply-regulation-2.mdx,content/docs/zh-CN/_shared/security/apply-regulation-2.mdx,audit_shared_dependency_then_include_or_inline,needs_review,medium,partial,,Decide include location and whether to inline or keep reusable shared file.,shared-inventory|depth:0,not_started,not_started,,,,
shared/smart-camera/advanced-feature.mdx,content/docs/zh-CN/_shared/smart-camera/advanced-feature.mdx,audit_shared_dependency_then_include_or_inline,needs_review,medium,partial,,Decide include location and whether to inline or keep reusable shared file.,shared-inventory|depth:0,not_started,not_started,,,,
shared/smart-camera/amazon-alexa.mdx,content/docs/zh-CN/_shared/smart-camera/amazon-alexa.mdx,audit_shared_dependency_then_include_or_inline,needs_review,medium,partial,,Decide include location and whether to inline or keep reusable shared file.,shared-inventory|depth:0,not_started,not_started,,,,
shared/smart-camera/google-assistant.mdx,content/docs/zh-CN/_shared/smart-camera/google-assistant.mdx,audit_shared_dependency_then_include_or_inline,needs_review,medium,partial,,Decide include location and whether to inline or keep reusable shared file.,shared-inventory|depth:0,not_started,not_started,,,,
shared/smart-camera/quick-start.mdx,content/docs/zh-CN/_shared/smart-camera/quick-start.mdx,audit_shared_dependency_then_include_or_inline,needs_review,medium,partial,,Decide include location and whether to inline or keep reusable shared file.,shared-inventory|depth:0,not_started,not_started,,,,
shared/test.mdx,content/docs/zh-CN/_shared/test.mdx,audit_shared_dependency_then_include_or_inline,needs_review,medium,partial,,Decide include location and whether to inline or keep reusable shared file.,shared-inventory|depth:0,not_started,not_started,,,,
static/img/agora-product,public/images/agora-product/,copy_asset_group_if_referenced_by_migrated_pages,needs_review,medium,partial,,Cross-check image references from migrated pages; copy only referenced assets to approved public/images path.,asset_group|count:6|sample:static/img/agora-product/applies-only.png|static/img/agora-product/cli-comment.png|static/img/agora-product/integrate-methods.png|static/img/agora-product/optional-step.png|static/img/agora-product/postman.png,not_started,not_started,,,,
static/img/aigc,public/images/ai/,copy_asset_group_if_referenced_by_migrated_pages,needs_review,medium,partial,,Cross-check image references from migrated pages; copy only referenced assets to approved public/images path.,asset_group|count:5|sample:static/img/aigc/api-call.android.svg|static/img/aigc/api-call.ios.svg|static/img/aigc/architecture.png|static/img/aigc/diagram.svg|static/img/aigc/landing-page.png,not_started,not_started,,,,
static/img/analytics,public/images/analytics/,copy_asset_group_if_referenced_by_migrated_pages,needs_review,medium,partial,,Cross-check image references from migrated pages; copy only referenced assets to approved public/images path.,asset_group|count:2|sample:static/img/analytics/call-search.png|static/img/analytics/embeded-step1.png,not_started,not_started,,,,
static/img/api-center,public/images/api-center/,copy_asset_group_if_referenced_by_migrated_pages,needs_review,medium,partial,,Cross-check image references from migrated pages; copy only referenced assets to approved public/images path.,asset_group|count:1|sample:static/img/api-center/banner-bg.png,not_started,not_started,,,,
static/img/chatroom,public/images/im/,copy_asset_group_if_referenced_by_migrated_pages,needs_review,medium,partial,,Cross-check image references from migrated pages; copy only referenced assets to approved public/images path.,asset_group|count:23|sample:static/img/chatroom/adv-audience-request.svg|static/img/chatroom/adv-host-invite.svg|static/img/chatroom/ascenskit.png|static/img/chatroom/chatroom-uikit-and.png|static/img/chatroom/chatroom-uikit-ios.png,not_started,not_started,,,,
static/img/cloud-recording,public/images/cloud-recording/,copy_asset_group_if_referenced_by_migrated_pages,needs_review,medium,partial,,Cross-check image references from migrated pages; copy only referenced assets to approved public/images path.,asset_group|count:16|sample:static/img/cloud-recording/billing-sequence.png|static/img/cloud-recording/enable-1.png|static/img/cloud-recording/enable-2.png|static/img/cloud-recording/enable-3.png|static/img/cloud-recording/landing-page.png,not_started,not_started,,,,
static/img/cloud-transcoder,public/images/cloud-transcoding/,copy_asset_group_if_referenced_by_migrated_pages,needs_review,medium,partial,,Cross-check image references from migrated pages; copy only referenced assets to approved public/images path.,asset_group|count:2|sample:static/img/cloud-transcoder/billing.png|static/img/cloud-transcoder/multiple-bitrate.png,not_started,not_started,,,,
static/img/codestore,public/images/codestore/,copy_asset_group_if_referenced_by_migrated_pages,needs_review,medium,partial,,Cross-check image references from migrated pages; copy only referenced assets to approved public/images path.,asset_group|count:1|sample:static/img/codestore/banner-bg.png,not_started,not_started,,,,
static/img/console,public/images/console/,copy_asset_group_if_referenced_by_migrated_pages,needs_review,medium,partial,,Cross-check image references from migrated pages; copy only referenced assets to approved public/images path.,asset_group|count:6|sample:static/img/console/accept-invitation.png|static/img/console/add-member.png|static/img/console/billing-management.png|static/img/console/create-workspace.png|static/img/console/manage-member.png,not_started,not_started,,,,
static/img/conversion-ppt,public/images/ppt-conversion-service/,copy_asset_group_if_referenced_by_migrated_pages,needs_review,medium,partial,,Cross-check image references from migrated pages; copy only referenced assets to approved public/images path.,asset_group|count:2|sample:static/img/conversion-ppt/landing-page.png|static/img/conversion-ppt/quick-start.svg,not_started,not_started,,,,
static/img/convoai,public/images/conversational-ai/,copy_asset_group_if_referenced_by_migrated_pages,needs_review,medium,partial,,Cross-check image references from migrated pages; copy only referenced assets to approved public/images path.,asset_group|count:9|sample:static/img/convoai/courgette.log|static/img/convoai/custom-llm-metadata-flow.svg|static/img/convoai/enable-1.png|static/img/convoai/enable-2.png|static/img/convoai/quick-start.svg,not_started,not_started,,,,
static/img/danmaku,public/images/micro-calling/,copy_asset_group_if_referenced_by_migrated_pages,needs_review,medium,partial,,Cross-check image references from migrated pages; copy only referenced assets to approved public/images path.,asset_group|count:8|sample:static/img/danmaku/android-demo.png|static/img/danmaku/android-qrcode.png|static/img/danmaku/cloud-qiuckstart.svg|static/img/danmaku/demo.png|static/img/danmaku/ios-demo.png,not_started,not_started,,,,
static/img/dummy-product,public/images/dummy-product/,copy_asset_group_if_referenced_by_migrated_pages,needs_review,medium,partial,,Cross-check image references from migrated pages; copy only referenced assets to approved public/images path.,asset_group|count:4|sample:static/img/dummy-product/banner-bg.png|static/img/dummy-product/banner-img.png|static/img/dummy-product/qr-code.png|static/img/dummy-product/rtm.png,not_started,not_started,,,,
static/img/edu-paas,public/images/edu-paas/,copy_asset_group_if_referenced_by_migrated_pages,needs_review,medium,partial,,Cross-check image references from migrated pages; copy only referenced assets to approved public/images path.,asset_group|count:11|sample:static/img/edu-paas/art-class-paas.png|static/img/edu-paas/art-landing-page.png|static/img/edu-paas/breakout-classroom-arch.png|static/img/edu-paas/breakout-classroom.png|static/img/edu-paas/music-class-paas.png,not_started,not_started,,,,
static/img/flexible-classroom,public/images/flexible-classroom/,copy_asset_group_if_referenced_by_migrated_pages,needs_review,medium,partial,,Cross-check image references from migrated pages; copy only referenced assets to approved public/images path.,asset_group|count:32|sample:static/img/flexible-classroom/agora-demo.png|static/img/flexible-classroom/aliyun-config.png|static/img/flexible-classroom/android-demo.png|static/img/flexible-classroom/audio-video-disable-1.png|static/img/flexible-classroom/audio-video-disable-2.png,not_started,not_started,,,,
static/img/frontend,public/images/frontend/,copy_asset_group_if_referenced_by_migrated_pages,needs_review,medium,partial,,Cross-check image references from migrated pages; copy only referenced assets to approved public/images path.,asset_group|count:28|sample:static/img/frontend/404.png|static/img/frontend/ai-logo.png|static/img/frontend/faq-banner-bg.jpg|static/img/frontend/homepage/card-api.png|static/img/frontend/icons/icon-ai-logo.svg,not_started,not_started,,,,
static/img/fusion-cdn,public/images/fusion-cdn/,copy_asset_group_if_referenced_by_migrated_pages,needs_review,medium,partial,,Cross-check image references from migrated pages; copy only referenced assets to approved public/images path.,asset_group|count:3|sample:static/img/fusion-cdn/product-overview.png|static/img/fusion-cdn/stream-recording.png|static/img/fusion-cdn/streaming-url.png,not_started,not_started,,,,
static/img/game-voice,public/images/game-voice/,copy_asset_group_if_referenced_by_migrated_pages,needs_review,medium,partial,,Cross-check image references from migrated pages; copy only referenced assets to approved public/images path.,asset_group|count:35|sample:static/img/game-voice/add-audio-input-1.png|static/img/game-voice/add-audio-receive-1.png|static/img/game-voice/add-play-event-to-input-source.png|static/img/game-voice/add-send-effect-1.png|static/img/game-voice/add-session-effect-1.png,not_started,not_started,,,,
static/img/homepage,public/images/homepage/,copy_asset_group_if_referenced_by_migrated_pages,needs_review,medium,partial,,Cross-check image references from migrated pages; copy only referenced assets to approved public/images path.,asset_group|count:28|sample:static/img/homepage/homepage-api.png|static/img/homepage/homepage-codestore.png|static/img/homepage/homepage-faq.png|static/img/homepage/icon-flexible-classroom.png|static/img/homepage/icon-meeting.png,not_started,not_started,,,,
static/img/icons,public/images/icons/,copy_asset_group_if_referenced_by_migrated_pages,needs_review,medium,partial,,Cross-check image references from migrated pages; copy only referenced assets to approved public/images path.,asset_group|count:21|sample:static/img/icons/api.svg|static/img/icons/billing.svg|static/img/icons/building-block.png|static/img/icons/document.svg|static/img/icons/gitee.svg,not_started,not_started,,,,
static/img/iot-apaas,public/images/iot/,copy_asset_group_if_referenced_by_migrated_pages,needs_review,medium,partial,,Cross-check image references from migrated pages; copy only referenced assets to approved public/images path.,asset_group|count:2|sample:static/img/iot-apaas/banner-img.png|static/img/iot-apaas/cloud-storage.png,not_started,not_started,,,,
static/img/landing-page,public/images/landing-page/,copy_asset_group_if_referenced_by_migrated_pages,needs_review,medium,partial,,Cross-check image references from migrated pages; copy only referenced assets to approved public/images path.,asset_group|count:102|sample:static/img/landing-page/banner/1v1-custom-signaling.png|static/img/landing-page/banner/1v1-rtm.png|static/img/landing-page/banner/aigc.png|static/img/landing-page/banner/analytics.png|static/img/landing-page/banner/chatroom-sdk.png,not_started,not_started,,,,
static/img/live-streaming-permium-4.x,public/images/live-streaming-permium-4.x/,copy_asset_group_if_referenced_by_migrated_pages,needs_review,medium,partial,,Cross-check image references from migrated pages; copy only referenced assets to approved public/images path.,asset_group|count:3|sample:static/img/live-streaming-permium-4.x/RTCbanner.png|static/img/live-streaming-permium-4.x/banner-bg.jpg|static/img/live-streaming-permium-4.x/banner-img.png,not_started,not_started,,,,
static/img/marketplace,public/images/marketplace/,copy_asset_group_if_referenced_by_migrated_pages,needs_review,medium,partial,,Cross-check image references from migrated pages; copy only referenced assets to approved public/images path.,asset_group|count:9|sample:static/img/marketplace/activate.png|static/img/marketplace/audio-filter.png|static/img/marketplace/banner.png|static/img/marketplace/enter-console.png|static/img/marketplace/landing-page.png,not_started,not_started,,,,
static/img/media-pull,public/images/media-pull/,copy_asset_group_if_referenced_by_migrated_pages,needs_review,medium,partial,,Cross-check image references from migrated pages; copy only referenced assets to approved public/images path.,asset_group|count:5|sample:static/img/media-pull/enable-1.png|static/img/media-pull/enable-2.png|static/img/media-pull/enable-3.png|static/img/media-pull/media-pull-arch.png|static/img/media-pull/media-pull-arch.svg,not_started,not_started,,,,
static/img/media-push,public/images/media-push/,copy_asset_group_if_referenced_by_migrated_pages,needs_review,medium,partial,,Cross-check image references from migrated pages; copy only referenced assets to approved public/images path.,asset_group|count:5|sample:static/img/media-push/billing.png|static/img/media-push/enable-1.png|static/img/media-push/enable-2.png|static/img/media-push/enable-3.png|static/img/media-push/media-push-arch.svg,not_started,not_started,,,,
static/img/meeting,public/images/meeting/,copy_asset_group_if_referenced_by_migrated_pages,needs_review,medium,partial,,Cross-check image references from migrated pages; copy only referenced assets to approved public/images path.,asset_group|count:6|sample:static/img/meeting/console-enable.png|static/img/meeting/console-im-1.png|static/img/meeting/console-im-2.png|static/img/meeting/console-im-list.png|static/img/meeting/console-recording.png,not_started,not_started,,,,
static/img/meta-world,public/images/meta-world/,copy_asset_group_if_referenced_by_migrated_pages,needs_review,medium,partial,,Cross-check image references from migrated pages; copy only referenced assets to approved public/images path.,asset_group|count:12|sample:static/img/meta-world/dress-face.svg|static/img/meta-world/landing-page.png|static/img/meta-world/meta-chat.svg|static/img/meta-world/meta-live.svg|static/img/meta-world/meta-mixed.svg,not_started,not_started,,,,
static/img/one-to-one-live,public/images/interactive-live-streaming/,copy_asset_group_if_referenced_by_migrated_pages,needs_review,medium,partial,,Cross-check image references from migrated pages; copy only referenced assets to approved public/images path.,asset_group|count:17|sample:static/img/one-to-one-live/1v1-scene-custom.svg|static/img/one-to-one-live/1v1-scene.svg|static/img/one-to-one-live/android-download.png|static/img/one-to-one-live/architecture.png|static/img/one-to-one-live/architecture2.png,not_started,not_started,,,,
static/img/online-ktv,public/images/online-ktv/,copy_asset_group_if_referenced_by_migrated_pages,needs_review,medium,partial,,Cross-check image references from migrated pages; copy only referenced assets to approved public/images path.,asset_group|count:32|sample:static/img/online-ktv/add-kit-ios.png|static/img/online-ktv/add-kit1-ios.png|static/img/online-ktv/auikaraoke-intro-android.png|static/img/online-ktv/auikaraoke-intro-ios.png|static/img/online-ktv/auikaraoke-rtm.png,not_started,not_started,,,,
static/img/online-music,public/images/online-music/,copy_asset_group_if_referenced_by_migrated_pages,needs_review,medium,partial,,Cross-check image references from migrated pages; copy only referenced assets to approved public/images path.,asset_group|count:1|sample:static/img/online-music/music-landing-page.png,not_started,not_started,,,,
static/img/platforms,public/images/platforms/,copy_asset_group_if_referenced_by_migrated_pages,needs_review,medium,partial,,Cross-check image references from migrated pages; copy only referenced assets to approved public/images path.,asset_group|count:31|sample:static/img/platforms/all-platforms.svg|static/img/platforms/all.svg|static/img/platforms/android.jpg|static/img/platforms/android.svg|static/img/platforms/c.svg,not_started,not_started,,,,
static/img/products,public/images/products/,copy_asset_group_if_referenced_by_migrated_pages,needs_review,medium,partial,,Cross-check image references from migrated pages; copy only referenced assets to approved public/images path.,asset_group|count:55|sample:static/img/products/agora-analytics.svg|static/img/products/ai-voice-assistant.svg|static/img/products/breakout-classroom.svg|static/img/products/chatroom.svg|static/img/products/cloud-recording.svg,not_started,not_started,,,,
static/img/recording,public/images/recording/,copy_asset_group_if_referenced_by_migrated_pages,needs_review,medium,partial,,Cross-check image references from migrated pages; copy only referenced assets to approved public/images path.,asset_group|count:11|sample:static/img/recording/canvas-view.png|static/img/recording/composite-recording-java.svg|static/img/recording/composite-recording.svg|static/img/recording/individual-recording-java.svg|static/img/recording/individual-recording.svg,not_started,not_started,,,,
static/img/rtc,public/images/rtc/,copy_asset_group_if_referenced_by_migrated_pages,needs_review,medium,partial,,Cross-check image references from migrated pages; copy only referenced assets to approved public/images path.,asset_group|count:227|sample:static/img/rtc/abr.png|static/img/rtc/addprivacylist.png|static/img/rtc/agora-lab.png|static/img/rtc/agoralab-android-qrcode.png|static/img/rtc/agoralab-ios-qrcode.png,not_started,not_started,,,,
static/img/rtc-server-sdk,public/images/rtc-server-sdk/,copy_asset_group_if_referenced_by_migrated_pages,needs_review,medium,partial,,Cross-check image references from migrated pages; copy only referenced assets to approved public/images path.,asset_group|count:2|sample:static/img/rtc-server-sdk/quick-start-sequence.svg|static/img/rtc-server-sdk/workflow.png,not_started,not_started,,,,
static/img/rtm2,public/images/rtm/,copy_asset_group_if_referenced_by_migrated_pages,needs_review,medium,partial,,Cross-check image references from migrated pages; copy only referenced assets to approved public/images path.,asset_group|count:39|sample:static/img/rtm2/create-project.png|static/img/rtm2/enable-service.png|static/img/rtm2/get-appid.png|static/img/rtm2/get-temp-token.png|static/img/rtm2/history-message.png,not_started,not_started,,,,
static/img/rtmp-gateway,public/images/rtmp-gateway/,copy_asset_group_if_referenced_by_migrated_pages,needs_review,medium,partial,,Cross-check image references from migrated pages; copy only referenced assets to approved public/images path.,asset_group|count:7|sample:static/img/rtmp-gateway/architecture.png|static/img/rtmp-gateway/enable-1.png|static/img/rtmp-gateway/enable-2.png|static/img/rtmp-gateway/enable-3.png|static/img/rtmp-gateway/obs-1.png,not_started,not_started,,,,
static/img/rtsa,public/images/rtsa/,copy_asset_group_if_referenced_by_migrated_pages,needs_review,medium,partial,,Cross-check image references from migrated pages; copy only referenced assets to approved public/images path.,asset_group|count:9|sample:static/img/rtsa/encryption.png|static/img/rtsa/landing-page.png|static/img/rtsa/license-value.png|static/img/rtsa/license.svg|static/img/rtsa/quickstart-c-rtc.svg,not_started,not_started,,,,
static/img/sdk-extension,public/images/sdk-extensions/,copy_asset_group_if_referenced_by_migrated_pages,needs_review,medium,partial,,Cross-check image references from migrated pages; copy only referenced assets to approved public/images path.,asset_group|count:4|sample:static/img/sdk-extension/assets.png|static/img/sdk-extension/ios-quick-start01.png|static/img/sdk-extension/mouse-updown.png|static/img/sdk-extension/pr-ios-link-extension.png,not_started,not_started,,,,
static/img/security,public/images/security/,copy_asset_group_if_referenced_by_migrated_pages,needs_review,medium,partial,,Cross-check image references from migrated pages; copy only referenced assets to approved public/images path.,asset_group|count:8|sample:static/img/security/app-alert.png|static/img/security/encryption-native.png|static/img/security/encryption-web.png|static/img/security/encryption.png|static/img/security/encryption.svg,not_started,not_started,,,,
static/img/showroom,public/images/showroom/,copy_asset_group_if_referenced_by_migrated_pages,needs_review,medium,partial,,Cross-check image references from migrated pages; copy only referenced assets to approved public/images path.,asset_group|count:38|sample:static/img/showroom/bd-and.svg|static/img/showroom/bd-ios.svg|static/img/showroom/beauty.png|static/img/showroom/co-host.png|static/img/showroom/create-room.png,not_started,not_started,,,,
static/img/smart-camera,public/images/iot/,copy_asset_group_if_referenced_by_migrated_pages,needs_review,medium,partial,,Cross-check image references from migrated pages; copy only referenced assets to approved public/images path.,asset_group|count:3|sample:static/img/smart-camera/data-transmission-flow.png|static/img/smart-camera/landing-page.png|static/img/smart-camera/tech.png,not_started,not_started,,,,
static/img/smart-doorbell,public/images/iot/,copy_asset_group_if_referenced_by_migrated_pages,needs_review,medium,partial,,Cross-check image references from migrated pages; copy only referenced assets to approved public/images path.,asset_group|count:7|sample:static/img/smart-doorbell/aws-find-device.png|static/img/smart-doorbell/aws-show-device.png|static/img/smart-doorbell/cooperate-with-aws.png|static/img/smart-doorbell/cooperate-with-ga.png|static/img/smart-doorbell/create-call.png,not_started,not_started,,,,
static/img/smart-watch,public/images/iot/,copy_asset_group_if_referenced_by_migrated_pages,needs_review,medium,partial,,Cross-check image references from migrated pages; copy only referenced assets to approved public/images path.,asset_group|count:3|sample:static/img/smart-watch/android-tech.png|static/img/smart-watch/landing-page.png|static/img/smart-watch/rtos-tech.png,not_started,not_started,,,,
static/img/speech-to-text,public/images/speech-to-text/,copy_asset_group_if_referenced_by_migrated_pages,needs_review,medium,partial,,Cross-check image references from migrated pages; copy only referenced assets to approved public/images path.,asset_group|count:6|sample:static/img/speech-to-text/banner.png|static/img/speech-to-text/enable-1.png|static/img/speech-to-text/enable-2.png|static/img/speech-to-text/homepage.svg|static/img/speech-to-text/real-time-stt-arch.png,not_started,not_started,,,,
static/img/status-page,public/images/status-page/,copy_asset_group_if_referenced_by_migrated_pages,needs_review,medium,partial,,Cross-check image references from migrated pages; copy only referenced assets to approved public/images path.,asset_group|count:9|sample:static/img/status-page/event-details.png|static/img/status-page/event-history.png|static/img/status-page/exclamation.svg|static/img/status-page/global.png|static/img/status-page/hover-bar.png,not_started,not_started,,,,
static/img/teleoperation,public/images/teleoperation/,copy_asset_group_if_referenced_by_migrated_pages,needs_review,medium,partial,,Cross-check image references from migrated pages; copy only referenced assets to approved public/images path.,asset_group|count:2|sample:static/img/teleoperation/architecture.png|static/img/teleoperation/homepage.png,not_started,not_started,,,,
static/img/toybox,public/images/toybox/,copy_asset_group_if_referenced_by_migrated_pages,needs_review,medium,partial,,Cross-check image references from migrated pages; copy only referenced assets to approved public/images path.,asset_group|count:5|sample:static/img/toybox/r1-kit-hardware.png|static/img/toybox/r1-kit-software.png|static/img/toybox/r1-sample-arch.png|static/img/toybox/run-app.png|static/img/toybox/toybox-arch.png,not_started,not_started,,,,
static/img/video-call,public/images/video-call/,copy_asset_group_if_referenced_by_migrated_pages,needs_review,medium,partial,,Cross-check image references from migrated pages; copy only referenced assets to approved public/images path.,asset_group|count:2|sample:static/img/video-call/react/quickstart-in-call.png|static/img/video-call/react/quickstart-join.png,not_started,not_started,,,,
static/img/voip-callkit,public/images/voip-callkit/,copy_asset_group_if_referenced_by_migrated_pages,needs_review,medium,partial,,Cross-check image references from migrated pages; copy only referenced assets to approved public/images path.,asset_group|count:10|sample:static/img/voip-callkit/authorize.png|static/img/voip-callkit/device-call-miniapp.svg|static/img/voip-callkit/enable-voip.png|static/img/voip-callkit/license-process.svg|static/img/voip-callkit/license-validate.svg,not_started,not_started,,,,
static/img/whiteboard,public/images/whiteboard/,copy_asset_group_if_referenced_by_migrated_pages,needs_review,medium,partial,,Cross-check image references from migrated pages; copy only referenced assets to approved public/images path.,asset_group|count:22|sample:static/img/whiteboard/banner-bg.png|static/img/whiteboard/banner.png|static/img/whiteboard/concepts.png|static/img/whiteboard/enable-1.png|static/img/whiteboard/enable-2.png,not_started,not_started,,,,
