shared_path,referenced_by,nested_dependencies,depth,product_scope,platform_scope,target_strategy,status,risk,blocker,notes
docs-api-reference/shared/cloud-transcoder/common-payload.mdx,docs/cloud-transcoder/webhook/ncs-events.mdx,,0,cloud-transcoder,,convert to Fumadocs include or statically inline after dependency review,ready_for_mapping,medium,,referenced_by_count=1; generated=2026-07-02T10:27:25.467Z
docs-api-reference/shared/flexible-classroom/_character-set.mdx,docs-api-reference/flexible-classroom/classroom-sdk.android.mdx|docs-api-reference/flexible-classroom/classroom-sdk.ios.mdx|docs-api-reference/flexible-classroom/classroom-sdk.javascript.electron.mdx|docs-api-reference/flexible-classroom/fcr-ui-scene.javascript.electron.mdx|docs-api-reference/flexible-classroom/proctor-sdk.ios.mdx|docs-api-reference/flexible-classroom/proctor-sdk.javascript.electron.mdx|docs-api-reference/rtm2/toc-message/publish.restful.mdx|docs-api-reference/rtm2/toc-message/receive.restful.mdx|docs/flexible-classroom/_restapi.mdx|docs/flexible-classroom/api/api-classroom.restful.mdx|docs/flexible-classroom/api/api-recording.restful.mdx|docs/flexible-classroom/api/api-sync.restful.mdx|docs/flexible-classroom/api/api-user.restful.mdx|docs/flexible-classroom/api/api-widget.restful.mdx|docs/shared/flexible-classroom/_roomuuid.mdx|docs/shared/flexible-classroom/_useruuid.mdx,,0,flexible-classroom|rtm2,android|electron|ios|javascript|restful,convert to Fumadocs include or statically inline after dependency review,ready_for_mapping,medium,,referenced_by_count=16; generated=2026-07-02T10:27:25.467Z
docs-api-reference/shared/iot-apaas/base.mdx,docs-api-reference/iot-apaas/device-sdk/call/base.mdx|docs-api-reference/iot-apaas/device-sdk/full/base.mdx,,0,iot-apaas,,convert to Fumadocs include or statically inline after dependency review,ready_for_mapping,medium,,referenced_by_count=2; generated=2026-07-02T10:27:25.467Z
docs-api-reference/shared/iot-apaas/config.mdx,docs-api-reference/iot-apaas/device-sdk/call/config.mdx|docs-api-reference/iot-apaas/device-sdk/full/config.mdx,,0,iot-apaas,,convert to Fumadocs include or statically inline after dependency review,ready_for_mapping,medium,,referenced_by_count=2; generated=2026-07-02T10:27:25.467Z
docs-api-reference/shared/iot-apaas/device-manager.mdx,docs-api-reference/iot-apaas/device-sdk/call/device-manager.mdx|docs-api-reference/iot-apaas/device-sdk/full/device-manager.mdx,,0,iot-apaas,,convert to Fumadocs include or statically inline after dependency review,ready_for_mapping,medium,,referenced_by_count=2; generated=2026-07-02T10:27:25.467Z
docs-api-reference/shared/iot-apaas/make-call.mdx,docs-api-reference/iot-apaas/device-sdk/call/make-call.mdx|docs-api-reference/iot-apaas/device-sdk/full/make-call.mdx,,0,iot-apaas,,convert to Fumadocs include or statically inline after dependency review,ready_for_mapping,medium,,referenced_by_count=2; generated=2026-07-02T10:27:25.467Z
docs-api-reference/shared/meeting/add-observer.mdx,docs-api-reference/meeting/client-api.android.mdx|docs-api-reference/meeting/client-api.electron.mdx|docs-api-reference/meeting/client-api.ios.mdx,,0,meeting,android|electron|ios,convert to Fumadocs include or statically inline after dependency review,ready_for_mapping,medium,,referenced_by_count=3; generated=2026-07-02T10:27:25.467Z
docs-api-reference/shared/meeting/exit-reason.mdx,docs-api-reference/meeting/client-api.android.mdx|docs-api-reference/meeting/client-api.electron.mdx|docs-api-reference/meeting/client-api.ios.mdx,,0,meeting,android|electron|ios,convert to Fumadocs include or statically inline after dependency review,ready_for_mapping,medium,,referenced_by_count=3; generated=2026-07-02T10:27:25.467Z
docs-api-reference/shared/meeting/init.mdx,docs-api-reference/meeting/client-api.android.mdx|docs-api-reference/meeting/client-api.ios.mdx,,0,meeting,android|ios,convert to Fumadocs include or statically inline after dependency review,ready_for_mapping,medium,,referenced_by_count=2; generated=2026-07-02T10:27:25.467Z
docs-api-reference/shared/meeting/on-launch-cancel.mdx,docs-api-reference/meeting/client-api.android.mdx|docs-api-reference/meeting/client-api.electron.mdx,,0,meeting,android|electron,convert to Fumadocs include or statically inline after dependency review,ready_for_mapping,medium,,referenced_by_count=2; generated=2026-07-02T10:27:25.467Z
docs-api-reference/shared/meeting/on-launch-failure.mdx,docs-api-reference/meeting/client-api.android.mdx|docs-api-reference/meeting/client-api.electron.mdx,,0,meeting,android|electron,convert to Fumadocs include or statically inline after dependency review,ready_for_mapping,medium,,referenced_by_count=2; generated=2026-07-02T10:27:25.467Z
docs-api-reference/shared/meeting/on-launch-success.mdx,docs-api-reference/meeting/client-api.android.mdx|docs-api-reference/meeting/client-api.electron.mdx,,0,meeting,android|electron,convert to Fumadocs include or statically inline after dependency review,ready_for_mapping,medium,,referenced_by_count=2; generated=2026-07-02T10:27:25.467Z
docs-api-reference/shared/meeting/remove-observer.mdx,docs-api-reference/meeting/client-api.android.mdx|docs-api-reference/meeting/client-api.electron.mdx|docs-api-reference/meeting/client-api.ios.mdx,,0,meeting,android|electron|ios,convert to Fumadocs include or statically inline after dependency review,ready_for_mapping,medium,,referenced_by_count=3; generated=2026-07-02T10:27:25.467Z
docs-api-reference/shared/meeting/scene-config.mdx,docs-api-reference/meeting/client-api.android.mdx|docs-api-reference/meeting/client-api.electron.mdx|docs-api-reference/meeting/client-api.ios.mdx,,0,meeting,android|electron|ios,convert to Fumadocs include or statically inline after dependency review,ready_for_mapping,medium,,referenced_by_count=3; generated=2026-07-02T10:27:25.467Z
docs-api-reference/shared/meeting/scene-creator-config.mdx,docs-api-reference/meeting/client-api.android.mdx|docs-api-reference/meeting/client-api.electron.mdx|docs-api-reference/meeting/client-api.ios.mdx,,0,meeting,android|electron|ios,convert to Fumadocs include or statically inline after dependency review,ready_for_mapping,medium,,referenced_by_count=3; generated=2026-07-02T10:27:25.467Z
docs-api-reference/shared/meeting/ui-resource.mdx,docs-api-reference/meeting/client-api.android.mdx|docs-api-reference/meeting/client-api.electron.mdx|docs-api-reference/meeting/client-api.ios.mdx,,0,meeting,android|electron|ios,convert to Fumadocs include or statically inline after dependency review,ready_for_mapping,medium,,referenced_by_count=3; generated=2026-07-02T10:27:25.467Z
docs-api-reference/shared/meeting/user-role.mdx,docs-api-reference/meeting/client-api.android.mdx|docs-api-reference/meeting/client-api.electron.mdx|docs-api-reference/meeting/client-api.ios.mdx,,0,meeting,android|electron|ios,convert to Fumadocs include or statically inline after dependency review,ready_for_mapping,medium,,referenced_by_count=3; generated=2026-07-02T10:27:25.467Z
docs-api-reference/shared/rtc/template.mdx,,,0,shared,,convert to Fumadocs include or statically inline after dependency review,needs_review,medium,"No direct references found in scanned source pages; decide whether to migrate as reusable content, archive, or drop.",referenced_by_count=0; generated=2026-07-02T10:27:25.467Z
docs-api-reference/shared/rtc/var.mdx,,,0,shared,,convert to Fumadocs include or statically inline after dependency review,needs_review,medium,"No direct references found in scanned source pages; decide whether to migrate as reusable content, archive, or drop.",referenced_by_count=0; generated=2026-07-02T10:27:25.467Z
docs/shared/chatroom/app-flow.mdx,docs/chatroom/sdk/get-started/quick-integration.android.mdx|docs/chatroom/sdk/get-started/quick-integration.ios.mdx,,0,chatroom,android|ios,convert to Fumadocs include or statically inline after dependency review,ready_for_mapping,medium,,referenced_by_count=2; generated=2026-07-02T10:27:25.467Z
docs/shared/chatroom/host-url-replace.mdx,docs/chatroom/uikit/get-started/quick-integration.android.mdx|docs/chatroom/uikit/get-started/quick-integration.ios.mdx,,0,chatroom,android|ios,convert to Fumadocs include or statically inline after dependency review,ready_for_mapping,medium,,referenced_by_count=2; generated=2026-07-02T10:27:25.467Z
docs/shared/chatroom/pic-uikit-architecture.mdx,docs/chatroom/sdk/overview.mdx|docs/chatroom/uikit/get-started/run-github-project.android.mdx|docs/chatroom/uikit/get-started/run-github-project.ios.mdx|docs/chatroom/uikit/overview.mdx,,0,chatroom,android|ios,convert to Fumadocs include or statically inline after dependency review,ready_for_mapping,medium,,referenced_by_count=4; generated=2026-07-02T10:27:25.467Z
docs/shared/chatroom/platform-uikit-architecture.mdx,docs/chatroom/sdk/overview.mdx|docs/chatroom/uikit/get-started/run-github-project.android.mdx|docs/chatroom/uikit/get-started/run-github-project.ios.mdx|docs/chatroom/uikit/overview.mdx,,0,chatroom,android|ios,convert to Fumadocs include or statically inline after dependency review,ready_for_mapping,medium,,referenced_by_count=4; generated=2026-07-02T10:27:25.467Z
docs/shared/chatroom/resource-doc-uikit.mdx,docs/chatroom/uikit/get-started/quick-integration.android.mdx|docs/chatroom/uikit/get-started/quick-integration.ios.mdx,,0,chatroom,android|ios,convert to Fumadocs include or statically inline after dependency review,ready_for_mapping,medium,,referenced_by_count=2; generated=2026-07-02T10:27:25.467Z
docs/shared/chatroom/resource-github-auikit.mdx,docs/chatroom/uikit/get-started/run-github-project.android.mdx|docs/chatroom/uikit/get-started/run-github-project.ios.mdx,,0,chatroom,android|ios,convert to Fumadocs include or statically inline after dependency review,ready_for_mapping,medium,,referenced_by_count=2; generated=2026-07-02T10:27:25.467Z
docs/shared/chatroom/resource-github-sdk.mdx,docs/chatroom/sdk/get-started/quick-integration.android.mdx|docs/chatroom/sdk/get-started/quick-integration.ios.mdx|docs/chatroom/sdk/resources.mdx|docs/chatroom/sdk/user-guides/mic-seat-management.android.mdx|docs/chatroom/sdk/user-guides/mic-seat-management.ios.mdx,,0,chatroom,android|ios,convert to Fumadocs include or statically inline after dependency review,ready_for_mapping,medium,,referenced_by_count=5; generated=2026-07-02T10:27:25.467Z
docs/shared/chatroom/resource-github-uikit.mdx,docs/chatroom/uikit/get-started/run-github-project.android.mdx|docs/chatroom/uikit/get-started/run-github-project.ios.mdx|docs/chatroom/uikit/resources.mdx,,0,chatroom,android|ios,convert to Fumadocs include or statically inline after dependency review,ready_for_mapping,medium,,referenced_by_count=3; generated=2026-07-02T10:27:25.467Z
docs/shared/cloud-recording/api-acquire-start-stop.mdx,docs/agora-product/user-guides/set-individual-without-transcoding.restful.mdx|docs/cloud-recording/user-guides/individual-mode/set-individual-without-transcoding.mdx|docs/cloud-recording/user-guides/individual-mode/set-individual.mdx|docs/cloud-recording/user-guides/mix-mode/set-composite.mdx|docs/cloud-recording/user-guides/web-mode/set-webpage-recording.mdx,,0,agora-product|cloud-recording,restful,convert to Fumadocs include or statically inline after dependency review,ready_for_mapping,medium,,referenced_by_count=5; generated=2026-07-02T10:27:25.467Z
docs/shared/cloud-recording/api-acquire-start.mdx,docs/cloud-recording/user-guides/snapshot.mdx,,0,cloud-recording,,convert to Fumadocs include or statically inline after dependency review,ready_for_mapping,medium,,referenced_by_count=1; generated=2026-07-02T10:27:25.467Z
docs/shared/cloud-recording/billing-consid.mdx,docs/cloud-recording/overview/billing-strategy/billing.mdx|docs/cloud-recording/overview/billing-strategy/snapshot-billing.mdx|docs/cloud-recording/overview/billing-strategy/webpage-billing.mdx,,0,cloud-recording,,convert to Fumadocs include or statically inline after dependency review,ready_for_mapping,medium,,referenced_by_count=3; generated=2026-07-02T10:27:25.467Z
docs/shared/cloud-recording/billing-faq.mdx,docs/cloud-recording/overview/billing-strategy/billing.mdx|docs/cloud-recording/overview/billing-strategy/snapshot-billing.mdx|docs/cloud-recording/overview/billing-strategy/webpage-billing.mdx|docs/cloud-transcoder/overview/billing.mdx,,0,cloud-recording|cloud-transcoder,,convert to Fumadocs include or statically inline after dependency review,ready_for_mapping,medium,,referenced_by_count=4; generated=2026-07-02T10:27:25.467Z
docs/shared/cloud-recording/billing-intro.mdx,docs/cloud-recording/overview/billing-strategy/billing.mdx|docs/cloud-recording/overview/billing-strategy/snapshot-billing.mdx|docs/cloud-recording/overview/billing-strategy/webpage-billing.mdx,,0,cloud-recording,,convert to Fumadocs include or statically inline after dependency review,ready_for_mapping,medium,,referenced_by_count=3; generated=2026-07-02T10:27:25.467Z
docs/shared/cloud-transcoder/auth-intro.mdx,,,0,cloud-transcoder,,convert to Fumadocs include or statically inline after dependency review,needs_review,medium,"No direct references found in scanned source pages; decide whether to migrate as reusable content, archive, or drop.",referenced_by_count=0; generated=2026-07-02T10:27:25.467Z
docs/shared/cloud-transcoder/enable-service.mdx,docs/cloud-transcoder/get-started/enable-service.mdx,docs/shared/common/create-agora-project.mdx|docs/shared/common/get-app-id.mdx|docs/shared/common/get-customer-id-secret.mdx|docs/shared/common/login-console.mdx,1,cloud-transcoder,,convert to Fumadocs include or statically inline after dependency review,needs_review,high,Nested shared dependencies require include-depth review and static expansion decision.,referenced_by_count=1; generated=2026-07-02T10:27:25.467Z
docs/shared/cloud-transcoder/next-step.mdx,docs/cloud-transcoder/user-guides/http-auth.mdx,,0,cloud-transcoder,,convert to Fumadocs include or statically inline after dependency review,ready_for_mapping,medium,,referenced_by_count=1; generated=2026-07-02T10:27:25.467Z
docs/shared/cloud-transcoder/solution-overview.mdx,docs/cloud-transcoder/overview/product-overview.mdx,,0,cloud-transcoder,,convert to Fumadocs include or statically inline after dependency review,ready_for_mapping,medium,,referenced_by_count=1; generated=2026-07-02T10:27:25.467Z
docs/shared/common/create-agora-project.mdx,docs/agora-product/get-started/enable-service.mdx|docs/aigc/get-started/enable-service.mdx|docs/art-class/get-started/enable-service.mdx|docs/chatroom/sdk/get-started/enable-service.mdx|docs/chatroom/uikit/get-started/enable-service.mdx|docs/cloud-recording/get-started/enable-service.mdx|docs/console/quickstart.mdx|docs/conversion-ppt/get-started/enable-service.mdx|docs/convoai/get-started/enable-service.mdx|docs/danmaku/get-started/enable-service.mdx|docs/dummy-product/get-started/enable-service.mdx|docs/dummy-product/test/toc.mdx|docs/dummy-product/test/toc2.mdx|docs/flexible-classroom/get-started/enable.mdx|docs/fusion-cdn/get-started/enable-service.mdx|docs/game-voice/get-started/enable-service.mdx|docs/marketplace/get-started/enable-service.mdx|docs/media-pull/get-started/enable-service.mdx|docs/media-push/get-started/enable-service.mdx|docs/meeting/get-started/enable-service.mdx,,0,agora-product|aigc|art-class|chatroom|cloud-recording|cloud-transcoder|console|conversion-ppt|convoai|danmaku|dummy-product|flexible-classroom|fusion-cdn|game-voice|marketplace|media-pull|media-push|meeting|meta-world|one-to-one-live|online-ktv|online-music-class|recording|rtc|rtc-server-sdk|rtm2|rtsa|showroom|smart-camera|smart-doorbell|smart-watch|speech-to-text|teleoperation|toybox|voip-callkit|whiteboard,restful,convert to Fumadocs include or statically inline after dependency review,ready_for_mapping,medium,,referenced_by_count=44; generated=2026-07-02T10:27:25.467Z
docs/shared/common/enable-ncs-v2-0.mdx,docs/convoai/webhook/enable-ncs.mdx|docs/fusion-cdn/webhook/enable-ncs.mdx|docs/rtc/webhook/receive_webhook.mdx|docs/speech-to-text/webhook/receive-webhook.mdx|docs/voip-callkit/webhook/receive-webhook.mdx|docs/whiteboard/fastboard-sdk/conversion-webhook.restful.mdx|docs/whiteboard/whiteboard-sdk/conversion-webhook.restful.mdx,,0,convoai|fusion-cdn|rtc|speech-to-text|voip-callkit|whiteboard,restful,convert to Fumadocs include or statically inline after dependency review,ready_for_mapping,medium,,referenced_by_count=7; generated=2026-07-02T10:27:25.467Z
docs/shared/common/enable-ncs-v2-1.mdx,docs/rtc/webhook/receive_webhook.mdx|docs/speech-to-text/webhook/receive-webhook.mdx|docs/whiteboard/fastboard-sdk/conversion-webhook.restful.mdx|docs/whiteboard/whiteboard-sdk/conversion-webhook.restful.mdx,,0,rtc|speech-to-text|whiteboard,restful,convert to Fumadocs include or statically inline after dependency review,ready_for_mapping,medium,,referenced_by_count=4; generated=2026-07-02T10:27:25.467Z
docs/shared/common/enable-ncs-v2-2.mdx,docs/fusion-cdn/webhook/enable-ncs.mdx|docs/voip-callkit/webhook/receive-webhook.mdx,,0,fusion-cdn|voip-callkit,,convert to Fumadocs include or statically inline after dependency review,ready_for_mapping,medium,,referenced_by_count=2; generated=2026-07-02T10:27:25.467Z
docs/shared/common/enable-ncs-v2-3.mdx,docs/convoai/webhook/enable-ncs.mdx,,0,convoai,,convert to Fumadocs include or statically inline after dependency review,ready_for_mapping,medium,,referenced_by_count=1; generated=2026-07-02T10:27:25.467Z
docs/shared/common/enable-rtm2.mdx,docs/rtm2/get-started/enable-service.mdx,,0,rtm2,,convert to Fumadocs include or statically inline after dependency review,ready_for_mapping,medium,,referenced_by_count=1; generated=2026-07-02T10:27:25.467Z
docs/shared/common/fls-data.mdx,docs/analytics/fls/data.mdx|docs/fusion-cdn/user-guides/analytics.mdx,,0,analytics|fusion-cdn,,convert to Fumadocs include or statically inline after dependency review,ready_for_mapping,medium,,referenced_by_count=2; generated=2026-07-02T10:27:25.467Z
docs/shared/common/generate-rtc-token.mdx,,docs/shared/common/get-app-id.mdx,1,common,,convert to Fumadocs include or statically inline after dependency review,needs_review,medium,"No direct references found in scanned source pages; decide whether to migrate as reusable content, archive, or drop.",referenced_by_count=0; generated=2026-07-02T10:27:25.467Z
docs/shared/common/get-app-certificate.mdx,docs/aigc/get-started/enable-service.mdx|docs/chatroom/uikit/get-started/enable-service.mdx|docs/cloud-recording/get-started/enable-service.mdx|docs/console/quickstart.mdx|docs/flexible-classroom/get-started/enable.mdx|docs/game-voice/get-started/enable-service.mdx|docs/iot-apaas/get-started/enable-service.mdx|docs/meeting/get-started/enable-service.mdx|docs/meta-world/get-started/enable-service.mdx|docs/multi-usecase/ui-solution/enable-service.mdx|docs/one-to-one-live/custom-signaling/get-started/enable-service.mdx|docs/one-to-one-live/rtm/get-started/enable-service.mdx|docs/online-ktv/auikaraoke/get-started/enable-service.mdx|docs/rtc/get-started/enable-service.mdx|docs/rtm2/get-started/enable-service.mdx|docs/rtmp-gateway/get-started/enable-service.mdx|docs/showroom/get-started/enable-service.mdx|docs/toybox/get-started/enable-service.mdx,,0,aigc|chatroom|cloud-recording|console|flexible-classroom|game-voice|iot-apaas|meeting|meta-world|multi-usecase|one-to-one-live|online-ktv|rtc|rtm2|rtmp-gateway|showroom|toybox,,convert to Fumadocs include or statically inline after dependency review,ready_for_mapping,medium,,referenced_by_count=18; generated=2026-07-02T10:27:25.467Z
docs/shared/common/get-app-id.mdx,docs/agora-product/get-started/enable-service.mdx|docs/aigc/get-started/enable-service.mdx|docs/art-class/get-started/enable-service.mdx|docs/chatroom/sdk/get-started/enable-service.mdx|docs/chatroom/uikit/get-started/enable-service.mdx|docs/cloud-recording/get-started/enable-service.mdx|docs/console/quickstart.mdx|docs/conversion-ppt/get-started/enable-service.mdx|docs/convoai/get-started/enable-service.mdx|docs/danmaku/get-started/enable-service.mdx|docs/dummy-product/get-started/enable-service.mdx|docs/dummy-product/test/toc.mdx|docs/dummy-product/test/toc2.mdx|docs/flexible-classroom/basic-features/generate-token.android.ios.javascript.electron.mdx|docs/flexible-classroom/get-started/enable.mdx|docs/fusion-cdn/get-started/enable-service.mdx|docs/game-voice/get-started/enable-service.mdx|docs/marketplace/get-started/enable-service.mdx|docs/media-pull/get-started/enable-service.mdx|docs/media-push/get-started/enable-service.mdx,,0,agora-product|aigc|art-class|chatroom|cloud-recording|cloud-transcoder|common|console|conversion-ppt|convoai|danmaku|dummy-product|flexible-classroom|fusion-cdn|game-voice|marketplace|media-pull|media-push|meeting|meta-world|multi-usecase|one-to-one-live|online-ktv|online-music-class|recording|rtc|rtc-server-sdk|rtm2|rtmp-gateway|rtsa|showroom|smart-camera|smart-doorbell|smart-watch|speech-to-text|teleoperation|toybox|voip-callkit|whiteboard,android|electron|ios|javascript|restful,convert to Fumadocs include or statically inline after dependency review,ready_for_mapping,medium,,referenced_by_count=50; generated=2026-07-02T10:27:25.467Z
docs/shared/common/get-customer-id-secret.mdx,docs/agora-product/get-started/enable-service.mdx|docs/chatroom/uikit/get-started/enable-service.mdx|docs/cloud-recording/get-started/enable-service.mdx|docs/convoai/get-started/enable-service.mdx|docs/flexible-classroom/get-started/enable.mdx|docs/fusion-cdn/get-started/enable-service.mdx|docs/media-pull/get-started/enable-service.mdx|docs/media-push/get-started/enable-service.mdx|docs/meta-world/get-started/enable-service.mdx|docs/rtc/get-started/enable-service.restful.mdx|docs/rtmp-gateway/get-started/enable-service.mdx|docs/rtsa/get-started/enable-service.mdx|docs/shared/cloud-transcoder/enable-service.mdx|docs/showroom/get-started/enable-service.mdx|docs/toybox/get-started/enable-service.mdx|docs/voip-callkit/get-started/enable-service.mdx,,0,agora-product|chatroom|cloud-recording|cloud-transcoder|convoai|flexible-classroom|fusion-cdn|media-pull|media-push|meta-world|rtc|rtmp-gateway|rtsa|showroom|toybox|voip-callkit,restful,convert to Fumadocs include or statically inline after dependency review,ready_for_mapping,medium,,referenced_by_count=16; generated=2026-07-02T10:27:25.467Z
docs/shared/common/get-temp-token.mdx,docs/agora-product/get-started/enable-service.mdx|docs/aigc/get-started/enable-service.mdx|docs/art-class/get-started/enable-service.mdx|docs/chatroom/sdk/get-started/enable-service.mdx|docs/cloud-recording/get-started/enable-service.mdx|docs/console/quickstart.mdx|docs/conversion-ppt/get-started/enable-service.mdx|docs/convoai/get-started/enable-service.mdx|docs/danmaku/get-started/enable-service.mdx|docs/dummy-product/get-started/enable-service.mdx|docs/dummy-product/test/toc.mdx|docs/dummy-product/test/toc2.mdx|docs/flexible-classroom/get-started/enable.mdx|docs/fusion-cdn/get-started/enable-service.mdx|docs/game-voice/get-started/enable-service.mdx|docs/marketplace/get-started/enable-service.mdx|docs/meeting/get-started/enable-service.mdx|docs/meta-world/get-started/enable-service.mdx|docs/online-ktv/ktv-scenario/get-started/enable-service.mdx|docs/online-ktv/online-ktv-sdk/get-started/enable-service.mdx,,0,agora-product|aigc|art-class|chatroom|cloud-recording|console|conversion-ppt|convoai|danmaku|dummy-product|flexible-classroom|fusion-cdn|game-voice|marketplace|meeting|meta-world|online-ktv|online-music-class|recording|rtc|rtc-server-sdk|rtm2|rtsa|showroom|smart-camera|smart-doorbell|smart-watch|speech-to-text|teleoperation|voip-callkit|whiteboard,restful,convert to Fumadocs include or statically inline after dependency review,ready_for_mapping,medium,,referenced_by_count=35; generated=2026-07-02T10:27:25.467Z
docs/shared/common/http-basic-auth.mdx,docs/agora-product/user-guides/authorization.restful.mdx|docs/cloud-recording/user-guides/http-basic-auth.mdx|docs/danmaku/get-started/authorization.mdx|docs/media-pull/user-guides/http-basic-auth.mdx|docs/media-push/user-guides/http-basic-auth.mdx|docs/rtc/user-guides/http-basic-auth.restful.mdx|docs/speech-to-text/user-guides/http-basic-auth.mdx|docs/voip-callkit/user-guide/http-basic-auth.mdx,,0,agora-product|cloud-recording|danmaku|media-pull|media-push|rtc|speech-to-text|voip-callkit,restful,convert to Fumadocs include or statically inline after dependency review,ready_for_mapping,medium,,referenced_by_count=8; generated=2026-07-02T10:27:25.467Z
docs/shared/common/http-token-auth.mdx,docs/flexible-classroom/_restapi.mdx,,0,flexible-classroom,,convert to Fumadocs include or statically inline after dependency review,ready_for_mapping,medium,,referenced_by_count=1; generated=2026-07-02T10:27:25.467Z
docs/shared/common/login-console.mdx,docs/agora-product/get-started/enable-service.mdx|docs/aigc/get-started/enable-service.mdx|docs/art-class/get-started/enable-service.mdx|docs/chatroom/sdk/get-started/enable-service.mdx|docs/chatroom/uikit/get-started/enable-service.mdx|docs/cloud-recording/get-started/enable-service.mdx|docs/conversion-ppt/get-started/enable-service.mdx|docs/convoai/get-started/enable-service.mdx|docs/danmaku/get-started/enable-service.mdx|docs/dummy-product/get-started/enable-service.mdx|docs/flexible-classroom/get-started/enable.mdx|docs/fusion-cdn/get-started/enable-service.mdx|docs/game-voice/get-started/enable-service.mdx|docs/marketplace/get-started/enable-service.mdx|docs/media-pull/get-started/enable-service.mdx|docs/media-push/get-started/enable-service.mdx|docs/meeting/get-started/enable-service.mdx|docs/meta-world/get-started/enable-service.mdx|docs/multi-usecase/ui-solution/enable-service.mdx|docs/one-to-one-live/custom-signaling/get-started/enable-service.mdx,,0,agora-product|aigc|art-class|chatroom|cloud-recording|cloud-transcoder|conversion-ppt|convoai|danmaku|dummy-product|flexible-classroom|fusion-cdn|game-voice|marketplace|media-pull|media-push|meeting|meta-world|multi-usecase|one-to-one-live|online-ktv|online-music-class|recording|rtc|rtc-server-sdk|rtm2|rtsa|showroom|smart-camera|smart-doorbell|smart-watch|speech-to-text|teleoperation|toybox|voip-callkit|whiteboard,restful,convert to Fumadocs include or statically inline after dependency review,ready_for_mapping,medium,,referenced_by_count=43; generated=2026-07-02T10:27:25.467Z
docs/shared/common/mcp-integrate.mdx,docs/agora-product/mcp-integrate.mdx|docs/aigc/mcp-integrate.mdx|docs/analytics/mcp-integrate.mdx|docs/art-class/mcp-integrate.mdx|docs/breakout-classroom/mcp-integrate.mdx|docs/chatroom/sdk/mcp-integrate.mdx|docs/chatroom/uikit/mcp-integrate.mdx|docs/cloud-recording/mcp-integrate.mdx|docs/cloud-transcoder/mcp-integrate.mdx|docs/console/mcp-integrate.mdx|docs/conversion-ppt/mcp-integrate.mdx|docs/convoai/mcp-integrate.mdx|docs/danmaku/mcp-integrate.mdx|docs/digital-learning/mcp-integrate.mdx|docs/dummy-product/mcp-integrate.mdx|docs/flexible-classroom/mcp-integrate.mdx|docs/fusion-cdn/mcp-integrate.mdx|docs/game-voice/mcp-integrate.mdx|docs/iot-apaas/mcp-integrate.mdx|docs/marketplace/mcp-integrate.mdx,,0,agora-product|aigc|analytics|art-class|breakout-classroom|chatroom|cloud-recording|cloud-transcoder|console|conversion-ppt|convoai|danmaku|digital-learning|dummy-product|flexible-classroom|fusion-cdn|game-voice|iot-apaas|marketplace|media-pull|media-push|meeting|meta-world|multi-usecase|one-to-one-classroom|one-to-one-live|online-ktv|online-music-class|recording|rtc|rtc-server-sdk|rtm2|rtmp-gateway|rtsa|sdk-extension|showroom|small-classroom|smart-camera|smart-doorbell|smart-watch|speech-to-text|status-page|teleoperation|toybox|voip-callkit|whiteboard,,convert to Fumadocs include or statically inline after dependency review,ready_for_mapping,medium,,referenced_by_count=54; generated=2026-07-02T10:27:25.467Z
docs/shared/common/skills-integrate.mdx,docs/agora-product/skills-integrate.mdx|docs/aigc/skills-integrate.mdx|docs/analytics/skills-integrate.mdx|docs/art-class/skills-integrate.mdx|docs/breakout-classroom/skills-integrate.mdx|docs/chatroom/sdk/skills-integrate.mdx|docs/chatroom/uikit/skills-integrate.mdx|docs/cloud-recording/skills-integrate.mdx|docs/cloud-transcoder/skills-integrate.mdx|docs/console/skills-integrate.mdx|docs/conversion-ppt/skills-integrate.mdx|docs/convoai/skills-integrate.mdx|docs/danmaku/skills-integrate.mdx|docs/digital-learning/skills-integrate.mdx|docs/dummy-product/skills-integrate.mdx|docs/flexible-classroom/skills-integrate.mdx|docs/fusion-cdn/skills-integrate.mdx|docs/game-voice/skills-integrate.mdx|docs/iot-apaas/skills-integrate.mdx|docs/marketplace/skills-integrate.mdx,,0,agora-product|aigc|analytics|art-class|breakout-classroom|chatroom|cloud-recording|cloud-transcoder|console|conversion-ppt|convoai|danmaku|digital-learning|dummy-product|flexible-classroom|fusion-cdn|game-voice|iot-apaas|marketplace|media-pull|media-push|meeting|meta-world|multi-usecase|one-to-one-classroom|one-to-one-live|online-ktv|online-music-class|recording|rtc|rtc-server-sdk|rtm2|rtmp-gateway|rtsa|sdk-extension|showroom|small-classroom|smart-camera|smart-doorbell|smart-watch|speech-to-text|status-page|teleoperation|toybox|voip-callkit|whiteboard,,convert to Fumadocs include or statically inline after dependency review,ready_for_mapping,medium,,referenced_by_count=54; generated=2026-07-02T10:27:25.467Z
docs/shared/common/upgrade-rtc-token.mdx,,docs/shared/common/get-app-id.mdx,1,common,,convert to Fumadocs include or statically inline after dependency review,needs_review,medium,"No direct references found in scanned source pages; decide whether to migrate as reusable content, archive, or drop.",referenced_by_count=0; generated=2026-07-02T10:27:25.467Z
docs/shared/convoai/component-agent.mdx,docs/convoai/best-practice/audio-settings.mdx|docs/convoai/user-guides/interrupt-agent.mdx|docs/convoai/user-guides/listen-agent-events.mdx|docs/convoai/user-guides/manual-turn-control.mdx|docs/convoai/user-guides/realtime-sub.mdx|docs/convoai/user-guides/send-multimodal-message.mdx,,0,convoai,,convert to Fumadocs include or statically inline after dependency review,ready_for_mapping,medium,,referenced_by_count=6; generated=2026-07-02T10:27:25.467Z
docs/shared/convoai/component-destroy.mdx,docs/convoai/best-practice/audio-settings.mdx|docs/convoai/user-guides/interrupt-agent.mdx|docs/convoai/user-guides/listen-agent-events.mdx|docs/convoai/user-guides/manual-turn-control.mdx|docs/convoai/user-guides/realtime-sub.mdx|docs/convoai/user-guides/send-multimodal-message.mdx,,0,convoai,,convert to Fumadocs include or statically inline after dependency review,ready_for_mapping,medium,,referenced_by_count=6; generated=2026-07-02T10:27:25.467Z
docs/shared/convoai/component-integrate.mdx,docs/convoai/best-practice/audio-settings.mdx|docs/convoai/user-guides/interrupt-agent.mdx|docs/convoai/user-guides/listen-agent-events.mdx|docs/convoai/user-guides/manual-turn-control.mdx|docs/convoai/user-guides/realtime-sub.mdx|docs/convoai/user-guides/send-multimodal-message.mdx,,0,convoai,,convert to Fumadocs include or statically inline after dependency review,ready_for_mapping,medium,,referenced_by_count=6; generated=2026-07-02T10:27:25.467Z
docs/shared/convoai/component-intro.mdx,docs/convoai/best-practice/audio-settings.mdx|docs/convoai/user-guides/interrupt-agent.mdx|docs/convoai/user-guides/listen-agent-events.mdx|docs/convoai/user-guides/realtime-sub.mdx|docs/convoai/user-guides/send-multimodal-message.mdx,,0,convoai,,convert to Fumadocs include or statically inline after dependency review,ready_for_mapping,medium,,referenced_by_count=5; generated=2026-07-02T10:27:25.467Z
docs/shared/convoai/component-prereq.mdx,docs/convoai/best-practice/audio-settings.mdx|docs/convoai/user-guides/interrupt-agent.mdx|docs/convoai/user-guides/listen-agent-events.mdx|docs/convoai/user-guides/manual-turn-control.mdx|docs/convoai/user-guides/realtime-sub.mdx|docs/convoai/user-guides/send-multimodal-message.mdx,,0,convoai,,convert to Fumadocs include or statically inline after dependency review,ready_for_mapping,medium,,referenced_by_count=6; generated=2026-07-02T10:27:25.467Z
docs/shared/convoai/component-structure.mdx,docs/convoai/best-practice/audio-settings.mdx|docs/convoai/user-guides/interrupt-agent.mdx|docs/convoai/user-guides/listen-agent-events.mdx|docs/convoai/user-guides/realtime-sub.mdx|docs/convoai/user-guides/send-multimodal-message.mdx,,0,convoai,,convert to Fumadocs include or statically inline after dependency review,ready_for_mapping,medium,,referenced_by_count=5; generated=2026-07-02T10:27:25.467Z
docs/shared/dummy-product/template.mdx,docs/dummy-product/test/components.mdx,,0,dummy-product,,convert to Fumadocs include or statically inline after dependency review,ready_for_mapping,medium,,referenced_by_count=1; generated=2026-07-02T10:27:25.467Z
docs/shared/dummy-product/vars.mdx,docs/dummy-product/test/components.mdx,,0,dummy-product,,convert to Fumadocs include or statically inline after dependency review,ready_for_mapping,medium,,referenced_by_count=1; generated=2026-07-02T10:27:25.467Z
docs/shared/education-paas/advantages.mdx,docs/art-class/overview/product-overview.mdx|docs/breakout-classroom/overview/product-overview.mdx|docs/one-to-one-classroom/overview/product-overview.mdx|docs/online-music-class/overview/product-overview.mdx|docs/small-classroom/overview/product-overview.mdx,,0,art-class|breakout-classroom|one-to-one-classroom|online-music-class|small-classroom,,convert to Fumadocs include or statically inline after dependency review,ready_for_mapping,medium,,referenced_by_count=5; generated=2026-07-02T10:27:25.467Z
docs/shared/education-paas/digital-integration-1.mdx,docs/digital-learning/course-delivery/integration.mdx|docs/digital-learning/course-resource/integration.mdx|docs/digital-learning/school-resource/integration.mdx,,0,digital-learning,,convert to Fumadocs include or statically inline after dependency review,ready_for_mapping,medium,,referenced_by_count=3; generated=2026-07-02T10:27:25.467Z
docs/shared/education-paas/digital-integration-2.mdx,docs/digital-learning/course-delivery/integration.mdx|docs/digital-learning/course-resource/integration.mdx|docs/digital-learning/school-resource/integration.mdx,,0,digital-learning,,convert to Fumadocs include or statically inline after dependency review,ready_for_mapping,medium,,referenced_by_count=3; generated=2026-07-02T10:27:25.467Z
docs/shared/education-paas/paas-arch.mdx,docs/breakout-classroom/paas/architecture.mdx|docs/one-to-one-classroom/paas/architecture.mdx|docs/small-classroom/paas/architecture.mdx,,0,breakout-classroom|one-to-one-classroom|small-classroom,,convert to Fumadocs include or statically inline after dependency review,ready_for_mapping,medium,,referenced_by_count=3; generated=2026-07-02T10:27:25.467Z
docs/shared/education-paas/paas-integration.mdx,docs/breakout-classroom/paas/integration-guide.mdx|docs/one-to-one-classroom/paas/integration-guide.mdx|docs/small-classroom/paas/integration-guide.mdx,,0,breakout-classroom|one-to-one-classroom|small-classroom,,convert to Fumadocs include or statically inline after dependency review,ready_for_mapping,medium,,referenced_by_count=3; generated=2026-07-02T10:27:25.467Z
docs/shared/education-paas/paas-practices.mdx,docs/breakout-classroom/paas/best-practices.mdx|docs/one-to-one-classroom/paas/best-practices.mdx|docs/small-classroom/paas/best-practices.mdx,,0,breakout-classroom|one-to-one-classroom|small-classroom,,convert to Fumadocs include or statically inline after dependency review,ready_for_mapping,medium,,referenced_by_count=3; generated=2026-07-02T10:27:25.467Z
docs/shared/education-paas/solution-compare.mdx,docs/one-to-one-classroom/overview/product-overview.mdx|docs/small-classroom/overview/product-overview.mdx,,0,one-to-one-classroom|small-classroom,,convert to Fumadocs include or statically inline after dependency review,ready_for_mapping,medium,,referenced_by_count=2; generated=2026-07-02T10:27:25.467Z
docs/shared/flexible-classroom/_appid.mdx,docs/flexible-classroom/api/api-classroom.restful.mdx|docs/flexible-classroom/api/api-recording.restful.mdx|docs/flexible-classroom/api/api-sync.restful.mdx|docs/flexible-classroom/api/api-user.restful.mdx|docs/flexible-classroom/api/api-widget.restful.mdx,,0,flexible-classroom,restful,convert to Fumadocs include or statically inline after dependency review,ready_for_mapping,medium,,referenced_by_count=5; generated=2026-07-02T10:27:25.467Z
docs/shared/flexible-classroom/_code.mdx,docs/flexible-classroom/api/api-classroom.restful.mdx|docs/flexible-classroom/api/api-recording.restful.mdx|docs/flexible-classroom/api/api-sync.restful.mdx|docs/flexible-classroom/api/api-user.restful.mdx|docs/flexible-classroom/api/api-widget.restful.mdx,,0,flexible-classroom,restful,convert to Fumadocs include or statically inline after dependency review,ready_for_mapping,medium,,referenced_by_count=5; generated=2026-07-02T10:27:25.467Z
docs/shared/flexible-classroom/_create-project.mdx,,,0,flexible-classroom,,convert to Fumadocs include or statically inline after dependency review,needs_review,medium,"No direct references found in scanned source pages; decide whether to migrate as reusable content, archive, or drop.",referenced_by_count=0; generated=2026-07-02T10:27:25.467Z
docs/shared/flexible-classroom/_demo-token.mdx,docs/flexible-classroom/get-started/quick-start.android.mdx|docs/flexible-classroom/get-started/quick-start.electron.mdx|docs/flexible-classroom/get-started/quick-start.ios.mdx|docs/flexible-classroom/get-started/quick-start.javascript.mdx,,0,flexible-classroom,android|electron|ios|javascript,convert to Fumadocs include or statically inline after dependency review,ready_for_mapping,medium,,referenced_by_count=4; generated=2026-07-02T10:27:25.467Z
docs/shared/flexible-classroom/_dev-env-android.mdx,docs/flexible-classroom/advanced-features/_scene-builder/_deploy-scene.mdx|docs/flexible-classroom/get-started/quick-start.android.mdx,,0,flexible-classroom,android,convert to Fumadocs include or statically inline after dependency review,ready_for_mapping,medium,,referenced_by_count=2; generated=2026-07-02T10:27:25.467Z
docs/shared/flexible-classroom/_dev-env-ios.mdx,docs/flexible-classroom/advanced-features/_scene-builder/_deploy-scene.mdx,,0,flexible-classroom,,convert to Fumadocs include or statically inline after dependency review,ready_for_mapping,medium,,referenced_by_count=1; generated=2026-07-02T10:27:25.467Z
docs/shared/flexible-classroom/_dev-env-web-electron.mdx,docs/flexible-classroom/advanced-features/_scene-builder/_deploy-scene.mdx|docs/flexible-classroom/get-started/quick-start.electron.mdx|docs/flexible-classroom/get-started/quick-start.javascript.mdx,,0,flexible-classroom,electron|javascript,convert to Fumadocs include or statically inline after dependency review,ready_for_mapping,medium,,referenced_by_count=3; generated=2026-07-02T10:27:25.467Z
docs/shared/flexible-classroom/_msg.mdx,docs/flexible-classroom/api/api-classroom.restful.mdx|docs/flexible-classroom/api/api-recording.restful.mdx|docs/flexible-classroom/api/api-sync.restful.mdx|docs/flexible-classroom/api/api-user.restful.mdx|docs/flexible-classroom/api/api-widget.restful.mdx,,0,flexible-classroom,restful,convert to Fumadocs include or statically inline after dependency review,ready_for_mapping,medium,,referenced_by_count=5; generated=2026-07-02T10:27:25.467Z
docs/shared/flexible-classroom/_oss-notes.mdx,docs/flexible-classroom/best-practices/courseware.android.ios.javascript.electron.mdx|docs/flexible-classroom/get-started/configure.android.ios.javascript.electron.mdx,,0,flexible-classroom,android|electron|ios|javascript,convert to Fumadocs include or statically inline after dependency review,ready_for_mapping,medium,,referenced_by_count=2; generated=2026-07-02T10:27:25.467Z
docs/shared/flexible-classroom/_region.mdx,docs/flexible-classroom/api/api-classroom.restful.mdx|docs/flexible-classroom/api/api-recording.restful.mdx|docs/flexible-classroom/api/api-sync.restful.mdx|docs/flexible-classroom/api/api-user.restful.mdx|docs/flexible-classroom/api/api-widget.restful.mdx,,0,flexible-classroom,restful,convert to Fumadocs include or statically inline after dependency review,ready_for_mapping,medium,,referenced_by_count=5; generated=2026-07-02T10:27:25.467Z
docs/shared/flexible-classroom/_roomuuid.mdx,docs/flexible-classroom/api/api-classroom.restful.mdx|docs/flexible-classroom/api/api-recording.restful.mdx|docs/flexible-classroom/api/api-sync.restful.mdx|docs/flexible-classroom/api/api-user.restful.mdx|docs/flexible-classroom/api/api-widget.restful.mdx,docs-api-reference/shared/flexible-classroom/_character-set.mdx,1,flexible-classroom,restful,convert to Fumadocs include or statically inline after dependency review,needs_review,high,Nested shared dependencies require include-depth review and static expansion decision.,referenced_by_count=5; generated=2026-07-02T10:27:25.467Z
docs/shared/flexible-classroom/_run-preq-android.mdx,docs/flexible-classroom/advanced-features/_scene-builder/_deploy-scene.mdx|docs/flexible-classroom/get-started/quick-start.android.mdx,,0,flexible-classroom,android,convert to Fumadocs include or statically inline after dependency review,ready_for_mapping,medium,,referenced_by_count=2; generated=2026-07-02T10:27:25.467Z
docs/shared/flexible-classroom/_run-preq-electron.mdx,docs/flexible-classroom/advanced-features/_scene-builder/_deploy-scene.mdx|docs/flexible-classroom/get-started/quick-start.electron.mdx|docs/flexible-classroom/get-started/quick-start.javascript.mdx,,0,flexible-classroom,electron|javascript,convert to Fumadocs include or statically inline after dependency review,ready_for_mapping,medium,,referenced_by_count=3; generated=2026-07-02T10:27:25.467Z
docs/shared/flexible-classroom/_run-preq-ios.mdx,docs/flexible-classroom/advanced-features/_scene-builder/_deploy-scene.mdx,,0,flexible-classroom,,convert to Fumadocs include or statically inline after dependency review,ready_for_mapping,medium,,referenced_by_count=1; generated=2026-07-02T10:27:25.467Z
docs/shared/flexible-classroom/_run-preq-web.mdx,docs/flexible-classroom/advanced-features/_scene-builder/_deploy-scene.mdx,,0,flexible-classroom,,convert to Fumadocs include or statically inline after dependency review,ready_for_mapping,medium,,referenced_by_count=1; generated=2026-07-02T10:27:25.467Z
docs/shared/flexible-classroom/_source-code-android.mdx,docs/flexible-classroom/advanced-features/custom-ui.android.mdx|docs/flexible-classroom/get-started/quick-start.android.mdx,,0,flexible-classroom,android,convert to Fumadocs include or statically inline after dependency review,ready_for_mapping,medium,,referenced_by_count=2; generated=2026-07-02T10:27:25.467Z
docs/shared/flexible-classroom/_source-code-electron-web.mdx,docs/flexible-classroom/get-started/integrate-new.javascript.mdx|docs/flexible-classroom/get-started/integrate.electron.mdx|docs/flexible-classroom/get-started/integrate.javascript.mdx|docs/flexible-classroom/get-started/quick-start.electron.mdx|docs/flexible-classroom/get-started/quick-start.javascript.mdx,,0,flexible-classroom,electron|javascript,convert to Fumadocs include or statically inline after dependency review,ready_for_mapping,medium,,referenced_by_count=5; generated=2026-07-02T10:27:25.467Z
docs/shared/flexible-classroom/_tech.mdx,docs/flexible-classroom/get-started/quick-start.android.mdx|docs/flexible-classroom/get-started/quick-start.electron.mdx|docs/flexible-classroom/get-started/quick-start.ios.mdx|docs/flexible-classroom/get-started/quick-start.javascript.mdx,,0,flexible-classroom,android|electron|ios|javascript,convert to Fumadocs include or statically inline after dependency review,ready_for_mapping,medium,,referenced_by_count=4; generated=2026-07-02T10:27:25.467Z
docs/shared/flexible-classroom/_token-note.mdx,docs/flexible-classroom/get-started/integrate-new.javascript.mdx|docs/flexible-classroom/get-started/integrate.android.mdx|docs/flexible-classroom/get-started/integrate.electron.mdx|docs/flexible-classroom/get-started/integrate.ios.mdx|docs/flexible-classroom/get-started/integrate.javascript.mdx,,0,flexible-classroom,android|electron|ios|javascript,convert to Fumadocs include or statically inline after dependency review,ready_for_mapping,medium,,referenced_by_count=5; generated=2026-07-02T10:27:25.467Z
docs/shared/flexible-classroom/_ts.mdx,docs/flexible-classroom/api/api-classroom.restful.mdx|docs/flexible-classroom/api/api-recording.restful.mdx|docs/flexible-classroom/api/api-sync.restful.mdx|docs/flexible-classroom/api/api-user.restful.mdx|docs/flexible-classroom/api/api-widget.restful.mdx,,0,flexible-classroom,restful,convert to Fumadocs include or statically inline after dependency review,ready_for_mapping,medium,,referenced_by_count=5; generated=2026-07-02T10:27:25.467Z
docs/shared/flexible-classroom/_useruuid.mdx,docs/flexible-classroom/api/api-classroom.restful.mdx|docs/flexible-classroom/api/api-recording.restful.mdx|docs/flexible-classroom/api/api-sync.restful.mdx|docs/flexible-classroom/api/api-user.restful.mdx|docs/flexible-classroom/api/api-widget.restful.mdx,docs-api-reference/shared/flexible-classroom/_character-set.mdx,1,flexible-classroom,restful,convert to Fumadocs include or statically inline after dependency review,needs_review,high,Nested shared dependencies require include-depth review and static expansion decision.,referenced_by_count=5; generated=2026-07-02T10:27:25.467Z
docs/shared/marketplace/[deprecated]-agora-api-docs.mdx,,,0,marketplace,,convert to Fumadocs include or statically inline after dependency review,needs_review,medium,"No direct references found in scanned source pages; decide whether to migrate as reusable content, archive, or drop.",referenced_by_count=0; generated=2026-07-02T10:27:25.467Z
docs/shared/marketplace/api-extension.mdx,docs/marketplace/create-extensions/audio-filter.android.ios.macos.windows.mdx|docs/marketplace/create-extensions/video-filter.android.ios.macos.windows.mdx|docs/marketplace/integrate-extensions/faceunity-ar-api.android.ios.flutter.mdx|docs/marketplace/integrate-extensions/faceunity-ar.android.ios.flutter.mdx|docs/marketplace/integrate-extensions/iflytek-asr-api.android.ios.windows.mdx|docs/marketplace/integrate-extensions/iflytek-asr-api.javascript.mdx|docs/marketplace/integrate-extensions/iflytek-asr.android.ios.windows.mdx|docs/marketplace/integrate-extensions/legacy/.livedata-asr-api.android.ios.mdx|docs/marketplace/integrate-extensions/legacy/.livedata-asr.android.ios.mdx|docs/marketplace/integrate-extensions/legacy/_bytedance-volcengine-ar-api.android.ios.mdx|docs/marketplace/integrate-extensions/legacy/_bytedance-volcengine-ar.android.ios.mdx|docs/marketplace/integrate-extensions/legacy/_databaker-voice-changer-api.android.ios.mdx|docs/marketplace/integrate-extensions/legacy/_dubbing-voice-changer-api.android.ios.mdx|docs/marketplace/integrate-extensions/legacy/_fosafer-ar-api.android.ios.mdx|docs/marketplace/integrate-extensions/legacy/_fosafer-ar.android.ios.mdx|docs/marketplace/integrate-extensions/legacy/_hteffect-3d-avatar-cn-api.android.ios.mdx|docs/marketplace/integrate-extensions/legacy/_hteffect-3d-avatar-cn.android.ios.mdx|docs/marketplace/integrate-extensions/legacy/_hteffect-ar-api.android.ios.mdx|docs/marketplace/integrate-extensions/legacy/_hteffect-ar.android.ios.mdx|docs/marketplace/integrate-extensions/legacy/_livedata-moderation-api.android.ios.mdx,,0,marketplace,android|flutter|ios|javascript|macos|windows,convert to Fumadocs include or statically inline after dependency review,ready_for_mapping,medium,,referenced_by_count=31; generated=2026-07-02T10:27:25.467Z
docs/shared/marketplace/audio-moderation-1.mdx,docs/marketplace/integrate-extensions/legacy/_shumei-audio-moderation.mdx|docs/marketplace/integrate-extensions/legacy/_tuputech-audio-moderation.mdx|docs/marketplace/integrate-extensions/yitutech-audio-moderation.mdx,,0,marketplace,,convert to Fumadocs include or statically inline after dependency review,ready_for_mapping,medium,,referenced_by_count=3; generated=2026-07-02T10:27:25.467Z
docs/shared/marketplace/audio-moderation-2.mdx,docs/marketplace/integrate-extensions/legacy/_shumei-audio-moderation.mdx|docs/marketplace/integrate-extensions/legacy/_tuputech-audio-moderation.mdx|docs/marketplace/integrate-extensions/yitutech-audio-moderation.mdx,,0,marketplace,,convert to Fumadocs include or statically inline after dependency review,ready_for_mapping,medium,,referenced_by_count=3; generated=2026-07-02T10:27:25.467Z
docs/shared/marketplace/create-environment.mdx,docs/marketplace/create-extensions/audio-filter.android.ios.macos.windows.mdx|docs/marketplace/create-extensions/video-filter.android.ios.macos.windows.mdx,,0,marketplace,android|ios|macos|windows,convert to Fumadocs include or statically inline after dependency review,ready_for_mapping,medium,,referenced_by_count=2; generated=2026-07-02T10:27:25.467Z
docs/shared/marketplace/create-prerequisites.mdx,docs/marketplace/create-extensions/audio-filter.android.ios.macos.windows.mdx|docs/marketplace/create-extensions/video-filter.android.ios.macos.windows.mdx,,0,marketplace,android|ios|macos|windows,convert to Fumadocs include or statically inline after dependency review,ready_for_mapping,medium,,referenced_by_count=2; generated=2026-07-02T10:27:25.467Z
docs/shared/marketplace/extension-tech.mdx,docs/marketplace/integrate-extensions/faceunity-ar.android.ios.flutter.mdx|docs/marketplace/integrate-extensions/iflytek-asr.android.ios.windows.mdx|docs/marketplace/integrate-extensions/legacy/.livedata-asr.android.ios.mdx|docs/marketplace/integrate-extensions/legacy/_bytedance-volcengine-ar.android.ios.mdx|docs/marketplace/integrate-extensions/legacy/_databaker-voice-changer.android.ios.mdx|docs/marketplace/integrate-extensions/legacy/_dubbing-voice-changer.android.ios.mdx|docs/marketplace/integrate-extensions/legacy/_fosafer-ar.android.ios.mdx|docs/marketplace/integrate-extensions/legacy/_hteffect-3d-avatar-cn.android.ios.mdx|docs/marketplace/integrate-extensions/legacy/_hteffect-ar.android.ios.mdx|docs/marketplace/integrate-extensions/legacy/_livedata-moderation.android.ios.mdx|docs/marketplace/integrate-extensions/legacy/_microsoft-asr.android.ios.mdx|docs/marketplace/integrate-extensions/legacy/_tillusory-ar.android.ios.mdx|docs/marketplace/integrate-extensions/legacy/_unisound-asr.android.ios.mdx|docs/marketplace/integrate-extensions/legacy/_ximalaya-voice-changer.android.ios.mdx|docs/marketplace/integrate-extensions/legacy/_yitutech-asr.android.ios.mdx|docs/marketplace/integrate-extensions/sensetime-ar.android.ios.mdx,,0,marketplace,android|flutter|ios|windows,convert to Fumadocs include or statically inline after dependency review,ready_for_mapping,medium,,referenced_by_count=16; generated=2026-07-02T10:27:25.467Z
docs/shared/marketplace/integrate-video-sdk.mdx,docs/marketplace/integrate-extensions/faceunity-ar.android.ios.flutter.mdx|docs/marketplace/integrate-extensions/legacy/.livedata-asr.android.ios.mdx|docs/marketplace/integrate-extensions/legacy/_bytedance-volcengine-ar.android.ios.mdx|docs/marketplace/integrate-extensions/legacy/_fosafer-ar.android.ios.mdx|docs/marketplace/integrate-extensions/legacy/_hteffect-3d-avatar-cn.android.ios.mdx|docs/marketplace/integrate-extensions/legacy/_hteffect-ar.android.ios.mdx|docs/marketplace/integrate-extensions/legacy/_livedata-moderation.android.ios.mdx|docs/marketplace/integrate-extensions/legacy/_tillusory-ar.android.ios.mdx|docs/marketplace/integrate-extensions/legacy/_unisound-asr.android.ios.mdx|docs/marketplace/integrate-extensions/sensetime-ar.android.ios.mdx,,0,marketplace,android|flutter|ios,convert to Fumadocs include or statically inline after dependency review,ready_for_mapping,medium,,referenced_by_count=10; generated=2026-07-02T10:27:25.467Z
docs/shared/marketplace/integrate-voice-sdk.mdx,docs/marketplace/integrate-extensions/iflytek-asr.android.ios.windows.mdx|docs/marketplace/integrate-extensions/legacy/_databaker-voice-changer.android.ios.mdx|docs/marketplace/integrate-extensions/legacy/_dubbing-voice-changer.android.ios.mdx|docs/marketplace/integrate-extensions/legacy/_microsoft-asr.android.ios.mdx|docs/marketplace/integrate-extensions/legacy/_ximalaya-voice-changer.android.ios.mdx|docs/marketplace/integrate-extensions/legacy/_yitutech-asr.android.ios.mdx,,0,marketplace,android|ios|windows,convert to Fumadocs include or statically inline after dependency review,ready_for_mapping,medium,,referenced_by_count=6; generated=2026-07-02T10:27:25.467Z
docs/shared/marketplace/package.mdx,docs/marketplace/create-extensions/audio-filter.android.ios.macos.windows.mdx|docs/marketplace/create-extensions/video-filter.android.ios.macos.windows.mdx,,0,marketplace,android|ios|macos|windows,convert to Fumadocs include or statically inline after dependency review,ready_for_mapping,medium,,referenced_by_count=2; generated=2026-07-02T10:27:25.467Z
docs/shared/marketplace/prerequisites.mdx,docs/marketplace/integrate-extensions/faceunity-ar.android.ios.flutter.mdx|docs/marketplace/integrate-extensions/iflytek-asr.android.ios.windows.mdx|docs/marketplace/integrate-extensions/legacy/.livedata-asr.android.ios.mdx|docs/marketplace/integrate-extensions/legacy/_bytedance-volcengine-ar.android.ios.mdx|docs/marketplace/integrate-extensions/legacy/_databaker-voice-changer.android.ios.mdx|docs/marketplace/integrate-extensions/legacy/_dubbing-voice-changer.android.ios.mdx|docs/marketplace/integrate-extensions/legacy/_fosafer-ar.android.ios.mdx|docs/marketplace/integrate-extensions/legacy/_hteffect-3d-avatar-cn.android.ios.mdx|docs/marketplace/integrate-extensions/legacy/_hteffect-ar.android.ios.mdx|docs/marketplace/integrate-extensions/legacy/_livedata-moderation.android.ios.mdx|docs/marketplace/integrate-extensions/legacy/_microsoft-asr.android.ios.mdx|docs/marketplace/integrate-extensions/legacy/_tillusory-ar.android.ios.mdx|docs/marketplace/integrate-extensions/legacy/_unisound-asr.android.ios.mdx|docs/marketplace/integrate-extensions/legacy/_ximalaya-voice-changer.android.ios.mdx|docs/marketplace/integrate-extensions/legacy/_yitutech-asr.android.ios.mdx|docs/marketplace/integrate-extensions/sensetime-ar.android.ios.mdx,,0,marketplace,android|flutter|ios|windows,convert to Fumadocs include or statically inline after dependency review,ready_for_mapping,medium,,referenced_by_count=16; generated=2026-07-02T10:27:25.467Z
docs/shared/marketplace/processor.mdx,docs/marketplace/create-extensions/audio-filter.javascript.mdx|docs/marketplace/create-extensions/video-filter.javascript.mdx,,0,marketplace,javascript,convert to Fumadocs include or statically inline after dependency review,ready_for_mapping,medium,,referenced_by_count=2; generated=2026-07-02T10:27:25.467Z
docs/shared/marketplace/ticker.mdx,docs/marketplace/create-extensions/audio-filter.javascript.mdx|docs/marketplace/create-extensions/video-filter.javascript.mdx,,0,marketplace,javascript,convert to Fumadocs include or statically inline after dependency review,ready_for_mapping,medium,,referenced_by_count=2; generated=2026-07-02T10:27:25.467Z
docs/shared/marketplace/upgrade-extensions.mdx,docs/marketplace/integrate-extensions/faceunity-ar.android.ios.flutter.mdx|docs/marketplace/integrate-extensions/iflytek-asr.android.ios.windows.mdx|docs/marketplace/integrate-extensions/legacy/.livedata-asr.android.ios.mdx|docs/marketplace/integrate-extensions/legacy/_bytedance-volcengine-ar.android.ios.mdx|docs/marketplace/integrate-extensions/legacy/_databaker-voice-changer.android.ios.mdx|docs/marketplace/integrate-extensions/legacy/_dubbing-voice-changer.android.ios.mdx|docs/marketplace/integrate-extensions/legacy/_fosafer-ar.android.ios.mdx|docs/marketplace/integrate-extensions/legacy/_hteffect-3d-avatar-cn.android.ios.mdx|docs/marketplace/integrate-extensions/legacy/_hteffect-ar.android.ios.mdx|docs/marketplace/integrate-extensions/legacy/_microsoft-asr.android.ios.mdx|docs/marketplace/integrate-extensions/legacy/_tillusory-ar.android.ios.mdx|docs/marketplace/integrate-extensions/legacy/_unisound-asr.android.ios.mdx|docs/marketplace/integrate-extensions/legacy/_ximalaya-voice-changer.android.ios.mdx|docs/marketplace/integrate-extensions/legacy/_yitutech-asr.android.ios.mdx|docs/marketplace/integrate-extensions/sensetime-ar.android.ios.mdx,,0,marketplace,android|flutter|ios|windows,convert to Fumadocs include or statically inline after dependency review,ready_for_mapping,medium,,referenced_by_count=15; generated=2026-07-02T10:27:25.467Z
docs/shared/marketplace/video-moderation-2.mdx,docs/marketplace/integrate-extensions/legacy/_shumei-video-moderation.javascript.mdx|docs/marketplace/integrate-extensions/legacy/_tuputech-video-moderation.javascript.mdx|docs/marketplace/integrate-extensions/legacy/_yitutech-video-moderation.javascript.mdx|docs/marketplace/integrate-extensions/netease-yidun-video-moderation.javascript.mdx,,0,marketplace,javascript,convert to Fumadocs include or statically inline after dependency review,ready_for_mapping,medium,,referenced_by_count=4; generated=2026-07-02T10:27:25.467Z
docs/shared/marketplace/video-moderation-faq-2.mdx,docs/marketplace/integrate-extensions/legacy/_shumei-video-moderation.javascript.mdx|docs/marketplace/integrate-extensions/legacy/_tuputech-video-moderation.javascript.mdx|docs/marketplace/integrate-extensions/legacy/_yitutech-video-moderation.javascript.mdx|docs/marketplace/integrate-extensions/netease-yidun-video-moderation.javascript.mdx,,0,marketplace,javascript,convert to Fumadocs include or statically inline after dependency review,ready_for_mapping,medium,,referenced_by_count=4; generated=2026-07-02T10:27:25.467Z
docs/shared/marketplace/video-moderation-faq.mdx,docs/marketplace/integrate-extensions/legacy/_shumei-video-moderation.android.ios.mdx|docs/marketplace/integrate-extensions/legacy/_tuputech-video-moderation.android.ios.mdx|docs/marketplace/integrate-extensions/legacy/_yitutech-video-moderation.android.ios.mdx|docs/marketplace/integrate-extensions/netease-yidun-video-moderation.android.ios.mdx,,0,marketplace,android|ios,convert to Fumadocs include or statically inline after dependency review,ready_for_mapping,medium,,referenced_by_count=4; generated=2026-07-02T10:27:25.467Z
docs/shared/marketplace/video-moderation.mdx,docs/marketplace/integrate-extensions/legacy/_shumei-video-moderation.android.ios.mdx|docs/marketplace/integrate-extensions/legacy/_tuputech-video-moderation.android.ios.mdx|docs/marketplace/integrate-extensions/legacy/_yitutech-video-moderation.android.ios.mdx|docs/marketplace/integrate-extensions/netease-yidun-video-moderation.android.ios.mdx,,0,marketplace,android|ios,convert to Fumadocs include or statically inline after dependency review,ready_for_mapping,medium,,referenced_by_count=4; generated=2026-07-02T10:27:25.467Z
docs/shared/media-pull/failure-migration.mdx,,,0,media-pull,,convert to Fumadocs include or statically inline after dependency review,needs_review,medium,"No direct references found in scanned source pages; decide whether to migrate as reusable content, archive, or drop.",referenced_by_count=0; generated=2026-07-02T10:27:25.467Z
docs/shared/meeting/base-url.mdx,docs/meeting/api/create-room.restful.mdx|docs/meeting/api/query-recording.restful.mdx,,0,meeting,restful,convert to Fumadocs include or statically inline after dependency review,ready_for_mapping,medium,,referenced_by_count=2; generated=2026-07-02T10:27:25.467Z
docs/shared/meeting/content-type.mdx,docs/meeting/api/create-room.restful.mdx|docs/meeting/get-started/call-api.restful.mdx|docs/meeting/webhook/webhook-events.restful.mdx,,0,meeting,restful,convert to Fumadocs include or statically inline after dependency review,ready_for_mapping,medium,,referenced_by_count=3; generated=2026-07-02T10:27:25.467Z
docs/shared/meeting/header-auth.mdx,docs/meeting/api/create-room.restful.mdx|docs/meeting/api/query-recording.restful.mdx|docs/meeting/get-started/call-api.restful.mdx,,0,meeting,restful,convert to Fumadocs include or statically inline after dependency review,ready_for_mapping,medium,,referenced_by_count=3; generated=2026-07-02T10:27:25.467Z
docs/shared/meeting/integration-core-param.mdx,docs/meeting/get-started/integrate-meeting.android.mdx|docs/meeting/get-started/integrate-meeting.electron.mdx|docs/meeting/get-started/integrate-meeting.ios.mdx,,0,meeting,android|electron|ios,convert to Fumadocs include or statically inline after dependency review,ready_for_mapping,medium,,referenced_by_count=3; generated=2026-07-02T10:27:25.467Z
docs/shared/meeting/path-param.mdx,docs/meeting/api/create-room.restful.mdx|docs/meeting/api/query-recording.restful.mdx,,0,meeting,restful,convert to Fumadocs include or statically inline after dependency review,ready_for_mapping,medium,,referenced_by_count=2; generated=2026-07-02T10:27:25.467Z
docs/shared/meta-world/pre-reqs.mdx,docs/meta-world/get-started/integrate-sdk.android.mdx|docs/meta-world/get-started/run-example.android.mdx,,0,meta-world,android,convert to Fumadocs include or statically inline after dependency review,ready_for_mapping,medium,,referenced_by_count=2; generated=2026-07-02T10:27:25.467Z
docs/shared/one-to-one-live/repo-link.mdx,docs/one-to-one-live/rtm/resources.mdx,,0,one-to-one-live,,convert to Fumadocs include or statically inline after dependency review,ready_for_mapping,medium,,referenced_by_count=1; generated=2026-07-02T10:27:25.467Z
docs/shared/online-ktv/billing.mdx,docs/online-ktv/auikaraoke/overview/billing.mdx|docs/online-ktv/ktv-scenario/overview/billing.mdx|docs/online-ktv/online-ktv-sdk/overview/billing.mdx,,0,online-ktv,,convert to Fumadocs include or statically inline after dependency review,ready_for_mapping,medium,,referenced_by_count=3; generated=2026-07-02T10:27:25.467Z
docs/shared/online-ktv/difference.mdx,docs/online-ktv/auikaraoke/overview/solution-compare.mdx|docs/online-ktv/ktv-scenario/overview/solution-compare.mdx|docs/online-ktv/online-ktv-sdk/overview/solution-compare.mdx,,0,online-ktv,,convert to Fumadocs include or statically inline after dependency review,ready_for_mapping,medium,,referenced_by_count=3; generated=2026-07-02T10:27:25.467Z
docs/shared/online-ktv/lyrics.android.mdx,docs/online-ktv/auikaraoke/api/lyrics-api.android.mdx|docs/online-ktv/ktv-scenario/api/lyrics-api.android.mdx|docs/online-ktv/online-ktv-sdk/api/lyrics-api.android.mdx,,0,online-ktv,android,convert to Fumadocs include or statically inline after dependency review,ready_for_mapping,medium,,referenced_by_count=3; generated=2026-07-02T10:27:25.467Z
docs/shared/online-ktv/lyrics.ios.mdx,docs/online-ktv/auikaraoke/api/lyrics-api.ios.mdx|docs/online-ktv/ktv-scenario/api/lyrics-api.ios.mdx|docs/online-ktv/online-ktv-sdk/api/lyrics-api.ios.mdx,,0,online-ktv,ios,convert to Fumadocs include or statically inline after dependency review,ready_for_mapping,medium,,referenced_by_count=3; generated=2026-07-02T10:27:25.467Z
docs/shared/online-ktv/restful.mdx,docs/online-ktv/ktv-scenario/api/music-content-center.mdx|docs/online-ktv/online-ktv-sdk/api/music-content-center.mdx,,0,online-ktv,,convert to Fumadocs include or statically inline after dependency review,ready_for_mapping,medium,,referenced_by_count=2; generated=2026-07-02T10:27:25.467Z
docs/shared/online-ktv/scoring-android.mdx,docs/online-ktv/auikaraoke/advanced-features/lyrics-scoring.android.mdx|docs/online-ktv/ktv-scenario/advanced-features/lyrics-scoring.android.mdx|docs/online-ktv/online-ktv-sdk/advanced-features/lyrics-scoring.android.mdx,,0,online-ktv,android,convert to Fumadocs include or statically inline after dependency review,ready_for_mapping,medium,,referenced_by_count=3; generated=2026-07-02T10:27:25.467Z
docs/shared/online-ktv/scoring-ios.mdx,docs/online-ktv/auikaraoke/advanced-features/lyrics-scoring.ios.mdx|docs/online-ktv/ktv-scenario/advanced-features/lyrics-scoring.ios.mdx|docs/online-ktv/online-ktv-sdk/advanced-features/lyrics-scoring.ios.mdx,,0,online-ktv,ios,convert to Fumadocs include or statically inline after dependency review,ready_for_mapping,medium,,referenced_by_count=3; generated=2026-07-02T10:27:25.467Z
docs/shared/online-ktv/syncing-android.mdx,docs/online-ktv/auikaraoke/advanced-features/lyrics-syncing.android.mdx|docs/online-ktv/ktv-scenario/advanced-features/lyrics-syncing.android.mdx|docs/online-ktv/online-ktv-sdk/advanced-features/lyrics-syncing.android.mdx,,0,online-ktv,android,convert to Fumadocs include or statically inline after dependency review,ready_for_mapping,medium,,referenced_by_count=3; generated=2026-07-02T10:27:25.467Z
docs/shared/online-ktv/syncing-ios.mdx,docs/online-ktv/auikaraoke/advanced-features/lyrics-syncing.ios.mdx|docs/online-ktv/ktv-scenario/advanced-features/lyrics-syncing.ios.mdx|docs/online-ktv/online-ktv-sdk/advanced-features/lyrics-syncing.ios.mdx,,0,online-ktv,ios,convert to Fumadocs include or statically inline after dependency review,ready_for_mapping,medium,,referenced_by_count=3; generated=2026-07-02T10:27:25.467Z
docs/shared/rtc-server-sdk/error-code.mdx,docs-api-reference/rtc-server-sdk/error-code.mdx|docs/rtc-server-sdk/error-code.mdx,,0,rtc-server-sdk,,convert to Fumadocs include or statically inline after dependency review,ready_for_mapping,medium,,referenced_by_count=2; generated=2026-07-02T10:27:25.467Z
docs/shared/rtc/advanced-beauty-intro.mdx,docs/rtc/advanced-features/advanced-beauty-legacy.android.mdx|docs/rtc/advanced-features/advanced-beauty-legacy.ios.macos.mdx|docs/rtc/advanced-features/advanced-beauty-legacy.windows.mdx,,0,rtc,android|ios|macos|windows,convert to Fumadocs include or statically inline after dependency review,ready_for_mapping,medium,,referenced_by_count=3; generated=2026-07-02T10:27:25.467Z
docs/shared/rtc/alpha-intro.mdx,docs/rtc/best-practice/alpha-effect.android.ios.macos.windows.mdx|docs/rtc/best-practice/alpha-effect.rn.mdx,,0,rtc,android|ios|macos|rn|windows,convert to Fumadocs include or statically inline after dependency review,ready_for_mapping,medium,,referenced_by_count=2; generated=2026-07-02T10:27:25.467Z
docs/shared/rtc/apiexamples.mdx,docs/rtc/resources.electron.mdx|docs/rtc/resources.javascript.mdx|docs/rtc/resources.mini-program.mdx|docs/rtc/resources.rn.mdx,,0,rtc,electron|javascript|mini-program|rn,convert to Fumadocs include or statically inline after dependency review,ready_for_mapping,medium,,referenced_by_count=4; generated=2026-07-02T10:27:25.467Z
docs/shared/rtc/audio-call-tech.mdx,docs/rtc/basic-features/audio-quick-start.android.mdx|docs/rtc/basic-features/audio-quick-start.electron.mdx|docs/rtc/basic-features/audio-quick-start.flutter.mdx|docs/rtc/basic-features/audio-quick-start.harmonyos.mdx|docs/rtc/basic-features/audio-quick-start.ios.mdx|docs/rtc/basic-features/audio-quick-start.rn.mdx|docs/rtc/basic-features/audio-quick-start.unity.mdx|docs/rtc/basic-features/audio-quick-start.unreal-blueprint.mdx|docs/rtc/basic-features/audio-quick-start.unreal-cpp.mdx|docs/rtc/basic-features/audio-quick-start.windows.mdx,,0,rtc,android|electron|flutter|harmonyos|ios|rn|unity|unreal-blueprint|unreal-cpp|windows,convert to Fumadocs include or statically inline after dependency review,ready_for_mapping,medium,,referenced_by_count=10; generated=2026-07-02T10:27:25.467Z
docs/shared/rtc/basic-token.mdx,docs/recording/user-guides/generate-token.mdx|docs/rtc/basic-features/token-authentication.android.mdx|docs/rtc/basic-features/token-authentication.harmonyos.mdx|docs/rtc/basic-features/token-authentication.ios.macos.mdx|docs/rtc/basic-features/token-authentication.javascript.mdx|docs/rtc/basic-features/token-authentication.mini-program.mdx|docs/rtc/basic-features/token-authentication.windows.unreal-cpp.unreal-blueprint.mdx,,0,recording|rtc,android|harmonyos|ios|javascript|macos|mini-program|unreal-blueprint|unreal-cpp|windows,convert to Fumadocs include or statically inline after dependency review,ready_for_mapping,medium,,referenced_by_count=7; generated=2026-07-02T10:27:25.467Z
docs/shared/rtc/billing-advanced.mdx,docs/rtc/billing/billing-strategy.mdx|docs/rtc/billing/old/billing-strategy-old.mdx,,0,rtc,,convert to Fumadocs include or statically inline after dependency review,ready_for_mapping,medium,,referenced_by_count=2; generated=2026-07-02T10:27:25.467Z
docs/shared/rtc/call-tech.mdx,docs/agora-product/get-started/quick-start-framework.mdx|docs/agora-product/get-started/quick-start-native.mdx|docs/rtc/basic-features/audio-quick-start.macos.mdx|docs/rtc/get-started/quick-start-expo.rn.mdx|docs/rtc/get-started/quick-start.android.mdx|docs/rtc/get-started/quick-start.electron.mdx|docs/rtc/get-started/quick-start.flutter.mdx|docs/rtc/get-started/quick-start.harmonyos.mdx|docs/rtc/get-started/quick-start.ios.mdx|docs/rtc/get-started/quick-start.javascript.mdx|docs/rtc/get-started/quick-start.macos.mdx|docs/rtc/get-started/quick-start.rn.mdx|docs/rtc/get-started/quick-start.unity.mdx|docs/rtc/get-started/quick-start.unreal-blueprint.mdx|docs/rtc/get-started/quick-start.unreal-cpp.mdx|docs/rtc/get-started/quick-start.windows.mdx,,0,agora-product|rtc,android|electron|flutter|harmonyos|ios|javascript|macos|rn|unity|unreal-blueprint|unreal-cpp|windows,convert to Fumadocs include or statically inline after dependency review,ready_for_mapping,medium,,referenced_by_count=16; generated=2026-07-02T10:27:25.467Z
docs/shared/rtc/error-code.mdx,docs-api-reference/rtc/error-code.mdx|docs/rtc/error-code.mdx,,0,rtc,,convert to Fumadocs include or statically inline after dependency review,ready_for_mapping,medium,,referenced_by_count=2; generated=2026-07-02T10:27:25.467Z
docs/shared/rtc/extension-details.mdx,docs/rtc/best-practice/reduce-app-size.android.ios.macos.windows.electron.mdx|docs/rtc/best-practice/reduce-app-size.rn.flutter.mdx|docs/rtc/best-practice/reduce-app-size.unity.mdx,,0,rtc,android|electron|flutter|ios|macos|rn|unity|windows,convert to Fumadocs include or statically inline after dependency review,ready_for_mapping,medium,,referenced_by_count=3; generated=2026-07-02T10:27:25.467Z
docs/shared/rtc/extension-tech-web.mdx,docs/rtc/advanced-features/extensions/_noise-reduction.javascript.mdx|docs/rtc/advanced-features/extensions/image-enhancement.javascript.mdx|docs/rtc/advanced-features/extensions/noise-reduction.javascript.mdx|docs/rtc/advanced-features/extensions/overview.mdx|docs/rtc/advanced-features/extensions/super-clarity.javascript.mdx|docs/rtc/advanced-features/extensions/virtual-background.javascript.mdx|docs/rtc/advanced-features/extensions/voice-activity-detection.javascript.mdx|docs/rtc/advanced-features/extensions/watermark.javascript.mdx,,0,rtc,javascript,convert to Fumadocs include or statically inline after dependency review,ready_for_mapping,medium,,referenced_by_count=8; generated=2026-07-02T10:27:25.467Z
docs/shared/rtc/face-capture-intro.mdx,docs/rtc/advanced-features/face-capture.android.mdx|docs/rtc/advanced-features/face-capture.ios.macos.mdx|docs/rtc/advanced-features/face-capture.windows.mdx,,0,rtc,android|ios|macos|windows,convert to Fumadocs include or statically inline after dependency review,ready_for_mapping,medium,,referenced_by_count=3; generated=2026-07-02T10:27:25.467Z
docs/shared/rtc/impl-cocoapods.mdx,docs/multi-usecase/non-scenario-based/resources.mdx|docs/multi-usecase/scenario-based/resources.mdx|docs/multi-usecase/ui-solution/resources.mdx|docs/rtc/get-started/quick-start.ios.mdx|docs/rtc/get-started/quick-start.macos.mdx,,0,multi-usecase|rtc,ios|macos,convert to Fumadocs include or statically inline after dependency review,ready_for_mapping,medium,,referenced_by_count=5; generated=2026-07-02T10:27:25.467Z
docs/shared/rtc/impl-manual-apple.mdx,docs/rtc/get-started/quick-start.ios.mdx|docs/rtc/get-started/quick-start.macos.mdx,,0,rtc,ios|macos,convert to Fumadocs include or statically inline after dependency review,ready_for_mapping,medium,,referenced_by_count=2; generated=2026-07-02T10:27:25.467Z
docs/shared/rtc/ls-tech.mdx,docs/rtc/basic-features/ls-quick-start.android.mdx|docs/rtc/basic-features/ls-quick-start.electron.mdx|docs/rtc/basic-features/ls-quick-start.flutter.mdx|docs/rtc/basic-features/ls-quick-start.harmonyos.mdx|docs/rtc/basic-features/ls-quick-start.ios.macos.mdx|docs/rtc/basic-features/ls-quick-start.javascript.mdx|docs/rtc/basic-features/ls-quick-start.rn.mdx|docs/rtc/basic-features/ls-quick-start.unity.mdx|docs/rtc/basic-features/ls-quick-start.unreal-blueprint.mdx|docs/rtc/basic-features/ls-quick-start.unreal-cpp.mdx|docs/rtc/basic-features/ls-quick-start.windows.mdx,,0,rtc,android|electron|flutter|harmonyos|ios|javascript|macos|rn|unity|unreal-blueprint|unreal-cpp|windows,convert to Fumadocs include or statically inline after dependency review,ready_for_mapping,medium,,referenced_by_count=11; generated=2026-07-02T10:27:25.467Z
docs/shared/rtc/mosvalue.mdx,docs/rtc/advanced-features/in-call-quality.android.mdx|docs/rtc/advanced-features/in-call-quality.ios.macos.mdx|docs/rtc/advanced-features/in-call-quality.windows.mdx,,0,rtc,android|ios|macos|windows,convert to Fumadocs include or statically inline after dependency review,ready_for_mapping,medium,,referenced_by_count=3; generated=2026-07-02T10:27:25.467Z
docs/shared/rtc/new-beauty-intro.mdx,docs/rtc/advanced-features/advanced-beauty-460.windows.android.ios.macos.mdx,,0,rtc,android|ios|macos|windows,convert to Fumadocs include or statically inline after dependency review,ready_for_mapping,medium,,referenced_by_count=1; generated=2026-07-02T10:27:25.467Z
docs/shared/rtc/privilege-token.mdx,docs/rtc/basic-features/token-authentication.android.mdx|docs/rtc/basic-features/token-authentication.harmonyos.mdx|docs/rtc/basic-features/token-authentication.ios.macos.mdx|docs/rtc/basic-features/token-authentication.javascript.mdx|docs/rtc/basic-features/token-authentication.windows.unreal-cpp.unreal-blueprint.mdx,,0,rtc,android|harmonyos|ios|javascript|macos|unreal-blueprint|unreal-cpp|windows,convert to Fumadocs include or statically inline after dependency review,ready_for_mapping,medium,,referenced_by_count=5; generated=2026-07-02T10:27:25.467Z
docs/shared/rtc/quick-start-pre-reqs.mdx,docs/agora-product/get-started/quick-start-native.mdx|docs/rtc/basic-features/audio-quick-start.android.mdx|docs/rtc/basic-features/audio-quick-start.flutter.mdx|docs/rtc/basic-features/audio-quick-start.harmonyos.mdx|docs/rtc/basic-features/audio-quick-start.ios.mdx|docs/rtc/basic-features/audio-quick-start.macos.mdx|docs/rtc/basic-features/audio-quick-start.windows.mdx|docs/rtc/get-started/quick-start.android.mdx|docs/rtc/get-started/quick-start.harmonyos.mdx|docs/rtc/get-started/quick-start.ios.mdx|docs/rtc/get-started/quick-start.macos.mdx|docs/rtc/get-started/quick-start.windows.mdx,,0,agora-product|rtc,android|flutter|harmonyos|ios|macos|windows,convert to Fumadocs include or statically inline after dependency review,ready_for_mapping,medium,,referenced_by_count=12; generated=2026-07-02T10:27:25.467Z
docs/shared/rtc/quick-start-preq-electron.mdx,docs/rtc/basic-features/audio-quick-start.electron.mdx|docs/rtc/basic-features/ls-quick-start.electron.mdx|docs/rtc/get-started/quick-start.electron.mdx,,0,rtc,electron,convert to Fumadocs include or statically inline after dependency review,ready_for_mapping,medium,,referenced_by_count=3; generated=2026-07-02T10:27:25.467Z
docs/shared/rtc/quick-start-preq-expo.mdx,docs/rtc/get-started/quick-start-expo.rn.mdx,,0,rtc,rn,convert to Fumadocs include or statically inline after dependency review,ready_for_mapping,medium,,referenced_by_count=1; generated=2026-07-02T10:27:25.467Z
docs/shared/rtc/quick-start-preq-flutter.mdx,docs/rtc/get-started/quick-start.flutter.mdx,,0,rtc,flutter,convert to Fumadocs include or statically inline after dependency review,ready_for_mapping,medium,,referenced_by_count=1; generated=2026-07-02T10:27:25.467Z
docs/shared/rtc/quick-start-preq-rn.mdx,docs/rtc/basic-features/audio-quick-start.rn.mdx|docs/rtc/get-started/quick-start.rn.mdx,,0,rtc,rn,convert to Fumadocs include or statically inline after dependency review,ready_for_mapping,medium,,referenced_by_count=2; generated=2026-07-02T10:27:25.467Z
docs/shared/rtc/quick-start-preq-unreal.mdx,docs/game-voice/get-started/run-example.unreal-cpp.mdx|docs/rtc/basic-features/audio-quick-start.unreal-blueprint.mdx|docs/rtc/basic-features/audio-quick-start.unreal-cpp.mdx|docs/rtc/get-started/quick-start.unreal-blueprint.mdx|docs/rtc/get-started/quick-start.unreal-cpp.mdx|docs/rtc/get-started/run-demo.unreal-blueprint.mdx|docs/rtc/get-started/run-demo.unreal-cpp.mdx,,0,game-voice|rtc,unreal-blueprint|unreal-cpp,convert to Fumadocs include or statically inline after dependency review,ready_for_mapping,medium,,referenced_by_count=7; generated=2026-07-02T10:27:25.467Z
docs/shared/rtc/quick-start-reference.mdx,docs/rtc/basic-features/audio-quick-start.unity.mdx|docs/rtc/basic-features/audio-quick-start.windows.mdx|docs/rtc/get-started/quick-start.windows.mdx,,0,rtc,unity|windows,convert to Fumadocs include or statically inline after dependency review,ready_for_mapping,medium,,referenced_by_count=3; generated=2026-07-02T10:27:25.467Z
docs/shared/rtc/region-tech.mdx,docs/rtc/advanced-features/region.android.mdx|docs/rtc/advanced-features/region.harmonyos.mdx|docs/rtc/advanced-features/region.javascript.mdx|docs/rtc/advanced-features/region.macos.ios.mdx|docs/rtc/advanced-features/region.unity.mdx|docs/rtc/advanced-features/region.windows.mdx,,0,rtc,android|harmonyos|ios|javascript|macos|unity|windows,convert to Fumadocs include or statically inline after dependency review,ready_for_mapping,medium,,referenced_by_count=6; generated=2026-07-02T10:27:25.467Z
docs/shared/rtc/run-demo-pre.mdx,docs/rtc/get-started/run-demo.ios.mdx|docs/rtc/get-started/run-demo.macos.mdx,,0,rtc,ios|macos,convert to Fumadocs include or statically inline after dependency review,ready_for_mapping,medium,,referenced_by_count=2; generated=2026-07-02T10:27:25.467Z
docs/shared/rtc/screen-share-desc.mdx,docs/rtc/basic-features/screen-share.android.mdx|docs/rtc/basic-features/screen-share.electron.mdx|docs/rtc/basic-features/screen-share.flutter.mdx|docs/rtc/basic-features/screen-share.harmonyos.mdx|docs/rtc/basic-features/screen-share.ios.mdx|docs/rtc/basic-features/screen-share.macos.mdx|docs/rtc/basic-features/screen-share.rn.mdx|docs/rtc/basic-features/screen-share.unity.mdx|docs/rtc/basic-features/screen-share.unreal-blueprint.mdx|docs/rtc/basic-features/screen-share.windows.unreal-cpp.mdx,,0,rtc,android|electron|flutter|harmonyos|ios|macos|rn|unity|unreal-blueprint|unreal-cpp|windows,convert to Fumadocs include or statically inline after dependency review,ready_for_mapping,medium,,referenced_by_count=10; generated=2026-07-02T10:27:25.467Z
docs/shared/rtc/screen-share-intro.mdx,docs/rtc/basic-features/screen-share.android.mdx|docs/rtc/basic-features/screen-share.electron.mdx|docs/rtc/basic-features/screen-share.flutter.mdx|docs/rtc/basic-features/screen-share.harmonyos.mdx|docs/rtc/basic-features/screen-share.ios.mdx|docs/rtc/basic-features/screen-share.macos.mdx|docs/rtc/basic-features/screen-share.rn.mdx|docs/rtc/basic-features/screen-share.unity.mdx|docs/rtc/basic-features/screen-share.unreal-blueprint.mdx|docs/rtc/basic-features/screen-share.windows.unreal-cpp.mdx,,0,rtc,android|electron|flutter|harmonyos|ios|macos|rn|unity|unreal-blueprint|unreal-cpp|windows,convert to Fumadocs include or statically inline after dependency review,ready_for_mapping,medium,,referenced_by_count=10; generated=2026-07-02T10:27:25.467Z
docs/shared/rtc/spatial-audio-intro.mdx,docs/rtc/advanced-features/spatial-audio.android.mdx|docs/rtc/advanced-features/spatial-audio.macos.ios.mdx|docs/rtc/advanced-features/spatial-audio.rn.electron.mdx|docs/rtc/advanced-features/spatial-audio.windows.mdx|docs/shared/rtcandgame/spatial-audio-unity.mdx,,0,rtc|rtcandgame,android|electron|ios|macos|rn|windows,convert to Fumadocs include or statically inline after dependency review,ready_for_mapping,medium,,referenced_by_count=5; generated=2026-07-02T10:27:25.467Z
docs/shared/rtc/supported-format.mdx,docs/rtc/advanced-features/media-player.android.mdx|docs/rtc/advanced-features/media-player.ios.macos.mdx|docs/rtc/advanced-features/media-player.unity.mdx|docs/rtc/advanced-features/media-player.windows.mdx,,0,rtc,android|ios|macos|unity|windows,convert to Fumadocs include or statically inline after dependency review,ready_for_mapping,medium,,referenced_by_count=4; generated=2026-07-02T10:27:25.467Z
docs/shared/rtc/token-ref.mdx,docs/rtc/basic-features/token-authentication.android.mdx|docs/rtc/basic-features/token-authentication.ios.macos.mdx|docs/rtc/basic-features/token-authentication.windows.unreal-cpp.unreal-blueprint.mdx,,0,rtc,android|ios|macos|unreal-blueprint|unreal-cpp|windows,convert to Fumadocs include or statically inline after dependency review,ready_for_mapping,medium,,referenced_by_count=3; generated=2026-07-02T10:27:25.467Z
docs/shared/rtc/video-processing-intro.mdx,docs/rtc/advanced-features/video-processing.android.mdx|docs/rtc/advanced-features/video-processing.ios.macos.mdx|docs/rtc/advanced-features/video-processing.windows.mdx,,0,rtc,android|ios|macos|windows,convert to Fumadocs include or statically inline after dependency review,ready_for_mapping,medium,,referenced_by_count=3; generated=2026-07-02T10:27:25.467Z
docs/shared/rtc/video-profile-info.mdx,docs/rtc/basic-features/video-profile.android.mdx|docs/rtc/basic-features/video-profile.electron.rn.mdx|docs/rtc/basic-features/video-profile.flutter.mdx|docs/rtc/basic-features/video-profile.harmonyos.mdx|docs/rtc/basic-features/video-profile.ios.macos.mdx|docs/rtc/basic-features/video-profile.unity.mdx|docs/rtc/basic-features/video-profile.unreal-blueprint.mdx|docs/rtc/basic-features/video-profile.windows.unreal-cpp.mdx,,0,rtc,android|electron|flutter|harmonyos|ios|macos|rn|unity|unreal-blueprint|unreal-cpp|windows,convert to Fumadocs include or statically inline after dependency review,ready_for_mapping,medium,,referenced_by_count=8; generated=2026-07-02T10:27:25.467Z
docs/shared/rtc/voice-changer-intro.mdx,docs/rtc/advanced-features/voice-changer.android.mdx|docs/rtc/advanced-features/voice-changer.electron.rn.mdx|docs/rtc/advanced-features/voice-changer.ios.macos.mdx|docs/rtc/advanced-features/voice-changer.unity.mdx|docs/rtc/advanced-features/voice-changer.windows.mdx,,0,rtc,android|electron|ios|macos|rn|unity|windows,convert to Fumadocs include or statically inline after dependency review,ready_for_mapping,medium,,referenced_by_count=5; generated=2026-07-02T10:27:25.467Z
docs/shared/rtcandgame/spatial-audio-unity.mdx,docs/game-voice/user-guides/spatial-audio-sdk.unity.mdx|docs/rtc/advanced-features/spatial-audio.unity.mdx,docs/shared/rtc/spatial-audio-intro.mdx,1,game-voice|rtc,unity,convert to Fumadocs include or statically inline after dependency review,needs_review,high,Nested shared dependencies require include-depth review and static expansion decision.,referenced_by_count=2; generated=2026-07-02T10:27:25.467Z
docs/shared/rtsc/enable-ncs-body.mdx,docs/cloud-recording/webhook/enable-ncs.mdx|docs/cloud-transcoder/webhook/enable-event-notification.mdx|docs/media-pull/webhook/enable-event-notification.mdx|docs/media-push/webhook/enable-ncs.mdx|docs/rtmp-gateway/webhook/enable-ncs.mdx,,0,cloud-recording|cloud-transcoder|media-pull|media-push|rtmp-gateway,,convert to Fumadocs include or statically inline after dependency review,ready_for_mapping,medium,,referenced_by_count=5; generated=2026-07-02T10:27:25.467Z
docs/shared/rtsc/enable-ncs-prerequisite-v1.mdx,docs/cloud-transcoder/webhook/enable-event-notification.mdx|docs/media-pull/webhook/enable-event-notification.mdx|docs/media-push/webhook/enable-ncs.mdx|docs/rtmp-gateway/webhook/enable-ncs.mdx,,0,cloud-transcoder|media-pull|media-push|rtmp-gateway,,convert to Fumadocs include or statically inline after dependency review,ready_for_mapping,medium,,referenced_by_count=4; generated=2026-07-02T10:27:25.467Z
docs/shared/rtsc/enable-ncs-prerequisite-v2.mdx,docs/cloud-recording/webhook/enable-ncs.mdx,,0,cloud-recording,,convert to Fumadocs include or statically inline after dependency review,ready_for_mapping,medium,,referenced_by_count=1; generated=2026-07-02T10:27:25.467Z
docs/shared/rtsc/enable-ncs-v1-0.mdx,docs/cloud-recording/webhook/enable-ncs.mdx|docs/cloud-transcoder/webhook/enable-event-notification.mdx|docs/media-pull/webhook/enable-event-notification.mdx|docs/media-push/webhook/enable-ncs.mdx|docs/rtmp-gateway/webhook/enable-ncs.mdx,,0,cloud-recording|cloud-transcoder|media-pull|media-push|rtmp-gateway,,convert to Fumadocs include or statically inline after dependency review,ready_for_mapping,medium,,referenced_by_count=5; generated=2026-07-02T10:27:25.467Z
docs/shared/rtsc/enable-ncs-v1-1-support.mdx,docs/cloud-transcoder/webhook/enable-event-notification.mdx,,0,cloud-transcoder,,convert to Fumadocs include or statically inline after dependency review,ready_for_mapping,medium,,referenced_by_count=1; generated=2026-07-02T10:27:25.467Z
docs/shared/rtsc/enable-ncs-v1-1.mdx,docs/cloud-recording/webhook/enable-ncs.mdx|docs/media-pull/webhook/enable-event-notification.mdx|docs/media-push/webhook/enable-ncs.mdx|docs/rtmp-gateway/webhook/enable-ncs.mdx,,0,cloud-recording|media-pull|media-push|rtmp-gateway,,convert to Fumadocs include or statically inline after dependency review,ready_for_mapping,medium,,referenced_by_count=4; generated=2026-07-02T10:27:25.467Z
docs/shared/rtsc/enable-ncs-v1-2.mdx,docs/cloud-recording/webhook/enable-ncs.mdx|docs/cloud-transcoder/webhook/enable-event-notification.mdx|docs/media-pull/webhook/enable-event-notification.mdx|docs/media-push/webhook/enable-ncs.mdx|docs/rtmp-gateway/webhook/enable-ncs.mdx,,0,cloud-recording|cloud-transcoder|media-pull|media-push|rtmp-gateway,,convert to Fumadocs include or statically inline after dependency review,ready_for_mapping,medium,,referenced_by_count=5; generated=2026-07-02T10:27:25.467Z
docs/shared/rtsc/purchase-package.mdx,docs/cloud-recording/overview/billing-strategy/payment.mdx|docs/media-pull/overview/payment.mdx|docs/media-push/overview/payment.mdx|docs/recording/overview/payment.mdx|docs/rtmp-gateway/overview/payment.mdx,,0,cloud-recording|media-pull|media-push|recording|rtmp-gateway,,convert to Fumadocs include or statically inline after dependency review,ready_for_mapping,medium,,referenced_by_count=5; generated=2026-07-02T10:27:25.467Z
docs/shared/rtsc/rtsc-package.mdx,docs/cloud-recording/overview/billing-strategy/payment.mdx|docs/media-pull/overview/payment.mdx|docs/media-push/overview/payment.mdx|docs/recording/overview/payment.mdx|docs/rtmp-gateway/overview/payment.mdx,,0,cloud-recording|media-pull|media-push|recording|rtmp-gateway,,convert to Fumadocs include or statically inline after dependency review,ready_for_mapping,medium,,referenced_by_count=5; generated=2026-07-02T10:27:25.467Z
docs/shared/rtsc/switch-domain.mdx,docs/agora-product/best-practices/rest-availability.restful.mdx|docs/cloud-transcoder/best-practices/rest-availability.mdx|docs/media-pull/best-practices/rest-availability.mdx|docs/media-push/best-practices/rest-availability.mdx|docs/rtmp-gateway/best-practices/rest-availability.mdx|shared/rtsa/license.mdx,,0,agora-product|cloud-transcoder|media-pull|media-push|rtmp-gateway|rtsa,restful,convert to Fumadocs include or statically inline after dependency review,ready_for_mapping,medium,,referenced_by_count=6; generated=2026-07-02T10:27:25.467Z
docs/shared/rtsc/video-profile-1080-full.mdx,docs/cloud-recording/api/reference.mdx,,0,cloud-recording,,convert to Fumadocs include or statically inline after dependency review,ready_for_mapping,medium,,referenced_by_count=1; generated=2026-07-02T10:27:25.467Z
docs/shared/rtsc/video-profile-1080.mdx,docs/cloud-transcoder/api/video-profile.mdx|docs/media-pull/api/video-profile.mdx,,0,cloud-transcoder|media-pull,,convert to Fumadocs include or statically inline after dependency review,ready_for_mapping,medium,,referenced_by_count=2; generated=2026-07-02T10:27:25.467Z
docs/shared/rtsc/video-profile-720.mdx,docs/media-push/api/video-profile.mdx,,0,media-push,,convert to Fumadocs include or statically inline after dependency review,ready_for_mapping,medium,,referenced_by_count=1; generated=2026-07-02T10:27:25.467Z
docs/shared/showroom/audio-scenario-1v1-api.mdx,docs/shared/showroom/audio-scenario.mdx,,0,showroom,,convert to Fumadocs include or statically inline after dependency review,ready_for_mapping,medium,,referenced_by_count=1; generated=2026-07-02T10:27:25.467Z
docs/shared/showroom/audio-scenario-show-api.mdx,docs/shared/showroom/audio-scenario.mdx,,0,showroom,,convert to Fumadocs include or statically inline after dependency review,ready_for_mapping,medium,,referenced_by_count=1; generated=2026-07-02T10:27:25.467Z
docs/shared/showroom/audio-scenario.mdx,docs/one-to-one-live/custom-signaling/advanced-features/audio-scenario.mdx|docs/one-to-one-live/rtm/advanced-features/audio-scenario.mdx|docs/showroom/advanced-features/audio-scenario.mdx,docs/shared/showroom/audio-scenario-1v1-api.mdx|docs/shared/showroom/audio-scenario-show-api.mdx,1,one-to-one-live|showroom,,convert to Fumadocs include or statically inline after dependency review,needs_review,high,Nested shared dependencies require include-depth review and static expansion decision.,referenced_by_count=3; generated=2026-07-02T10:27:25.467Z
docs/shared/showroom/basic-github.mdx,docs/agora-product/get-started/integrate-showroom.android.mdx|docs/showroom/basic-features/integrate-showroom.android.mdx|docs/showroom/basic-features/integrate-showroom.ios.mdx|docs/showroom/get-started/run-example.android.mdx|docs/showroom/get-started/run-example.ios.mdx,,0,agora-product|showroom,android|ios,convert to Fumadocs include or statically inline after dependency review,ready_for_mapping,medium,,referenced_by_count=5; generated=2026-07-02T10:27:25.467Z
docs/shared/showroom/beauty-github.mdx,docs/showroom/advanced-features/beauty/bytedance/integrate.android.mdx|docs/showroom/advanced-features/beauty/bytedance/integrate.ios.mdx|docs/showroom/advanced-features/beauty/bytedance/run-project.android.mdx|docs/showroom/advanced-features/beauty/bytedance/run-project.ios.mdx|docs/showroom/advanced-features/beauty/faceunity/integrate.android.mdx|docs/showroom/advanced-features/beauty/faceunity/integrate.ios.mdx|docs/showroom/advanced-features/beauty/faceunity/run-project.android.mdx|docs/showroom/advanced-features/beauty/faceunity/run-project.ios.mdx|docs/showroom/advanced-features/beauty/sensetime/integrate.android.mdx|docs/showroom/advanced-features/beauty/sensetime/integrate.ios.mdx|docs/showroom/advanced-features/beauty/sensetime/run-project.android.mdx|docs/showroom/advanced-features/beauty/sensetime/run-project.ios.mdx,,0,showroom,android|ios,convert to Fumadocs include or statically inline after dependency review,ready_for_mapping,medium,,referenced_by_count=12; generated=2026-07-02T10:27:25.467Z
docs/shared/showroom/check-point-api.mdx,docs/showroom/basic-features/integrate-check-point.mdx,,0,showroom,,convert to Fumadocs include or statically inline after dependency review,ready_for_mapping,medium,,referenced_by_count=1; generated=2026-07-02T10:27:25.467Z
docs/shared/showroom/use-case-logic.mdx,docs/agora-product/get-started/integrate-showroom.android.mdx|docs/showroom/basic-features/integrate-showroom.android.mdx|docs/showroom/basic-features/integrate-showroom.ios.mdx,,0,agora-product|showroom,android|ios,convert to Fumadocs include or statically inline after dependency review,ready_for_mapping,medium,,referenced_by_count=3; generated=2026-07-02T10:27:25.467Z
docs/shared/showroom/video-loader-github.mdx,docs/showroom/advanced-features/video-loader/integrate.android.mdx|docs/showroom/advanced-features/video-loader/integrate.ios.mdx|docs/showroom/advanced-features/video-loader/run-project.android.mdx|docs/showroom/advanced-features/video-loader/run-project.ios.mdx,,0,showroom,android|ios,convert to Fumadocs include or statically inline after dependency review,ready_for_mapping,medium,,referenced_by_count=4; generated=2026-07-02T10:27:25.467Z
docs/shared/speech-to-text/prerequisites.mdx,docs/speech-to-text/get-started/quick-start.mdx|docs/speech-to-text/user-guides/encrypt-captions.mdx|docs/speech-to-text/user-guides/record-captions.mdx|docs/speech-to-text/user-guides/transcribe-specified-hosts.mdx|docs/speech-to-text/user-guides/translation.mdx|docs/speech-to-text/user-guides/update-service.mdx,,0,speech-to-text,,convert to Fumadocs include or statically inline after dependency review,ready_for_mapping,medium,,referenced_by_count=6; generated=2026-07-02T10:27:25.467Z
docs/shared/teleoperation/linux-environment.mdx,docs/teleoperation/get-started/run-example.mdx,,0,teleoperation,,convert to Fumadocs include or statically inline after dependency review,ready_for_mapping,medium,,referenced_by_count=1; generated=2026-07-02T10:27:25.467Z
docs/shared/use-case/preq-run-android.mdx,docs/chatroom/uikit/get-started/run-github-project.android.mdx,,0,chatroom,android,convert to Fumadocs include or statically inline after dependency review,ready_for_mapping,medium,,referenced_by_count=1; generated=2026-07-02T10:27:25.467Z
docs/shared/whiteboard/advanced-features/_convert-files.mdx,,,0,whiteboard,,convert to Fumadocs include or statically inline after dependency review,needs_review,medium,"No direct references found in scanned source pages; decide whether to migrate as reusable content, archive, or drop.",referenced_by_count=0; generated=2026-07-02T10:27:25.467Z
docs/shared/whiteboard/basic-features/_generate-token.mdx,,,0,whiteboard,,convert to Fumadocs include or statically inline after dependency review,needs_review,medium,"No direct references found in scanned source pages; decide whether to migrate as reusable content, archive, or drop.",referenced_by_count=0; generated=2026-07-02T10:27:25.467Z
docs/shared/whiteboard/get-started/_enable-service.mdx,,docs/shared/common/create-agora-project.mdx|docs/shared/common/get-app-id.mdx|docs/shared/common/get-temp-token.mdx|docs/shared/common/login-console.mdx,1,whiteboard,,convert to Fumadocs include or statically inline after dependency review,needs_review,medium,"No direct references found in scanned source pages; decide whether to migrate as reusable content, archive, or drop.",referenced_by_count=0; generated=2026-07-02T10:27:25.467Z
docs/shared/whiteboard/get-started/_migrate-from-netless.mdx,docs/whiteboard/fastboard-sdk/get-started/migrate-from-netless.javascript.android.ios.mdx|docs/whiteboard/whiteboard-sdk/get-started/migrate-from-netless.javascript.android.ios.mdx,,0,whiteboard,android|ios|javascript,convert to Fumadocs include or statically inline after dependency review,ready_for_mapping,medium,,referenced_by_count=2; generated=2026-07-02T10:27:25.467Z
docs/shared/whiteboard/get-started/_understand-the-tech.mdx,docs/whiteboard/fastboard-sdk/get-started/join-room-fb.android.mdx|docs/whiteboard/fastboard-sdk/get-started/join-room-fb.ios.mdx|docs/whiteboard/fastboard-sdk/get-started/join-room-fb.javascript.mdx|docs/whiteboard/whiteboard-sdk/get-started/join-room-wb.android.mdx|docs/whiteboard/whiteboard-sdk/get-started/join-room-wb.ios.mdx|docs/whiteboard/whiteboard-sdk/get-started/join-room-wb.javascript.mdx,,0,whiteboard,android|ios|javascript,convert to Fumadocs include or statically inline after dependency review,ready_for_mapping,medium,,referenced_by_count=6; generated=2026-07-02T10:27:25.467Z
docs/shared/whiteboard/overview/_concept.mdx,docs/whiteboard/whiteboard-sdk/overview/concepts.mdx,,0,whiteboard,,convert to Fumadocs include or statically inline after dependency review,ready_for_mapping,medium,,referenced_by_count=1; generated=2026-07-02T10:27:25.467Z
shared/cloud-recording/pcw.mdx,shared/cloud-recording/quota-information.mdx,shared/common/resolution.mdx,1,cloud-recording,,convert to Fumadocs include or statically inline after dependency review,needs_review,high,Nested shared dependencies require include-depth review and static expansion decision.,referenced_by_count=1; generated=2026-07-02T10:27:25.467Z
shared/cloud-recording/qps.mdx,shared/cloud-recording/quota-information.mdx,,0,cloud-recording,,convert to Fumadocs include or statically inline after dependency review,ready_for_mapping,medium,,referenced_by_count=1; generated=2026-07-02T10:27:25.467Z
shared/cloud-recording/quota-information.mdx,docs/cloud-recording/quota.mdx,shared/cloud-recording/pcw.mdx|shared/cloud-recording/qps.mdx|shared/cloud-recording/stream-number-limit.mdx|shared/common/increase-quota-limit.mdx,2,cloud-recording,,convert to Fumadocs include or statically inline after dependency review,needs_review,high,Nested shared dependencies require include-depth review and static expansion decision.,referenced_by_count=1; generated=2026-07-02T10:27:25.467Z
shared/cloud-recording/stream-number-limit.mdx,shared/cloud-recording/quota-information.mdx,,0,cloud-recording,,convert to Fumadocs include or statically inline after dependency review,ready_for_mapping,medium,,referenced_by_count=1; generated=2026-07-02T10:27:25.467Z
shared/common/increase-quota-limit.mdx,docs/cloud-transcoder/quota.mdx|docs/media-pull/quota.mdx|shared/cloud-recording/quota-information.mdx,,0,cloud-recording|cloud-transcoder|media-pull,,convert to Fumadocs include or statically inline after dependency review,ready_for_mapping,medium,,referenced_by_count=3; generated=2026-07-02T10:27:25.467Z
shared/common/resolution.mdx,docs/agora-product/overview/product-overview.mdx|docs/agora-product/quota.restful.mdx|docs/cloud-transcoder/quota.mdx|docs/fusion-cdn/quota.mdx|docs/rtc/overview/product-overview.harmonyos.mdx|docs/rtc/overview/product-overview.mdx|shared/cloud-recording/pcw.mdx,,0,agora-product|cloud-recording|cloud-transcoder|fusion-cdn|rtc,harmonyos|restful,convert to Fumadocs include or statically inline after dependency review,ready_for_mapping,medium,,referenced_by_count=7; generated=2026-07-02T10:27:25.467Z
shared/product-name/var.mdx,,,0,product-name,,convert to Fumadocs include or statically inline after dependency review,needs_review,medium,"No direct references found in scanned source pages; decide whether to migrate as reusable content, archive, or drop.",referenced_by_count=0; generated=2026-07-02T10:27:25.467Z
shared/rtm2/_channel.mdx,docs-api-reference/dummy-product/toc-configuration/configuration.unity.mdx|docs-api-reference/rtm2/_en/_android/_channel-en.android.mdx|docs-api-reference/rtm2/_en/_android/_configuration-en.android.mdx|docs-api-reference/rtm2/_en/_android/_message-en.android.mdx|docs-api-reference/rtm2/_en/_android/_token-en.android.mdx|docs-api-reference/rtm2/_en/_android/_topic-en.android.mdx|docs-api-reference/rtm2/_en/_cpp/_channel-en.cpp.mdx|docs-api-reference/rtm2/_en/_cpp/_configuration-en.cpp.mdx|docs-api-reference/rtm2/_en/_cpp/_message-en.cpp.mdx|docs-api-reference/rtm2/_en/_cpp/_token-en.cpp.mdx|docs-api-reference/rtm2/_en/_cpp/_topic-en.cpp.mdx|docs-api-reference/rtm2/_en/_flutter/_channel-en.flutter.mdx|docs-api-reference/rtm2/_en/_flutter/_configuration-en.flutter.mdx|docs-api-reference/rtm2/_en/_flutter/_message-en.flutter.mdx|docs-api-reference/rtm2/_en/_flutter/_token-en.flutter.mdx|docs-api-reference/rtm2/_en/_flutter/_topic-en.flutter.mdx|docs-api-reference/rtm2/_en/_harmonyos/_channel-en.harmonyos.mdx|docs-api-reference/rtm2/_en/_harmonyos/_configuration-en.harmonyos.mdx|docs-api-reference/rtm2/_en/_harmonyos/_message-en.harmonyos.mdx|docs-api-reference/rtm2/_en/_harmonyos/_token-en.harmonyos.mdx,,0,dummy-product|rtm2,android|cpp|flutter|harmonyos|ios|javascript|swift|unity,convert to Fumadocs include or statically inline after dependency review,ready_for_mapping,medium,,referenced_by_count=121; generated=2026-07-02T10:27:25.467Z
shared/rtm2/_configuration.mdx,docs-api-reference/dummy-product/toc-configuration/configuration.unity.mdx|docs-api-reference/rtm2/_en/_android/_channel-en.android.mdx|docs-api-reference/rtm2/_en/_android/_configuration-en.android.mdx|docs-api-reference/rtm2/_en/_android/_enumv-en.mdx|docs-api-reference/rtm2/_en/_android/_lock-en.android.mdx|docs-api-reference/rtm2/_en/_android/_message-en.android.mdx|docs-api-reference/rtm2/_en/_android/_presence-en.android.mdx|docs-api-reference/rtm2/_en/_android/_storage-en.android.mdx|docs-api-reference/rtm2/_en/_android/_token-en.android.mdx|docs-api-reference/rtm2/_en/_android/_topic-en.android.mdx|docs-api-reference/rtm2/_en/_cpp/_channel-en.cpp.mdx|docs-api-reference/rtm2/_en/_cpp/_configuration-en.cpp.mdx|docs-api-reference/rtm2/_en/_cpp/_enumv-en.mdx|docs-api-reference/rtm2/_en/_cpp/_lock-en.cpp.mdx|docs-api-reference/rtm2/_en/_cpp/_message-en.cpp.mdx|docs-api-reference/rtm2/_en/_cpp/_presence-en.cpp.mdx|docs-api-reference/rtm2/_en/_cpp/_storage-en.cpp.mdx|docs-api-reference/rtm2/_en/_cpp/_token-en.cpp.mdx|docs-api-reference/rtm2/_en/_cpp/_topic-en.cpp.mdx|docs-api-reference/rtm2/_en/_flutter/_channel-en.flutter.mdx,,0,dummy-product|faq|rtm2,android|cpp|flutter|harmonyos|ios|javascript|swift|unity,convert to Fumadocs include or statically inline after dependency review,ready_for_mapping,medium,,referenced_by_count=196; generated=2026-07-02T10:27:25.467Z
shared/rtm2/_enumv.mdx,docs-api-reference/dummy-product/toc-configuration/configuration.unity.mdx|docs-api-reference/rtm2/_en/_android/_channel-en.android.mdx|docs-api-reference/rtm2/_en/_android/_configuration-en.android.mdx|docs-api-reference/rtm2/_en/_android/_enumv-en.mdx|docs-api-reference/rtm2/_en/_android/_lock-en.android.mdx|docs-api-reference/rtm2/_en/_android/_message-en.android.mdx|docs-api-reference/rtm2/_en/_android/_presence-en.android.mdx|docs-api-reference/rtm2/_en/_android/_storage-en.android.mdx|docs-api-reference/rtm2/_en/_android/_token-en.android.mdx|docs-api-reference/rtm2/_en/_android/_topic-en.android.mdx|docs-api-reference/rtm2/_en/_cpp/_channel-en.cpp.mdx|docs-api-reference/rtm2/_en/_cpp/_configuration-en.cpp.mdx|docs-api-reference/rtm2/_en/_cpp/_enumv-en.mdx|docs-api-reference/rtm2/_en/_cpp/_lock-en.cpp.mdx|docs-api-reference/rtm2/_en/_cpp/_message-en.cpp.mdx|docs-api-reference/rtm2/_en/_cpp/_presence-en.cpp.mdx|docs-api-reference/rtm2/_en/_cpp/_storage-en.cpp.mdx|docs-api-reference/rtm2/_en/_cpp/_token-en.cpp.mdx|docs-api-reference/rtm2/_en/_cpp/_topic-en.cpp.mdx|docs-api-reference/rtm2/_en/_flutter/_channel-en.flutter.mdx,,0,dummy-product|faq|rtm2,android|cpp|flutter|harmonyos|ios|javascript|swift|unity,convert to Fumadocs include or statically inline after dependency review,ready_for_mapping,medium,,referenced_by_count=188; generated=2026-07-02T10:27:25.467Z
shared/rtm2/_error-codes.mdx,docs-api-reference/rtm2/_en/_android/_token-en.android.mdx|docs-api-reference/rtm2/_en/_cpp/_channel-en.cpp.mdx|docs-api-reference/rtm2/_en/_cpp/_configuration-en.cpp.mdx|docs-api-reference/rtm2/_en/_cpp/_lock-en.cpp.mdx|docs-api-reference/rtm2/_en/_cpp/_message-en.cpp.mdx|docs-api-reference/rtm2/_en/_cpp/_presence-en.cpp.mdx|docs-api-reference/rtm2/_en/_cpp/_token-en.cpp.mdx|docs-api-reference/rtm2/_en/_cpp/_topic-en.cpp.mdx|docs-api-reference/rtm2/_en/_flutter/_channel-en.flutter.mdx|docs-api-reference/rtm2/_en/_harmonyos/_channel-en.harmonyos.mdx|docs-api-reference/rtm2/_en/_harmonyos/_configuration-en.harmonyos.mdx|docs-api-reference/rtm2/_en/_harmonyos/_lock-en.harmonyos.mdx|docs-api-reference/rtm2/_en/_harmonyos/_message-en.harmonyos.mdx|docs-api-reference/rtm2/_en/_harmonyos/_presence-en.harmonyos.mdx|docs-api-reference/rtm2/_en/_harmonyos/_token-en.harmonyos.mdx|docs-api-reference/rtm2/_en/_harmonyos/_topic-en.harmonyos.mdx|docs-api-reference/rtm2/_en/_ios/_token-en.ios.mdx|docs-api-reference/rtm2/_en/_javascript/_token-en.javascript.mdx|docs-api-reference/rtm2/_en/_swift/_token-en.swift.mdx|docs-api-reference/rtm2/toc-channel/channel.cpp.mdx,,0,rtm2,android|cpp|flutter|harmonyos|ios|javascript|swift|unity,convert to Fumadocs include or statically inline after dependency review,ready_for_mapping,medium,,referenced_by_count=51; generated=2026-07-02T10:27:25.467Z
shared/rtm2/_linkstateevent-en.mdx,,shared/rtm2/_enumv.mdx|shared/rtm2/_topic.mdx,1,rtm2,,convert to Fumadocs include or statically inline after dependency review,needs_review,medium,"No direct references found in scanned source pages; decide whether to migrate as reusable content, archive, or drop.",referenced_by_count=0; generated=2026-07-02T10:27:25.467Z
shared/rtm2/_linkstateevent.mdx,docs/rtm2/user-guide/link/link-basic.android.ios.swift.flutter.cpp.javascript.harmonyos.mdx|docs/rtm2/user-guide/link/link-state.android.ios.swift.flutter.cpp.javascript.harmonyos.mdx,shared/rtm2/_enumv.mdx|shared/rtm2/_topic.mdx,1,rtm2,android|cpp|flutter|harmonyos|ios|javascript|swift,convert to Fumadocs include or statically inline after dependency review,needs_review,high,Nested shared dependencies require include-depth review and static expansion decision.,referenced_by_count=2; generated=2026-07-02T10:27:25.467Z
shared/rtm2/_lock.mdx,docs-api-reference/rtm2/_en/_android/_configuration-en.android.mdx|docs-api-reference/rtm2/_en/_android/_lock-en.android.mdx|docs-api-reference/rtm2/_en/_android/_storage-en.android.mdx|docs-api-reference/rtm2/_en/_cpp/_configuration-en.cpp.mdx|docs-api-reference/rtm2/_en/_cpp/_lock-en.cpp.mdx|docs-api-reference/rtm2/_en/_cpp/_storage-en.cpp.mdx|docs-api-reference/rtm2/_en/_flutter/_configuration-en.flutter.mdx|docs-api-reference/rtm2/_en/_flutter/_lock-en.flutter.mdx|docs-api-reference/rtm2/_en/_flutter/_storage-en.flutter.mdx|docs-api-reference/rtm2/_en/_harmonyos/_configuration-en.harmonyos.mdx|docs-api-reference/rtm2/_en/_harmonyos/_lock-en.harmonyos.mdx|docs-api-reference/rtm2/_en/_harmonyos/_storage-en.harmonyos.mdx|docs-api-reference/rtm2/_en/_ios/_configuration-en.ios.mdx|docs-api-reference/rtm2/_en/_ios/_lock-en.ios.mdx|docs-api-reference/rtm2/_en/_ios/_storage-en.ios.mdx|docs-api-reference/rtm2/_en/_javascript/_lock-en.javascript.mdx|docs-api-reference/rtm2/_en/_javascript/_storage-en.javascript.mdx|docs-api-reference/rtm2/_en/_swift/_configuration-en.swift.mdx|docs-api-reference/rtm2/_en/_swift/_lock-en.swift.mdx|docs-api-reference/rtm2/_en/_swift/_storage-en.swift.mdx,,0,dummy-product|rtm2,android|cpp|flutter|harmonyos|ios|javascript|swift|unity,convert to Fumadocs include or statically inline after dependency review,ready_for_mapping,medium,,referenced_by_count=73; generated=2026-07-02T10:27:25.467Z
shared/rtm2/_message.mdx,docs-api-reference/rtm2/_en/_android/_message-en.android.mdx|docs-api-reference/rtm2/_en/_android/_token-en.android.mdx|docs-api-reference/rtm2/_en/_android/_topic-en.android.mdx|docs-api-reference/rtm2/_en/_cpp/_message-en.cpp.mdx|docs-api-reference/rtm2/_en/_cpp/_token-en.cpp.mdx|docs-api-reference/rtm2/_en/_cpp/_topic-en.cpp.mdx|docs-api-reference/rtm2/_en/_flutter/_message-en.flutter.mdx|docs-api-reference/rtm2/_en/_flutter/_token-en.flutter.mdx|docs-api-reference/rtm2/_en/_flutter/_topic-en.flutter.mdx|docs-api-reference/rtm2/_en/_harmonyos/_message-en.harmonyos.mdx|docs-api-reference/rtm2/_en/_harmonyos/_token-en.harmonyos.mdx|docs-api-reference/rtm2/_en/_harmonyos/_topic-en.harmonyos.mdx|docs-api-reference/rtm2/_en/_ios/_message-en.ios.mdx|docs-api-reference/rtm2/_en/_ios/_token-en.ios.mdx|docs-api-reference/rtm2/_en/_ios/_topic-en.ios.mdx|docs-api-reference/rtm2/_en/_javascript/_message-en.javascript.mdx|docs-api-reference/rtm2/_en/_javascript/_token-en.javascript.mdx|docs-api-reference/rtm2/_en/_swift/_message-en.swift.mdx|docs-api-reference/rtm2/_en/_swift/_token-en.swift.mdx|docs-api-reference/rtm2/_en/_swift/_topic-en.swift.mdx,,0,dummy-product|rtm2,android|cpp|flutter|harmonyos|ios|javascript|swift|unity,convert to Fumadocs include or statically inline after dependency review,ready_for_mapping,medium,,referenced_by_count=78; generated=2026-07-02T10:27:25.467Z
shared/rtm2/_prerequisites.mdx,docs/rtm2/get-started/quick-start.android.mdx|docs/rtm2/get-started/quick-start.cpp.mdx|docs/rtm2/get-started/quick-start.flutter.mdx|docs/rtm2/get-started/quick-start.harmonyos.mdx|docs/rtm2/get-started/quick-start.ios.mdx|docs/rtm2/get-started/quick-start.javascript.mdx|docs/rtm2/get-started/quick-start.swift.mdx|docs/rtm2/get-started/quick-start.unity.mdx,,0,rtm2,android|cpp|flutter|harmonyos|ios|javascript|swift|unity,convert to Fumadocs include or statically inline after dependency review,ready_for_mapping,medium,,referenced_by_count=8; generated=2026-07-02T10:27:25.467Z
shared/rtm2/_presence.mdx,docs-api-reference/rtm2/_en/_android/_channel-en.android.mdx|docs-api-reference/rtm2/_en/_android/_configuration-en.android.mdx|docs-api-reference/rtm2/_en/_android/_enumv-en.mdx|docs-api-reference/rtm2/_en/_android/_presence-en.android.mdx|docs-api-reference/rtm2/_en/_cpp/_channel-en.cpp.mdx|docs-api-reference/rtm2/_en/_cpp/_configuration-en.cpp.mdx|docs-api-reference/rtm2/_en/_cpp/_enumv-en.mdx|docs-api-reference/rtm2/_en/_cpp/_presence-en.cpp.mdx|docs-api-reference/rtm2/_en/_flutter/_channel-en.flutter.mdx|docs-api-reference/rtm2/_en/_flutter/_configuration-en.flutter.mdx|docs-api-reference/rtm2/_en/_flutter/_enumv-en.mdx|docs-api-reference/rtm2/_en/_flutter/_presence-en.flutter.mdx|docs-api-reference/rtm2/_en/_harmonyos/_channel-en.harmonyos.mdx|docs-api-reference/rtm2/_en/_harmonyos/_configuration-en.harmonyos.mdx|docs-api-reference/rtm2/_en/_harmonyos/_enumv-en.mdx|docs-api-reference/rtm2/_en/_harmonyos/_presence-en.harmonyos.mdx|docs-api-reference/rtm2/_en/_ios/_channel-en.ios.mdx|docs-api-reference/rtm2/_en/_ios/_configuration-en.ios.mdx|docs-api-reference/rtm2/_en/_ios/_enumv-en.mdx|docs-api-reference/rtm2/_en/_ios/_presence-en.ios.mdx,,0,dummy-product|rtm2,android|cpp|flutter|harmonyos|ios|javascript|swift|unity,convert to Fumadocs include or statically inline after dependency review,ready_for_mapping,medium,,referenced_by_count=82; generated=2026-07-02T10:27:25.467Z
shared/rtm2/_presenceevent.mdx,docs/rtm2/user-guide/presence/event.mdx,,0,rtm2,,convert to Fumadocs include or statically inline after dependency review,ready_for_mapping,medium,,referenced_by_count=1; generated=2026-07-02T10:27:25.467Z
shared/rtm2/_rtmstatus-en.mdx,,,0,rtm2,,convert to Fumadocs include or statically inline after dependency review,needs_review,medium,"No direct references found in scanned source pages; decide whether to migrate as reusable content, archive, or drop.",referenced_by_count=0; generated=2026-07-02T10:27:25.467Z
shared/rtm2/_rtmstatus.mdx,docs-api-reference/dummy-product/toc-configuration/configuration.unity.mdx|docs-api-reference/rtm2/_en/_android/_lock-en.android.mdx|docs-api-reference/rtm2/_en/_android/_message-en.android.mdx|docs-api-reference/rtm2/_en/_android/_presence-en.android.mdx|docs-api-reference/rtm2/_en/_android/_storage-en.android.mdx|docs-api-reference/rtm2/_en/_android/_topic-en.android.mdx|docs-api-reference/rtm2/_en/_cpp/_lock-en.cpp.mdx|docs-api-reference/rtm2/_en/_cpp/_message-en.cpp.mdx|docs-api-reference/rtm2/_en/_cpp/_presence-en.cpp.mdx|docs-api-reference/rtm2/_en/_cpp/_storage-en.cpp.mdx|docs-api-reference/rtm2/_en/_cpp/_topic-en.cpp.mdx|docs-api-reference/rtm2/_en/_flutter/_channel-en.flutter.mdx|docs-api-reference/rtm2/_en/_flutter/_lock-en.flutter.mdx|docs-api-reference/rtm2/_en/_flutter/_message-en.flutter.mdx|docs-api-reference/rtm2/_en/_flutter/_presence-en.flutter.mdx|docs-api-reference/rtm2/_en/_flutter/_storage-en.flutter.mdx|docs-api-reference/rtm2/_en/_flutter/_topic-en.flutter.mdx|docs-api-reference/rtm2/_en/_harmonyos/_lock-en.harmonyos.mdx|docs-api-reference/rtm2/_en/_harmonyos/_message-en.harmonyos.mdx|docs-api-reference/rtm2/_en/_harmonyos/_presence-en.harmonyos.mdx,,0,dummy-product|rtm2,android|cpp|flutter|harmonyos|ios|javascript|rn|swift|unity,convert to Fumadocs include or statically inline after dependency review,ready_for_mapping,medium,,referenced_by_count=111; generated=2026-07-02T10:27:25.467Z
shared/rtm2/_sdkdownload.mdx,docs-api-reference/rtm2/_en/_rn/configuration.mdx|docs-api-reference/rtm2/toc-configuration/configuration.javascript.mdx|docs-api-reference/rtm2/toc-configuration/configuration.rn.mdx|docs/rtm2/get-started/quick-start.android.mdx|docs/rtm2/get-started/quick-start.cpp.mdx|docs/rtm2/get-started/quick-start.flutter.mdx|docs/rtm2/get-started/quick-start.harmonyos.mdx|docs/rtm2/get-started/quick-start.ios.mdx|docs/rtm2/get-started/quick-start.javascript.mdx|docs/rtm2/get-started/quick-start.swift.mdx|docs/rtm2/get-started/quick-start.unity.mdx|docs/rtm2/user-guide/setup/application-setup.mdx,,0,rtm2,android|cpp|flutter|harmonyos|ios|javascript|rn|swift|unity,convert to Fumadocs include or statically inline after dependency review,ready_for_mapping,medium,,referenced_by_count=12; generated=2026-07-02T10:27:25.467Z
shared/rtm2/_stateitem-en.mdx,,,0,rtm2,,convert to Fumadocs include or statically inline after dependency review,needs_review,medium,"No direct references found in scanned source pages; decide whether to migrate as reusable content, archive, or drop.",referenced_by_count=0; generated=2026-07-02T10:27:25.467Z
shared/rtm2/_stateitem.mdx,docs-api-reference/rtm2/_en/_android/_presence-en.android.mdx|docs-api-reference/rtm2/_en/_cpp/_presence-en.cpp.mdx|docs-api-reference/rtm2/_en/_harmonyos/_presence-en.harmonyos.mdx|docs-api-reference/rtm2/_en/_ios/_configuration-en.ios.mdx|docs-api-reference/rtm2/_en/_ios/_presence-en.ios.mdx|docs-api-reference/rtm2/_en/_javascript/_presence-en.javascript.mdx|docs-api-reference/rtm2/_en/_swift/_presence-en.swift.mdx|docs-api-reference/rtm2/_en/_unity/_presence-en.unity.mdx|docs-api-reference/rtm2/toc-configuration/configuration.cpp.mdx|docs-api-reference/rtm2/toc-configuration/configuration.harmonyos.mdx|docs-api-reference/rtm2/toc-presence/presence.cpp.mdx|docs-api-reference/rtm2/toc-presence/presence.harmonyos.mdx|docs-api-reference/rtm2/toc-presence/presence.unity.mdx|docs/rtm2/user-guide/presence/event.mdx,,0,rtm2,android|cpp|harmonyos|ios|javascript|swift|unity,convert to Fumadocs include or statically inline after dependency review,ready_for_mapping,medium,,referenced_by_count=14; generated=2026-07-02T10:27:25.467Z
shared/rtm2/_storage.mdx,docs-api-reference/rtm2/_en/_android/_configuration-en.android.mdx|docs-api-reference/rtm2/_en/_android/_enumv-en.mdx|docs-api-reference/rtm2/_en/_android/_presence-en.android.mdx|docs-api-reference/rtm2/_en/_android/_storage-en.android.mdx|docs-api-reference/rtm2/_en/_cpp/_configuration-en.cpp.mdx|docs-api-reference/rtm2/_en/_cpp/_enumv-en.mdx|docs-api-reference/rtm2/_en/_cpp/_presence-en.cpp.mdx|docs-api-reference/rtm2/_en/_cpp/_storage-en.cpp.mdx|docs-api-reference/rtm2/_en/_flutter/_configuration-en.flutter.mdx|docs-api-reference/rtm2/_en/_flutter/_enumv-en.mdx|docs-api-reference/rtm2/_en/_flutter/_presence-en.flutter.mdx|docs-api-reference/rtm2/_en/_flutter/_storage-en.flutter.mdx|docs-api-reference/rtm2/_en/_harmonyos/_configuration-en.harmonyos.mdx|docs-api-reference/rtm2/_en/_harmonyos/_enumv-en.mdx|docs-api-reference/rtm2/_en/_harmonyos/_presence-en.harmonyos.mdx|docs-api-reference/rtm2/_en/_harmonyos/_storage-en.harmonyos.mdx|docs-api-reference/rtm2/_en/_ios/_configuration-en.ios.mdx|docs-api-reference/rtm2/_en/_ios/_enumv-en.mdx|docs-api-reference/rtm2/_en/_ios/_presence-en.ios.mdx|docs-api-reference/rtm2/_en/_ios/_storage-en.ios.mdx,,0,dummy-product|rtm2,android|cpp|flutter|harmonyos|ios|javascript|swift|unity,convert to Fumadocs include or statically inline after dependency review,ready_for_mapping,medium,,referenced_by_count=84; generated=2026-07-02T10:27:25.467Z
shared/rtm2/_storageevent.mdx,docs/rtm2/user-guide/storage/event.mdx,,0,rtm2,,convert to Fumadocs include or statically inline after dependency review,ready_for_mapping,medium,,referenced_by_count=1; generated=2026-07-02T10:27:25.467Z
shared/rtm2/_token.mdx,docs-api-reference/rtm2/_en/_android/_token-en.android.mdx|docs-api-reference/rtm2/_en/_cpp/_token-en.cpp.mdx|docs-api-reference/rtm2/_en/_flutter/_token-en.flutter.mdx|docs-api-reference/rtm2/_en/_harmonyos/_token-en.harmonyos.mdx|docs-api-reference/rtm2/_en/_ios/_token-en.ios.mdx|docs-api-reference/rtm2/_en/_javascript/_token-en.javascript.mdx|docs-api-reference/rtm2/_en/_swift/_token-en.swift.mdx|docs-api-reference/rtm2/toc-token/token.android.mdx|docs-api-reference/rtm2/toc-token/token.cpp.mdx|docs-api-reference/rtm2/toc-token/token.flutter.mdx|docs-api-reference/rtm2/toc-token/token.harmonyos.mdx|docs-api-reference/rtm2/toc-token/token.ios.mdx|docs-api-reference/rtm2/toc-token/token.javascript.mdx|docs-api-reference/rtm2/toc-token/token.swift.mdx|docs-api-reference/rtm2/toc-token/token.unity.mdx|docs/rtm2/overview/billing/billing-rules.mdx,,0,rtm2,android|cpp|flutter|harmonyos|ios|javascript|swift|unity,convert to Fumadocs include or statically inline after dependency review,ready_for_mapping,medium,,referenced_by_count=16; generated=2026-07-02T10:27:25.467Z
shared/rtm2/_topic.mdx,docs-api-reference/rtm2/_en/_android/_channel-en.android.mdx|docs-api-reference/rtm2/_en/_android/_message-en.android.mdx|docs-api-reference/rtm2/_en/_android/_token-en.android.mdx|docs-api-reference/rtm2/_en/_android/_topic-en.android.mdx|docs-api-reference/rtm2/_en/_cpp/_channel-en.cpp.mdx|docs-api-reference/rtm2/_en/_cpp/_message-en.cpp.mdx|docs-api-reference/rtm2/_en/_cpp/_token-en.cpp.mdx|docs-api-reference/rtm2/_en/_cpp/_topic-en.cpp.mdx|docs-api-reference/rtm2/_en/_flutter/_channel-en.flutter.mdx|docs-api-reference/rtm2/_en/_flutter/_message-en.flutter.mdx|docs-api-reference/rtm2/_en/_flutter/_token-en.flutter.mdx|docs-api-reference/rtm2/_en/_flutter/_topic-en.flutter.mdx|docs-api-reference/rtm2/_en/_harmonyos/_channel-en.harmonyos.mdx|docs-api-reference/rtm2/_en/_harmonyos/_message-en.harmonyos.mdx|docs-api-reference/rtm2/_en/_harmonyos/_token-en.harmonyos.mdx|docs-api-reference/rtm2/_en/_harmonyos/_topic-en.harmonyos.mdx|docs-api-reference/rtm2/_en/_ios/_channel-en.ios.mdx|docs-api-reference/rtm2/_en/_ios/_message-en.ios.mdx|docs-api-reference/rtm2/_en/_ios/_token-en.ios.mdx|docs-api-reference/rtm2/_en/_ios/_topic-en.ios.mdx,,0,dummy-product|rtm2,android|cpp|flutter|harmonyos|ios|javascript|swift|unity,convert to Fumadocs include or statically inline after dependency review,ready_for_mapping,medium,,referenced_by_count=102; generated=2026-07-02T10:27:25.467Z
shared/rtm2/_topicevent.mdx,docs/rtm2/user-guide/topic/event.mdx,shared/rtm2/_enumv.mdx|shared/rtm2/_topic.mdx,1,rtm2,,convert to Fumadocs include or statically inline after dependency review,needs_review,high,Nested shared dependencies require include-depth review and static expansion decision.,referenced_by_count=1; generated=2026-07-02T10:27:25.467Z
shared/rtsa/license.mdx,docs/iot-apaas/get-started/license.mdx|docs/rtsa/basic-features/license.mdx,docs/shared/rtsc/switch-domain.mdx,1,iot-apaas|rtsa,,convert to Fumadocs include or statically inline after dependency review,needs_review,high,Nested shared dependencies require include-depth review and static expansion decision.,referenced_by_count=2; generated=2026-07-02T10:27:25.467Z
shared/rtsa/var.mdx,docs/rtsa/advanced-features/send-message-through-rdt-channel.mdx,,0,rtsa,,convert to Fumadocs include or statically inline after dependency review,ready_for_mapping,medium,,referenced_by_count=1; generated=2026-07-02T10:27:25.467Z
shared/security/apply-regulation-1.mdx,docs-basics/security/_rtsa-sdk.mdx|docs-basics/security/flexible-classroom-sdk.mdx|docs-basics/security/video-sdk.mdx|docs-basics/security/voice-sdk.mdx|docs/rtm2/security.mdx,,0,basics|rtm2,,convert to Fumadocs include or statically inline after dependency review,ready_for_mapping,medium,,referenced_by_count=5; generated=2026-07-02T10:27:25.467Z
shared/security/apply-regulation-2.mdx,docs-basics/security/_rtsa-sdk.mdx|docs-basics/security/fastboard-sdk.mdx|docs-basics/security/flexible-classroom-sdk.mdx|docs-basics/security/video-sdk.mdx|docs-basics/security/voice-sdk.mdx|docs-basics/security/whiteboard-sdk.mdx|docs/rtm2/security.mdx,,0,basics|rtm2,,convert to Fumadocs include or statically inline after dependency review,ready_for_mapping,medium,,referenced_by_count=7; generated=2026-07-02T10:27:25.467Z
shared/smart-camera/advanced-feature.mdx,docs/smart-camera/advanced-feature.mdx|docs/smart-doorbell/paas/advanced-feature.mdx,,0,smart-camera|smart-doorbell,,convert to Fumadocs include or statically inline after dependency review,ready_for_mapping,medium,,referenced_by_count=2; generated=2026-07-02T10:27:25.467Z
shared/smart-camera/amazon-alexa.mdx,docs/smart-camera/value-added-feature/amazon-alexa.mdx|docs/smart-doorbell/paas/value-added-feature/amazon-alexa.mdx,,0,smart-camera|smart-doorbell,,convert to Fumadocs include or statically inline after dependency review,ready_for_mapping,medium,,referenced_by_count=2; generated=2026-07-02T10:27:25.467Z
shared/smart-camera/google-assistant.mdx,docs/smart-camera/value-added-feature/google-assistant.mdx|docs/smart-doorbell/paas/value-added-feature/google-assistant.mdx,,0,smart-camera|smart-doorbell,,convert to Fumadocs include or statically inline after dependency review,ready_for_mapping,medium,,referenced_by_count=2; generated=2026-07-02T10:27:25.467Z
shared/smart-camera/quick-start.mdx,docs/smart-camera/get-started/quick-start.mdx|docs/smart-doorbell/paas/get-started/quick-start.mdx,,0,smart-camera|smart-doorbell,,convert to Fumadocs include or statically inline after dependency review,ready_for_mapping,medium,,referenced_by_count=2; generated=2026-07-02T10:27:25.467Z
shared/test.mdx,docs/dummy-product/test/toc.mdx|docs/dummy-product/test/toc2.mdx,,0,dummy-product,,convert to Fumadocs include or statically inline after dependency review,ready_for_mapping,medium,,referenced_by_count=2; generated=2026-07-02T10:27:25.467Z
